-- phpMyAdmin SQL Dump
-- version 4.4.14
-- http://www.phpmyadmin.net
--
-- Host: 127.0.0.1
-- Generation Time: Feb 25, 2016 at 05:47 AM
-- Server version: 5.6.26
-- PHP Version: 5.6.12

SET SQL_MODE = "NO_AUTO_VALUE_ON_ZERO";
SET time_zone = "+00:00";


/*!40101 SET @OLD_CHARACTER_SET_CLIENT=@@CHARACTER_SET_CLIENT */;
/*!40101 SET @OLD_CHARACTER_SET_RESULTS=@@CHARACTER_SET_RESULTS */;
/*!40101 SET @OLD_COLLATION_CONNECTION=@@COLLATION_CONNECTION */;
/*!40101 SET NAMES utf8mb4 */;

--
-- Database: `imsn_db`
--

-- --------------------------------------------------------

--
-- Table structure for table `sms_address`
--

CREATE TABLE IF NOT EXISTS `sms_address` (
  `id` int(11) NOT NULL,
  `address_line` varchar(150) NOT NULL,
  `district` int(5) NOT NULL,
  `thana` int(5) NOT NULL,
  `post_office_id` int(5) NOT NULL
) ENGINE=InnoDB AUTO_INCREMENT=1681 DEFAULT CHARSET=latin1;

--
-- Dumping data for table `sms_address`
--

INSERT INTO `sms_address` (`id`, `address_line`, `district`, `thana`, `post_office_id`) VALUES
(1, 'Dak Banglo Para', 43, 354, 5064),
(2, 'Kafrikhal', 32, 262, 4030),
(3, '230/2, Mamtaj Neer, Sagorpara', 38, 495, 8020),
(4, 'Kalpanayatan, Mohila College Road', 42, 347, 4970),
(5, 'House:330, Sector No-1,Uposahar', 38, 495, 8023),
(6, 'Seroil Colony', 38, 315, 4604),
(7, 'Daspukur GPO Rajshahi', 38, 315, 0),
(8, 'Mohisbatan Rajpara Rajpara', 38, 315, 0),
(9, 'Seroil Ghoramara Rajshahi', 38, 315, 4604),
(10, 'Paara Mediacal Road Rajshahir', 38, 315, 4593),
(11, 'Upashor Rajshahi', 38, 315, 4604),
(12, 'Rajpara Rajshahi', 38, 315, 4593),
(13, '359 Raninagor', 38, 0, 0),
(14, 'Borokhutipara Boalia Rajshahi', 38, 315, 4604),
(15, 'H-24 Upashor', 38, 315, 0),
(16, 'Professors Park(5th Floor),17/1,Sultanabad', 38, 315, 0),
(17, 'House no-630,Sector no-1,Post-Sopura', 38, 315, 0),
(18, 'Keshobpur Rajpara Rajshahi', 38, 0, 0),
(19, 'Sagorpara Rajshai', 38, 315, 0),
(20, 'Boaliapara Ghoramara Rajshahi', 38, 315, 4604),
(21, 'Chotobongram Boalia Rajshahi', 38, 315, 4604),
(22, '148 Ambagan ', 38, 315, 4607),
(23, '74/3 Housing State Sopura', 38, 315, 4607),
(24, 'Upashor Housing State Rajshahi', 38, 315, 4607),
(25, 'G-19 Ranibazar Boalia Rajshahi', 38, 315, 4604),
(26, 'Kazihata Rajpara Rajshahi', 38, 315, 4593),
(27, 'Shalbagan Boalia Rajshahi', 38, 315, 4604),
(28, 'Medical College Campus', 38, 315, 4593),
(29, 'House-46/2 JCO Qtr. Rajshahi Cantonment', 38, 315, 4607),
(30, 'West- 81/E,University of Rajshahi campus', 38, 316, 0),
(31, 'Seroil Colony', 38, 315, 4604),
(32, 'Rajshahi Cantonment Rajshahi', 38, 315, 4607),
(33, 'Paba para Sahamukdom Rajshahi', 38, 315, 4608),
(34, 'Ahmed Nagor', 38, 315, 4608),
(35, '233/3 Housing Estate, Upashahar sopura Rajshahi', 38, 315, 4607),
(36, '02/1 Chotobongram Boalia Rajshahi', 38, 315, 4604),
(37, '371 Upashor Rajshahi', 38, 315, 0),
(38, '240/2 Karobi Uposhor Rajshahi', 38, 315, 4607),
(39, 'Terokhadia Paschimpara', 38, 315, 0),
(40, 'HG-343 Dashpukur', 38, 315, 4593),
(41, 'Boalia Thana more Boalia Rajshahi', 38, 315, 0),
(42, 'W-82/B R.U Rajshahi', 38, 315, 4609),
(43, 'Laxmipur Vatapara Rajshahi', 38, 315, 4593),
(44, '52/2 Officers Qtr.', 38, 315, 4606),
(45, 'Rajshahi Cantonment Rajshahi', 38, 315, 4608),
(46, 'Upashor Housing State Rajshahi', 38, 315, 4607),
(47, '232/A Sagorpara', 38, 315, 0),
(48, 'House no-225, Patan Para,G.P.O-6000', 38, 316, 0),
(49, 'House no-225, Patan Para,G.P.O-6000', 38, 315, 4604),
(50, '118/2 Sagorpara', 38, 315, 4604),
(51, 'Terokhadia Uttarpara Rajshahi', 38, 315, 4607),
(52, 'Upashor Housing State Rajshahi', 38, 315, 4607),
(53, 'Jhawtola Laxmipur Rajshahi', 38, 315, 4593),
(54, '6/9 Shersha road Kazihata', 38, 315, 4593),
(55, 'Birc, Rajshahi Cantonment', 38, 315, 0),
(56, 'Kathali bazar Mothiher Rajshahi', 38, 315, 0),
(57, 'DGFI', 38, 315, 4593),
(58, '401 Hatemkhan Ghoramara Rajshahi', 38, 315, 4604),
(59, 'Raninagor Boalia Rajshahi', 38, 315, 0),
(60, '45/3 Upashor Rajshahi', 38, 315, 4604),
(61, '267 Baliapukur Rajshahi', 38, 315, 4604),
(62, '131 Debising poara Kazla Rajshahi', 38, 315, 0),
(63, 'Bohorompur GPO Rajshahi', 38, 315, 4593),
(64, 'Terokhadia GPO Rajshahi', 38, 315, 4607),
(65, '360 Baharampur', 38, 315, 4593),
(66, 'Ambagan Rajshahi', 38, 315, 4593),
(67, 'S.R Plaza,Sonadighir More,Malopara,Ghoramara', 38, 315, 0),
(68, '111 Chowddopai', 38, 315, 4593),
(69, '211/3 Upashor', 38, 315, 4607),
(70, '165/2, Uposhahar, Rajshahi Cantonment, Rajshahi', 38, 315, 4608),
(71, 'H-Jinna Nagor', 38, 315, 4608),
(72, '45/3 Rajshahi Cantonment', 38, 315, 4608),
(73, 'Collage Nawdapara', 38, 315, 4608),
(74, 'BIRC (TRGBN) rajcpsc', 38, 315, 4608),
(75, 'Adming Wing', 38, 315, 4608),
(76, '314 Horogram', 38, 315, 4593),
(77, 'Mohila Tecnical', 38, 315, 4608),
(78, '116/2 Baliapukur', 38, 315, 4604),
(79, 'Nawhata', 38, 315, 4604),
(80, '144/3 Upashor', 38, 315, 4604),
(81, 'Notunpara', 38, 315, 4607),
(82, 'Hatemkhan 88 Rajshahi', 38, 315, 4604),
(83, 'UNO Paba Rajshahi', 38, 315, 4607),
(84, 'A/158 Upashor Rajshahi', 38, 315, 4604),
(85, '68/1 Match Factory more Sopura', 38, 315, 4608),
(86, '506 Dorikhorbona Upashor Rajshahi', 38, 315, 4604),
(87, '18 Asam Colony Sopura Rajshahi', 38, 315, 4608),
(88, '66/A Terokhadia Rajshahi', 38, 315, 4607),
(89, 'Sujanagor Sopura Rajshahi', 38, 315, 0),
(90, 'H-126 Sec-01 Upashor Rajshahi', 38, 315, 4604),
(91, 'Daspukur GPO Rajshahi', 38, 315, 4593),
(92, 'Upashor Housing State Rajshahi', 38, 315, 4604),
(93, '9/2 Paba para Sopura', 38, 315, 0),
(94, 'Mohisbatan Vatapara', 38, 315, 4606),
(95, 'Uposhor 211', 38, 315, 4604),
(96, 'Uposhor 211', 38, 315, 4604),
(97, '248 Kadirgonj', 38, 315, 4604),
(98, '248 Kadirgonj', 38, 315, 4604),
(99, 'Mothurdanga Sopura', 38, 315, 4604),
(100, 'Mothurdanga Sopura', 38, 315, 4604),
(101, 'B-384 Uposhor', 38, 315, 4604),
(102, 'B-384 Uposhor', 38, 0, 4512),
(103, '233/3 Upashor', 38, 315, 4604),
(104, '233/3 Upashor', 38, 315, 4604),
(105, 'H-73 Bohorompur', 38, 315, 4604),
(106, 'H-73 Bohorompur', 38, 315, 4604),
(107, 'Teorkhadia', 38, 315, 4593),
(108, 'Teorkhadia', 38, 315, 4593),
(109, '608 Seroil', 38, 315, 4604),
(110, '608 Seroil', 38, 315, 4604),
(111, 'Teacher Quarters rajcpsc', 38, 315, 4608),
(112, 'Teacher Quarters rajcpsc', 38, 315, 4608),
(113, 'BIRC Rajshahi', 38, 315, 4608),
(114, 'BIRC Rajshahi', 38, 315, 4608),
(115, 'Shamsunahar Villa', 39, 319, 4643),
(116, 'Shamsunahar Villa', 39, 0, 4643),
(117, 'B425 Upashor Sopura', 38, 315, 4608),
(118, 'B425 Upashor Sopura', 38, 315, 4608),
(119, '46 Nur Vila Ahmednagor', 38, 315, 4608),
(120, '46 Nur Vila Ahmednagor', 38, 315, 4608),
(121, 'Bornali Hatemkhan', 38, 315, 4604),
(122, 'Bornali Hatemkhan', 38, 315, 4604),
(123, '165/2, Uposhahar, Rajshahi Cantonment, Rajshahi', 38, 315, 4608),
(124, '46/2 Housing State Upashor', 38, 315, 4604),
(125, '46/2 Housing State Upashor', 38, 315, 0),
(126, 'BIRC (TRGBN) rajcpsc', 38, 315, 4608),
(127, 'Bosua Uttarpara', 38, 315, 4593),
(128, 'Bosua Uttarpara', 38, 0, 4512),
(129, 'Sagorpara', 38, 315, 4604),
(130, 'Sagorpara', 38, 315, 4604),
(131, 'BIRC (TRGBN) rajcpsc', 38, 315, 4608),
(132, 'BIRC (TRGBN) rajcpsc', 38, 315, 0),
(133, '64 Notubilsimla', 38, 315, 4604),
(134, 'H-Jinna Nagor', 38, 315, 4608),
(135, 'Mohila Tecnical', 38, 315, 4608),
(136, 'H 136 Block-D Dorikhorbona', 38, 315, 4608),
(137, 'H 136 Block-D Dorikhorbona', 38, 315, 4608),
(138, '45/3 Rajshahi Cantonment', 38, 315, 4608),
(139, 'H-90 Zinnah Nagor', 38, 315, 4608),
(140, 'H-90 Zinnah Nagor', 38, 315, 4608),
(141, '144/3 Upashor', 38, 315, 4604),
(142, 'Mohonpur Kakonhat ', 38, 311, 4561),
(143, 'Mohonpur Kakonhat ', 38, 311, 0),
(144, 'H-509 Terokhadia ', 38, 315, 4604),
(145, 'H-509 Terokhadia ', 38, 315, 0),
(146, 'Adming Wing', 38, 315, 4608),
(147, '150 Bohorompur ', 38, 315, 4593),
(148, '150 Bohorompur ', 38, 315, 0),
(149, '292 Hatemkhan', 38, 315, 4604),
(150, '292 Hatemkhan', 38, 315, 4604),
(151, 'Horogram Purbo para', 38, 315, 4593),
(152, 'Horogram Purbo para', 38, 0, 4512),
(153, 'Collage Nawdapara', 38, 315, 4608),
(154, 'Upashor Housing -67', 38, 315, 4593),
(155, 'Huzrapur Khalghat', 39, 319, 4643),
(156, 'Upashor Housing -67', 38, 315, 4593),
(157, 'Upashor Housing -39', 38, 315, 4604),
(158, 'Upashor Housing -39', 38, 315, 4604),
(159, '67/A, Bisic Road, Sopura', 38, 495, 8024),
(160, 'Biraldah', 38, 505, 8036),
(161, 'Road No.: 168/3, Road No.: 03, Uposohor', 38, 495, 8025),
(162, 'H-38 Terokhadia', 38, 315, 4604),
(163, 'Bagmara', 38, 307, 4531),
(164, 'B/459 Upashor Sec-1', 38, 315, 4604),
(165, 'B/459 Upashor Sec-1', 38, 315, 4604),
(166, '128 Hosinigong', 38, 315, 4604),
(167, '128 Hosinigong', 38, 315, 0),
(168, '12/3 Housing State', 38, 315, 4607),
(169, '12/3 Housing State', 38, 315, 4607),
(170, '314 Horogram', 38, 315, 4593),
(171, 'Housingk 386 Padma Abasic', 38, 315, 4593),
(172, 'Housingk 386 Padma Abasic', 38, 315, 4593),
(173, 'Beldarpara ', 38, 315, 4604),
(174, 'Beldarpara ', 38, 315, 4604),
(175, 'Paramedical Laxmipur', 38, 315, 4604),
(176, 'Paramedical Laxmipur', 38, 315, 4604),
(177, 'Nawhata', 38, 315, 4604),
(178, '886 Terokhadia ', 38, 315, 4593),
(179, '886 Terokhadia ', 38, 315, 4593),
(180, '360 Baharpur', 38, 315, 4607),
(181, '360 Baharpur', 38, 315, 4607),
(182, 'Notunpara', 38, 315, 4607),
(183, 'Baghia', 51, 397, 5913),
(184, 'Kandakustia', 6, 39, 529),
(185, '116/2 Baliapukur', 38, 315, 4604),
(186, '438 Ramchandrapur', 38, 315, 4604),
(187, '438 Ramchandrapur', 38, 315, 4604),
(188, 'Bishmillah Mosque Lane', 38, 315, 4593),
(189, 'Bishmillah Mosque Lane', 38, 315, 4593),
(190, '37 BGB', 38, 315, 4608),
(191, '37 BGB', 38, 315, 4608),
(192, '575, Aronnik, Bihari Coloni', 41, 334, 4806),
(193, '63, Terokhadia', 38, 496, 8016),
(194, 'Shibtola', 39, 319, 4643),
(195, 'Rajshahi Centonment', 38, 315, 4604),
(196, 'Rajshahi Centonment', 38, 315, 0),
(197, 'House# 304/A, Upashahar', 38, 495, 8025),
(198, '141/2 Upashor', 38, 315, 4604),
(199, '141/2 Upashor', 38, 315, 4604),
(200, '306/2j Upashor', 38, 315, 4604),
(201, '306/2j Upashor', 38, 0, 4512),
(202, '12/A Borokuthipara', 38, 315, 4604),
(203, '12/A Borokuthipara', 38, 315, 0),
(204, '59 Shalbagan', 38, 315, 4608),
(205, '59 Shalbagan', 38, 315, 4608),
(206, '191/16 Ahmmad Nagor', 38, 315, 4604),
(207, '191/16 Ahmmad Nagor', 38, 315, 4604),
(208, '5 Padma Housing road vadra', 38, 315, 4604),
(209, '5 Padma Housing road vadra', 38, 315, 0),
(210, '562/2 Kadirgonj dorikhorbona', 38, 315, 4607),
(211, '562/2 Kadirgonj dorikhorbona', 38, 315, 4607),
(214, 'G-674 Sultanabad', 38, 315, 4604),
(215, 'G-674 Sultanabad', 38, 315, 4604),
(216, '3/15 Upashor', 38, 315, 4604),
(217, '3/15 Upashor', 38, 315, 4604),
(218, '73/3  Dhaspukur', 38, 315, 4611),
(219, '167 Sultanabad', 38, 315, 4604),
(220, '167 Sultanabad', 38, 315, 0),
(221, '258 Seroil Coloni', 38, 315, 4608),
(222, '258 Seroil Coloni', 38, 315, 4608),
(223, '149/3 Upashor', 38, 315, 4604),
(224, '149/3 Upashor', 38, 315, 4604),
(225, 'Aftab Monjeel Vadra', 38, 315, 4604),
(226, 'H-49 Shiroil Mothpukur', 38, 315, 4604),
(227, 'H-49 Shiroil Mothpukur', 38, 315, 4604),
(228, 'Borokuthipara Boalia', 38, 315, 4604),
(229, 'Borokuthipara Boalia', 38, 315, 0),
(230, 'Sagorpara Battala', 38, 315, 4604),
(231, 'Sagorpara Battala', 38, 315, 4604),
(232, '207 Sultanabad', 38, 315, 4604),
(233, '207 Sultanabad', 38, 0, 4512),
(234, '527 Mohish batan', 38, 315, 4593),
(235, '527 Mohish batan', 38, 315, 0),
(236, 'Pathanpara', 38, 315, 4604),
(237, 'Pathanpara', 38, 315, 4604),
(238, 'A/203 Upashor', 38, 315, 4604),
(239, 'A/203 Upashor', 38, 315, 0),
(240, 'House 321 Sec-1 Upashor', 38, 315, 4604),
(241, 'House 321 Sec-1 Upashor', 38, 315, 4604),
(242, 'G-12  Ranibazar', 38, 315, 4604),
(243, 'G-12  Ranibazar', 38, 315, 4604),
(244, 'Chandirama Boalia', 38, 315, 4604),
(245, 'Chandirama Boalia', 38, 315, 4604),
(246, '136 Kadirgonj', 38, 315, 4604),
(247, '136 Kadirgonj', 38, 315, 0),
(248, 'Dingdoba 63 Gop- Rajshahi', 38, 315, 4604),
(249, 'Dingdoba 63 Gop- Rajshahi', 38, 315, 4604),
(250, '111/7 Padma Office', 38, 315, 4607),
(251, '111/7 Padma Office', 38, 315, 0),
(252, 'D-402 Housin Gan3 Rajshahi', 38, 315, 4604),
(253, 'D-402 Housin Gan3 Rajshahi', 38, 0, 4512),
(254, 'Bosuuttarpara', 38, 315, 4593),
(255, 'Bosuuttarpara', 38, 0, 4512),
(256, '41 Cakpara Padma Abasik', 38, 315, 4593),
(257, '41 Cakpara Padma Abasik', 38, 315, 0),
(258, 'Debising para', 38, 315, 4604),
(259, 'Debising para', 38, 315, 4604),
(260, 'Dorikhorbona', 38, 315, 4604),
(261, 'Dorikhorbona', 38, 315, 4604),
(262, 'H-200 Sec-2 Upashor', 38, 315, 4604),
(263, 'H-200 Sec-2 Upashor', 38, 315, 4604),
(264, 'DPHE Kagihata', 38, 315, 4606),
(265, 'DPHE Kagihata', 38, 315, 4606),
(266, 'Nawdapara Sopura', 38, 315, 4608),
(267, 'Nawdapara Sopura', 38, 315, 4608),
(268, '321Mukulika Shalbagan', 38, 315, 4608),
(269, '321Mukulika Shalbagan', 38, 315, 4608),
(270, 'Kochoatoil, Khorkhori', 38, 315, 4611),
(271, 'Kochoatoil, Khorkhori', 38, 315, 0),
(272, 'Ataikula', 40, 328, 8094),
(273, 'House No.: 102, Sector: 02, Uposohor', 38, 495, 8025),
(274, 'Khudeadanga', 41, 490, 8064),
(275, 'Akubari', 38, 312, 8067),
(276, 'House No. 492/3, Terokhadia', 38, 496, 8016),
(277, 'Terroshia', 39, 322, 4679),
(278, 'House No.: 102/2, Uposohor', 38, 495, 8024),
(279, 'Shahapur', 37, 302, 8071),
(280, 'Sopura', 38, 495, 8024),
(281, 'House No.: 245/3, Padma Abashik ', 38, 495, 8020),
(282, 'House No.: 245/3, Padma Abashik ', 38, 495, 8020),
(283, 'Bhawanigonj', 38, 499, 8086),
(284, 'House: 140 (5th Floor), Uposohor', 38, 495, 8025),
(285, 'Gopalpara, Taherpur, Durgapur', 38, 0, 4512),
(286, 'Hatam Khan, Boalia', 38, 0, 4512),
(287, 'Prosadpur', 41, 490, 8064),
(288, 'Zinnah Nagar', 38, 495, 8024),
(289, 'Biraldah', 38, 505, 8036),
(290, 'House:198/3, Road: 05, Uposohor', 38, 495, 8025),
(291, '81, Sopura (Miya Para)', 38, 495, 8024),
(292, '81, Sopura (Miya Para)', 38, 495, 8024),
(293, 'Khidro Hatra', 38, 312, 4567),
(294, '102/2, Uposohor', 38, 495, 8024),
(295, 'Tappu', 39, 322, 4683),
(296, '198/3, Road:05, Uposohor', 38, 495, 8025),
(297, 'Ramchandrapur (Hadirmore)', 38, 495, 8020),
(298, 'Ramchandrapur (Hadirmore)', 38, 495, 8020),
(299, 'Lawghata', 39, 322, 4677),
(300, 'Terokhadia', 38, 496, 8016),
(301, 'House: 141/2, Uposhahor', 38, 495, 8025),
(302, 'House: 141/2, Uposhahor', 38, 495, 8025),
(303, 'House No.: 226, Sagarpara', 38, 495, 8020),
(304, 'Bajekula', 38, 499, 8063),
(305, '360/2, Housing Estate, Uposohor', 38, 495, 8025),
(306, 'House No.: 226, Sagarpara', 38, 495, 8020),
(307, 'Utterekdala', 38, 499, 8086),
(308, '250-A, Husna Anam, Kadirgonj', 38, 495, 8020),
(309, '122/2, Uposohor', 38, 495, 8025),
(310, '122/2, Uposohor', 38, 495, 8025),
(311, '31, Farashgonj Road', 1, 511, 8096),
(312, '268/2, Upashahar', 38, 495, 8025),
(313, 'Harpur', 41, 337, 4847),
(314, 'Dingadoba Bank Colony', 38, 496, 8016),
(315, 'Terokhadia', 38, 496, 8016),
(316, 'Terokhadia', 38, 496, 8016),
(317, 'Chalkgobindo', 41, 490, 8059),
(318, '109/3, Uposahar', 38, 495, 8025),
(319, 'Khidir Gorila', 40, 325, 8065),
(320, 'Holding#120, Sheikpara', 38, 495, 8023),
(321, 'Santospur Shamukdom', 38, 315, 4608),
(322, 'Santospur Shamukdom', 38, 315, 4608),
(323, 'Alinagar', 39, 489, 8030),
(324, 'Upashor Housing State Rajshahi', 38, 315, 4604),
(325, 'House No.: 102/2, Uposohor', 38, 495, 8025),
(326, '38/8 Korotia Office Quater', 38, 315, 4593),
(327, '38/8 Korotia Office Quater', 38, 0, 4512),
(328, 'B.M.D.A Quarter Bilsimla', 38, 315, 4593),
(329, 'B.M.D.A Quarter Bilsimla', 38, 0, 4512),
(330, 'Horogram Purbopara', 38, 496, 8016),
(331, '239 Seroil Colony Rajshahi', 38, 315, 4604),
(332, '239 Seroil Colony Rajshahi', 38, 0, 4512),
(333, 'Dhorompur Rajshahi', 38, 315, 4609),
(334, 'Dhorompur Rajshahi', 38, 315, 4609),
(335, 'Mohisbatan Kalupara', 38, 315, 4606),
(336, 'Mohisbatan Kalupara', 38, 315, 0),
(337, '243/1 Mothurdanga Boalia', 38, 315, 4593),
(338, '243/1 Mothurdanga Boalia', 38, 315, 4593),
(339, '143/3 Housing estate Sopura', 38, 315, 4604),
(340, '143/3 Housing estate Sopura', 38, 315, 4604),
(341, '9/2 Paba para Sopura', 38, 315, 4608),
(342, '177 Dorgapara Boalia', 38, 315, 4604),
(343, '177 Dorgapara Boalia', 38, 315, 4604),
(344, 'Mohisbatan Vatapara', 38, 315, 4606),
(345, '520 Padma Abasic Rajshahi', 38, 315, 4593),
(346, '184 Pathanpara Rajshahi', 38, 315, 4593),
(347, '184 Pathanpara Rajshahi', 38, 0, 4512),
(348, 'Seroil Colony 4th goli Boalia Rajshahi', 38, 315, 0),
(349, 'E1/A residential area Rajshahi Uniq', 38, 315, 4609),
(350, 'E1/A residential area Rajshahi Uniq', 38, 315, 4609),
(351, 'UNO Paba Rajshahi', 38, 315, 4607),
(352, '43,Khatal Bagicha', 39, 319, 4643),
(353, 'House: B-297, Sector:01, Uposohor', 38, 495, 8025),
(354, 'A/158 Upashor Rajshahi', 38, 315, 4604),
(355, 'Choto Belal Daha', 41, 490, 8064),
(356, '328/2, Upashahar', 38, 495, 8025),
(357, 'Sec-1 94/A Upashor', 38, 315, 4604),
(358, 'Sec-1 94/A Upashor', 38, 315, 4604),
(359, '68/1 MatchjFactory more Sopura', 38, 315, 4608),
(360, '182/2 Upashor Housing estate', 38, 315, 4604),
(361, '182/2 Upashor Housing estate', 38, 315, 4604),
(362, '506 Dorikhorbona Upashor Rajshahi', 38, 315, 4604),
(363, 'Housing 18 Boaktiarabad Sopura', 38, 315, 4604),
(364, 'Housing 18 Boaktiarabad Sopura', 38, 315, 4604),
(365, '18 Asam Colony Sopura Rajshahi', 38, 315, 4608),
(366, '66/A Terokhadia Rajshahi', 38, 315, 4607),
(367, 'Sujanagor Sopura Rajshahi', 38, 315, 4608),
(368, '59/1 Shalbagan Boalia Rajshahi', 38, 315, 4608),
(369, '59/1 Shalbagan Boalia Rajshahi', 38, 315, 4608),
(370, 'Matir Maya Professor para Chotobongram', 38, 315, 4608),
(371, 'Matir Maya Professor para Chotobongram', 38, 315, 0),
(372, 'H-126 Sec-01 Upashor Rajshahi', 38, 315, 4604),
(373, 'Mohisbatan Rajshahi Court Rajshahi', 38, 315, 4606),
(374, 'Mohisbatan Rajshahi Court Rajshahi', 38, 315, 4606),
(375, 'Daspukur GPO Rajshahi', 38, 315, 4593),
(376, 'Chotobongram Boalia Rajshahi', 38, 315, 4604),
(377, 'Chotobongram Boalia Rajshahi', 38, 315, 4604),
(378, 'Doel 53/6 Rajshahi', 38, 315, 4593),
(379, 'Doel 53/6 Rajshahi', 38, 315, 4593),
(380, '248 Keshobpur GPO Rajshahi', 38, 315, 4606),
(381, '248 Keshobpur GPO Rajshahi', 38, 315, 4606),
(382, 'Hatemkhan 88 Rajshahi', 38, 315, 4604),
(383, 'Sagorpara Rani pukur', 38, 315, 4604),
(384, 'Sagorpara Rani pukur', 38, 315, 0),
(385, '269/2 Padma Abasic', 38, 315, 4604),
(386, '269/2 Padma Abasic', 38, 315, 0),
(387, '548/1 Padma Abasic Rajshahi', 38, 315, 4593),
(388, '548/1 Padma Abasic Rajshahi', 38, 315, 4593),
(389, '265 Raninagor Rajshahi', 38, 315, 4604),
(390, '265 Raninagor Rajshahi', 38, 315, 4604),
(391, 'G-19 Ranibazar Boalia Rajshahi', 38, 315, 4604),
(392, 'House-46/2 JCO Qtr. Rajshahi Cantonment', 38, 315, 4607),
(393, 'Holding 351 Dorikhorbona', 38, 315, 4604),
(394, 'Holding 351 Dorikhorbona', 38, 315, 4604),
(395, '84/F R.U Residential Area', 38, 315, 4609),
(396, '84/F R.U Residential Area', 38, 315, 4609),
(397, 'W-82/B R.U Rajshahi', 38, 315, 4609),
(398, 'West 81 Rajshahi University', 38, 315, 4609),
(399, '235/3 Housing Estate', 38, 315, 4604),
(400, '235/3 Housing Estate', 38, 0, 4512),
(401, '38 Kadirgonj Boalia Rajshahi', 38, 315, 4604),
(402, '38 Kadirgonj Boalia Rajshahi', 38, 315, 0),
(403, 'Seroil Santibag Boalia Rajshahi', 38, 315, 4604),
(404, 'Seroil Santibag Boalia Rajshahi', 38, 315, 4604),
(405, 'Boalia Thana more Boalia Rajshahi', 38, 315, 4604),
(406, '550/A Dorikhorbona Rajshahi', 38, 315, 4604),
(407, '550/A Dorikhorbona Rajshahi', 38, 315, 0),
(408, '06 Seroil Santibag', 38, 315, 4604),
(409, '06 Seroil Santibag', 38, 315, 4604),
(410, '480 Terokhadiak GPO Rajshahi', 38, 315, 4593),
(411, '480 Terokhadiak GPO Rajshahi', 38, 315, 0),
(412, 'Paba para Sahamukdom Rajshahi', 38, 315, 4608),
(413, 'J-120 Shiroil Ghoramara Rajshahi', 38, 315, 4604),
(414, 'J-120 Shiroil Ghoramara Rajshahi', 38, 315, 4604),
(417, 'Mission Campus Rajshahi Court', 38, 315, 4604),
(418, 'Mission Campus Rajshahi Court', 38, 315, 4604),
(419, '52/2 Officers Qtr.', 38, 315, 4606),
(420, 'Terokhadia Paschimpara', 38, 315, 4607),
(421, '02/1 Chotobongram Boalia Rajshahi', 38, 315, 4604),
(422, '18/2 Upashor Boalia Rajshahi', 38, 315, 4604),
(423, '18/2 Upashor Boalia Rajshahi', 38, 315, 4604),
(424, 'HG-343 Dashpukur', 38, 315, 4593),
(425, 'Shalbagan Boalia Rajshahi', 38, 0, 4512),
(426, 'Laxmipur Vatapara Rajshahi', 38, 315, 4593),
(427, '371 Upashor Rajshahi', 38, 315, 4604),
(428, 'Kazihata Rajpara Rajshahi', 38, 315, 4593),
(429, 'Rajshahi Cantonment Rajshahi', 38, 315, 4607),
(430, 'Medical College Campus', 38, 315, 4593),
(431, 'Baroghagia Mohiskhoeha Aditmary', 33, 266, 4072),
(432, 'BIRC Admin wing', 38, 315, 4607),
(433, 'Poli Falgachha Sundorgong', 35, 282, 4244),
(434, 'BIRC Admin wing', 38, 315, 4607),
(435, 'House No-195 Sector-3 Upashor', 38, 315, 4604),
(436, 'House No-195 Sector-3 Upashor', 38, 315, 0),
(437, 'New Bilshimla Centonment road', 38, 315, 4607),
(438, 'New Bilshimla Centonment road', 38, 315, 4607),
(439, 'Ahmed Nagor', 38, 315, 4608),
(440, 'Seroil Colony', 38, 315, 4604),
(441, 'Kamini Birc', 38, 315, 4607),
(442, 'Kamini Birc', 38, 315, 4607),
(443, '233/3 Housing Estate Upashor', 38, 315, 4604),
(444, '233/3 Housing Estate Upashor', 38, 315, 0),
(445, 'Sec-3  House-10 Upashor', 38, 315, 4607),
(446, '240/2 Karobi Uposhor Rajshahi', 38, 315, 4607),
(447, '192 New Bilshimla Rajshahi', 38, 315, 4593),
(448, '192 New Bilshimla Rajshahi', 38, 0, 4512),
(449, 'Borobongram Shamukdom Rajshahi', 38, 315, 4608),
(450, 'Borobongram Shamukdom Rajshahi', 38, 315, 4608),
(451, '83/2 Housing Estate', 38, 315, 4607),
(452, '83/2 Housing Estate', 38, 315, 4607),
(453, 'House no-64 Upahshor', 38, 315, 4607),
(454, 'House no-64 Upahshor', 38, 315, 4607),
(455, 'Pathan para', 38, 315, 4604),
(456, 'Tarokhadia 515 Rajshahi', 38, 315, 4607),
(457, 'Tarokhadia 515 Rajshahi', 38, 315, 0),
(458, '84 Upashor Rajshahi', 38, 315, 4607),
(459, '84 Upashor Rajshahi', 38, 315, 4607),
(460, 'Baharompur', 38, 315, 4593),
(461, 'Baharompur', 38, 315, 4593),
(462, '359 Raninagor', 38, 315, 4604),
(463, 'H-24 Upashor', 38, 315, 4604),
(464, '908 Bakir more', 38, 315, 4593),
(465, '908 Bakir more', 38, 315, 4593),
(466, '1 Sec Upashor', 38, 315, 4604),
(467, '1 Sec Upashor', 38, 315, 0),
(468, 'Rajpara Rajshahi', 38, 315, 4593),
(469, 'Munsipara Rajshahi Court', 38, 315, 4606),
(470, 'Munsipara Rajshahi Court', 38, 0, 4512),
(471, 'Bilshimla Rajpara Rajshahi', 38, 315, 4593),
(472, 'Bilshimla Rajpara Rajshahi', 38, 315, 4593),
(473, 'Mothpukur Ghormara Rajshahi', 38, 315, 4604),
(474, 'Mothpukur Ghormara Rajshahi', 38, 315, 4604),
(475, '780 Ramchandrapur', 38, 315, 4604),
(476, '780 Ramchandrapur', 38, 0, 4512),
(477, 'Laxmipur Vatapara Rajshahi', 38, 315, 4593),
(478, 'Upashor Rajshahi', 38, 315, 4604),
(479, 'Upashor Rajshahi', 38, 0, 4512),
(480, 'Paara Mediacal Road Rajshahi', 38, 315, 4593),
(481, '83/2 Housing estate ', 38, 315, 4607),
(482, '83/2 Housing estate ', 38, 315, 0),
(483, 'Professor Depertment of Horticulture', 38, 315, 4593),
(484, 'Professor Depertment of Horticulture', 38, 315, 0),
(485, 'Kazihata ', 38, 315, 4593),
(486, 'Upashor Rajshahi', 38, 315, 4604),
(487, 'Ranibazar Ghoramara Boalia Rajshahi', 38, 315, 4604),
(488, 'Ranibazar Ghoramara Boalia Rajshahi', 38, 315, 0),
(489, 'Miapara Ghoramara Rajshahi', 38, 315, 4604),
(490, 'Miapara Ghoramara Rajshahi', 38, 315, 0),
(491, 'Alinagor Gomastapur Rajshahi', 39, 321, 4657),
(492, 'Alinagor Gomastapur Rajshahi', 39, 321, 0),
(493, 'Shostitola Boalai Rajshai', 38, 315, 4604),
(494, 'Shostitola Boalai Rajshai', 38, 315, 4604),
(495, 'House no-6', 38, 315, 4604),
(496, 'House no-6', 38, 315, 4604),
(497, 'Paramedical Laxmipur Rajshahi', 38, 315, 4593),
(498, 'Paramedical Laxmipur Rajshahi', 38, 315, 0),
(499, 'Upal Hatemkhan Rajshahi', 38, 315, 4604),
(500, 'Upal Hatemkhan Rajshahi', 38, 315, 4604),
(501, '16 Zinnanagor', 38, 315, 4608),
(502, '16 Zinnanagor', 38, 0, 4512),
(503, 'Sagorpara Ghoramara Rajshahi', 38, 315, 4604),
(504, 'Sagorpara Ghoramara Rajshahi', 38, 315, 0),
(505, 'Alupatti Ghoramara Rajshahi', 38, 315, 4604),
(506, 'Alupatti Ghoramara Rajshahi', 38, 315, 4604),
(509, 'Nawhata Paba Rajshahi', 38, 315, 4593),
(510, 'Nawhata Paba Rajshahi', 38, 315, 4593),
(511, 'Rajshahi Housing estate Upashor', 38, 315, 4604),
(512, 'Rajshahi Housing estate Upashor', 37, 303, 4512),
(513, 'Terokhadia GPO Rajshahi', 38, 315, 4593),
(514, 'Terokhadia GPO Rajshahi', 38, 315, 4593),
(515, 'Chotobongram Boalia Rajshahi', 38, 315, 4604),
(516, 'Chotobongram Boalia Rajshahi', 38, 0, 4512),
(517, 'Seroil Mothpukur', 38, 315, 4604),
(518, 'Seroil Mothpukur', 38, 0, 4512),
(519, 'Fultola Shamukdom Rajshahi', 38, 315, 4593),
(520, 'Fultola Shamukdom Rajshahi', 38, 315, 4593),
(521, 'Gorhanga Boalia Rajshahi', 38, 315, 4604),
(522, 'Gorhanga Boalia Rajshahi', 38, 315, 0),
(523, 'Upashor Rajshahi', 38, 315, 4607),
(524, 'Upashor Rajshahi', 38, 0, 4512),
(525, 'Shadhur more Rajshahi', 38, 315, 4604),
(526, 'Shadhur more Rajshahi', 38, 315, 0),
(527, 'Upashor Rajshahi', 38, 315, 4607),
(528, 'Upashor Rajshahi', 38, 315, 4607),
(529, 'Terokhadia Rajshahi', 38, 315, 4607),
(530, 'Terokhadia Rajshahi', 38, 315, 4607),
(531, 'New Bilshimla Centonment road', 37, 303, 4512),
(532, 'New Bilshimla Centonment road', 37, 303, 4512),
(533, 'BIRC Rajshahi Cantonment', 38, 315, 4607),
(534, 'BIRC Rajshahi Cantonment', 38, 315, 4607),
(535, 'New Bilshimla Centonment road', 38, 315, 4607),
(536, 'New Bilshimla Centonment road', 38, 315, 4607),
(537, 'Daspukur GPO Rajshahi', 38, 315, 4593),
(538, 'Hatemkhan Boalia Rajshahi', 38, 315, 4604),
(539, 'Hatemkhan Boalia Rajshahi', 38, 315, 4604),
(540, 'Ramchandrapur Rajshahi', 38, 315, 4604),
(541, 'Ramchandrapur Rajshahi', 38, 315, 4604),
(542, 'Daspukur GPO Rajshahi', 38, 315, 4607),
(543, 'Daspukur GPO Rajshahi', 38, 315, 4607),
(544, 'Terokhadia Uttarpara Rajshahi', 38, 315, 4607),
(545, 'Terokhadia Uttarpara Rajshahi', 38, 315, 4607),
(546, 'Seroil Colonyr', 38, 315, 4604),
(547, 'Paara Mediacal Road Rajshahir', 38, 315, 4593),
(548, 'Medical Qtr Rajshahi', 38, 315, 4593),
(549, 'Medical Qtr Rajshahi', 38, 315, 4593),
(550, 'Ghoramara Rajshahi', 38, 315, 4604),
(551, 'Ghoramara Rajshahi', 38, 315, 0),
(552, '266 TB Road Laxmipur ', 38, 315, 4593),
(553, '266 TB Road Laxmipur ', 38, 315, 0),
(554, 'New Bilshimla Centonment road', 38, 315, 4607),
(555, 'New Bilshimla Centonment road', 38, 315, 4607),
(556, 'Matikatan Moughachi', 38, 312, 4570),
(557, 'Upashor Rajshahi', 38, 315, 4607),
(558, 'Upashor Rajshahi', 38, 315, 4607),
(559, 'Upashor Rajshahi', 38, 315, 4607),
(560, 'Upashor Rajshahi', 38, 315, 4607),
(561, 'Mohisbatan Rajpara Rajpara', 38, 315, 4606),
(562, 'Seroil Ghoramara Rajshahi', 38, 315, 4604),
(563, 'Paba para Sahamukdom Rajshahi', 38, 315, 4608),
(564, 'Paba para Sahamukdom Rajshahi', 38, 315, 4608),
(565, 'Ranibazar Ghoramara Boalia Rajshahi', 38, 315, 4604),
(566, 'Ranibazar Ghoramara Boalia Rajshahi', 38, 315, 4604),
(567, 'Kadirgong Boalia Rajshahi', 38, 315, 4604),
(568, 'Kadirgong Boalia Rajshahi', 38, 315, 4604),
(569, 'Terokhadia GPO Rajshahi', 38, 315, 4607),
(570, 'Terokhadia GPO Rajshahi', 38, 315, 4607),
(571, 'Boaktiara bad, Shamukdom Rajshahi', 38, 315, 4608),
(572, 'Boaktiara bad, Shamukdom Rajshahi', 38, 315, 0),
(573, '336/2 Upashor Rajshahi', 38, 315, 4604),
(574, '336/2 Upashor Rajshahi', 38, 0, 4512),
(575, 'Laxmipur Sahipara 252/A Rajshahi', 38, 315, 4593),
(576, 'Laxmipur Sahipara 252/A Rajshahi', 38, 315, 4593),
(577, '78 Mirerchalk Ghoramara Rajshahi', 38, 315, 4604),
(578, '78 Mirerchalk Ghoramara Rajshahi', 38, 315, 4604),
(579, 'Borokhutipara Boalia Rajshahi', 38, 315, 4604),
(580, 'Mothurdanga Sopura Rajshahi', 38, 315, 4608),
(581, 'Mothurdanga Sopura Rajshahi', 38, 315, 4608),
(582, '360 Baharampur', 38, 315, 4593),
(583, '118/2 Sagorpara', 38, 315, 4604),
(584, '108/1 Kumerpara Rajshahi', 38, 315, 4604),
(585, '108/1 Kumerpara Rajshahi', 38, 315, 4604),
(586, '401 Hatemkhan Ghoramara Rajshahi', 38, 315, 4604),
(587, 'Sonadighirmore Rajarhata Rajshahi', 38, 315, 4604),
(588, 'Kathali bazar Mothiher Rajshahi', 38, 315, 4593),
(589, '131 Debising poara Kazla Rajshahi', 38, 315, 4609),
(590, 'Upashor Housing State Rajshahi', 38, 315, 4607),
(591, 'Kazihata GPO Rajshahi', 38, 315, 4593),
(592, 'Kazihata GPO Rajshahi', 38, 0, 4512),
(593, '267 Baliapukur Rajshahi', 38, 315, 4604),
(594, 'Jhawtola Laxmipur Rajshahi', 38, 315, 4593),
(595, '453 Kazla', 38, 315, 4609),
(596, '453 Kazla', 38, 315, 4609),
(597, 'A-5 Upashor Rajshahi', 38, 315, 4607),
(598, 'A-5 Upashor Rajshahi', 38, 315, 4607),
(599, 'Upashor Housing State Rajshahi', 38, 315, 4607),
(600, 'Bohorompur GPO Rajshahi', 38, 315, 4593),
(601, 'Ranibazar Ghoramara Boalia Rajshahi', 38, 315, 4604),
(602, 'Ranibazar Ghoramara Boalia Rajshahi', 38, 315, 4604),
(603, 'Jhawtola Laxmipur Rajshahi', 38, 315, 4593),
(604, 'Jhawtola Laxmipur Rajshahi', 38, 315, 4593),
(605, 'Raninagor Boalia Rajshahi', 38, 315, 4604),
(606, 'Ghoramara Rajshahi', 38, 315, 4604),
(607, 'Ghoramara Rajshahi', 38, 315, 4604),
(608, 'W/75/E RU', 38, 315, 4609),
(609, 'W/75/E RU', 38, 315, 4609),
(610, 'Dorgapara 38', 38, 315, 4604),
(611, '6/9 Shersha road Kazihata', 38, 315, 4593),
(612, '30 Shalbagan Rajshahi', 38, 315, 4608),
(613, '30 Shalbagan Rajshahi', 38, 315, 0),
(614, 'Nawdapara Sopura Rajshahi', 38, 315, 4608),
(615, 'Nawdapara Sopura Rajshahi', 38, 315, 4608),
(616, 'Terokhadia GPO Rajshahi', 38, 315, 4607),
(617, 'Professor qtr. Rajshahi College', 38, 315, 4604),
(618, 'Professor qtr. Rajshahi College', 38, 315, 4604),
(619, '232/A Sagorpara', 38, 315, 4604),
(620, '39 Uttar Nawdapara', 38, 315, 4608),
(621, '39 Uttar Nawdapara', 38, 315, 4608),
(622, 'Terokhadia Uttarpara Rajshahi', 38, 315, 4607),
(623, '45/3 Upashor Rajshahi', 38, 315, 4604),
(624, 'Rajshahi Cantonment Rajshahi', 38, 315, 4608),
(625, '174/2 Upashor Rajshahi', 38, 315, 4607),
(626, '174/2 Upashor Rajshahi', 38, 315, 4607),
(627, 'Ambagan Rajshahi', 38, 315, 4593),
(628, 'Dorikhorbona Upashor Rajshahi', 38, 315, 4604),
(629, 'Dorikhorbona Upashor Rajshahi', 38, 315, 4604),
(630, 'DGFI', 38, 315, 4593),
(631, 'SSO Rajshahi Coure', 38, 315, 4606),
(632, '148/3 Upashor Sopura Rajshahi', 38, 315, 4607),
(633, '148/3 Upashor Sopura Rajshahi', 38, 315, 4607),
(634, '111 Chowddopai', 38, 315, 4593),
(635, 'Raysree Shahrasti Chandpur', 19, 167, 2786),
(636, 'Raysree Shahrasti Chandpur', 19, 167, 2786),
(637, 'Bagunti Shibgong Chapai Nawgonj', 39, 322, 4673),
(638, 'Bagunti Shibgong Chapai Nawgonj', 39, 322, 4673),
(639, '102 Upashor Rajshai', 38, 315, 4607),
(640, '102 Upashor Rajshai', 38, 315, 4607),
(641, 'Kalabagan Rajshahi', 38, 315, 4593),
(642, 'Kalabagan Rajshahi', 38, 315, 4593),
(643, '126/9 Upashor Rajshahi', 38, 315, 4607),
(644, '126/9 Upashor Rajshahi', 38, 315, 4607),
(645, '489/A Rajpara Rajshahi', 38, 315, 4593),
(646, '489/A Rajpara Rajshahi', 38, 315, 4593),
(647, 'Upashor Rajshahi', 38, 315, 4607),
(648, 'Upashor Rajshahi', 38, 315, 4607),
(649, '89 Upashor Rajshahi', 38, 315, 4607),
(650, '89 Upashor Rajshahi', 38, 315, 4607),
(651, 'Sopura Miapara', 38, 315, 4608),
(652, 'Sopura Miapara', 38, 315, 4608),
(653, 'Mothpukur Ghormara Rajshahi', 38, 315, 4604),
(654, 'Mothpukur Ghormara Rajshahi', 38, 315, 4604),
(655, 'Keshobpur Rajpara Rajshahi', 38, 315, 4593),
(656, 'Shadhur more Rajshahi', 38, 315, 4604),
(657, 'Shadhur more Rajshahi', 38, 315, 4604),
(658, 'Jhawtola Laxmipur Rajshahi', 38, 315, 4593),
(659, 'Jhawtola Laxmipur Rajshahi', 38, 315, 4593),
(660, 'Kadirgong Boalia Rajshahi', 38, 315, 4604),
(661, 'Kadirgong Boalia Rajshahi', 38, 315, 4604),
(662, 'Sagorpara Rajshai', 38, 315, 4604),
(663, 'Upashor Rajshahi', 38, 315, 4607),
(664, 'Upashor Rajshahi', 38, 315, 4607),
(665, 'Sagorpara Ghoramara Rajshahi', 38, 315, 4604),
(666, 'Sagorpara Ghoramara Rajshahi', 38, 315, 4604),
(667, 'Upashor Rajshahi', 38, 315, 4607),
(668, 'Upashor Rajshahi', 38, 315, 4607),
(669, 'Shamukdom Abasic', 38, 315, 4608),
(670, 'Shamukdom Abasic', 38, 315, 4608),
(671, 'Boaliapara', 38, 315, 4604),
(672, 'Boaliapara', 38, 315, 0),
(673, '35/1 Shamukdom', 38, 315, 4608),
(674, '35/1 Shamukdom', 38, 315, 4608),
(675, 'Terokhadia', 38, 315, 4607),
(676, 'Terokhadia', 38, 315, 4607),
(677, 'New Bilshimla Centonment road', 38, 315, 4607),
(678, 'New Bilshimla Centonment road', 38, 315, 4607),
(679, 'Upashor Rajshahi', 38, 315, 4607),
(680, 'Upashor Rajshahi', 38, 315, 4607),
(681, 'Pathanpara Ghoramara Rajshahi', 38, 315, 4604),
(682, 'Pathanpara Ghoramara Rajshahi', 38, 315, 4604),
(683, ' Korotia Office Quater', 38, 315, 4593),
(684, ' Korotia Office Quater', 38, 315, 4593),
(685, 'Ambagan Rajshahi', 38, 315, 4607),
(686, 'Ambagan Rajshahi', 38, 315, 4607),
(687, '178 Kadirgonj', 38, 315, 4604),
(688, '178 Kadirgonj', 38, 315, 4604),
(689, 'Upashor Uttara more', 38, 315, 4607),
(690, 'Upashor Uttara more', 38, 315, 4607),
(691, 'Chotobongram Boalia Rajshahi', 38, 315, 4604),
(692, '171 Upashor Rajshahi', 38, 315, 4607),
(693, '171 Upashor Rajshahi', 38, 315, 4607),
(694, 'Bohorompur GPO Rajshahi', 38, 315, 4593),
(695, 'Bohorompur GPO Rajshahi', 38, 315, 0),
(696, '158 Sultanabad', 38, 315, 4604),
(697, '158 Sultanabad', 38, 315, 4604),
(698, 'Paramedical Laxmipur Rajshahi', 38, 315, 4593),
(699, 'Paramedical Laxmipur Rajshahi', 38, 315, 4593),
(700, '107 Ambagan Rajshahi', 38, 315, 4607),
(701, '107 Ambagan Rajshahi', 38, 315, 4607),
(702, '111/6 Rajshahi Cantonment', 38, 315, 4607),
(703, '111/6 Rajshahi Cantonment', 38, 315, 4607),
(704, 'Chotobongram Boalia Rajshahi', 38, 315, 4604),
(705, 'Chotobongram Boalia Rajshahi', 38, 315, 4604),
(706, 'Doel/53 Rajshahi Cantonment', 38, 315, 4607),
(707, 'Doel/53 Rajshahi Cantonment', 38, 315, 4607),
(708, 'Mohonpur Mohisal bari', 38, 311, 4561),
(709, 'Mohonpur Mohisal bari', 38, 311, 4561),
(710, 'Sujanagor Sopura Rajshahi', 38, 315, 4608),
(711, 'Sujanagor Sopura Rajshahi', 38, 315, 4608),
(712, 'Boaliapara Ghoramara Rajshahi', 38, 315, 4604),
(713, 'Ahmed Nagor', 38, 315, 4608),
(714, 'Ahmed Nagor', 38, 315, 4608),
(715, ' Baliapukur Rajshahi', 38, 315, 4604),
(716, ' Baliapukur Rajshahi', 38, 315, 4604),
(717, 'Tokipur Paba Rajshahi', 38, 315, 4593),
(718, 'Tokipur Paba Rajshahi', 38, 0, 4512),
(719, 'Upashor Housing State Rajshahi', 38, 315, 4607),
(720, 'Mohisbatan Rajpara Rajshahi', 38, 315, 4593),
(721, 'Mohisbatan Rajpara Rajshahi', 38, 315, 4593),
(722, 'Kazihata GPO Rajshahi', 38, 315, 4593),
(723, 'Kazihata GPO Rajshahi', 38, 315, 4593),
(724, '140/2 Upashor Rajshahi', 38, 315, 4607),
(725, '140/2 Upashor Rajshahi', 38, 315, 0),
(726, 'Sopura Gorostanpara', 38, 315, 4607),
(727, 'Sopura Gorostanpara', 38, 315, 4607),
(728, 'Utambari Sultanabad Rajshahi', 38, 315, 4604),
(729, 'Upashor Sopura Rajshai', 38, 315, 4607),
(730, 'Upashor Rajshahi', 38, 315, 4607),
(731, 'Upashor Rajshahi', 38, 315, 4607),
(732, '38 Terokhadia Rajshahi', 38, 315, 4607),
(733, '38 Terokhadia Rajshahi', 38, 315, 4607),
(734, 'Upashor Housing State Rajshahi', 38, 315, 4607),
(735, 'Upashor Housing State Rajshahi', 38, 315, 4607),
(736, 'Bohorompur GPO Rajshahi', 38, 315, 4593),
(737, 'Upashor Housing State Rajshahi', 38, 315, 4607),
(738, 'Upashor Housing State Rajshahi', 38, 315, 4607),
(739, '907 Collage para Tarokhadia Rajshahi', 38, 315, 4607),
(740, '907 Collage para Tarokhadia Rajshahi', 38, 315, 4607),
(741, '116 Bohorompur', 38, 315, 4593),
(742, '116 Bohorompur', 38, 315, 4593),
(743, 'Sagorpara Ghoramara Rajshahi', 38, 315, 4604),
(744, 'Sagorpara Ghoramara Rajshahi', 38, 315, 4604),
(745, 'House No.: 400, Kazihata ', 38, 496, 8016),
(746, 'House No.: 400, Kazihata ', 38, 496, 8016),
(747, 'H-113 Bulunpur', 38, 315, 4606),
(748, 'H-113 Bulunpur', 38, 315, 4606),
(749, 'Raypara, Rajpara Rajshahi', 38, 315, 4606),
(750, 'Raypara, Rajpara Rajshahi', 38, 315, 4606),
(751, 'Ahmed Nagor', 38, 315, 4608),
(752, 'Ahmed Nagor', 38, 315, 4608),
(753, 'Hadirmore Ghoramara Rajshahi', 38, 315, 4604),
(754, 'Hadirmore Ghoramara Rajshahi', 38, 315, 4604),
(755, '169 Gonokpara Boalia Rajshahi', 38, 315, 4604),
(756, '169 Gonokpara Boalia Rajshahi', 38, 315, 4604),
(757, '148 Ambagan ', 38, 315, 4607),
(758, 'Admin Wing BIRC ', 38, 315, 4607),
(759, 'Admin Wing BIRC ', 38, 315, 4607),
(760, 'Hatemkhan Kolabagan', 38, 315, 4604),
(761, 'Hatemkhan Kolabagan', 38, 315, 4604),
(762, '184.3 Lane Horogram Rajshahi', 38, 315, 4606),
(763, '184.3 Lane Horogram Rajshahi', 38, 315, 4606),
(764, '137 Zinnanagor', 38, 315, 4607),
(765, 'House No 870/14 Rajpara Rajshahi', 38, 315, 4593),
(766, 'House No 870/14 Rajpara Rajshahi', 38, 315, 4593),
(767, 'H/No-3/1 Sepaipara', 38, 315, 4593),
(768, 'H/No-3/1 Sepaipara', 38, 315, 4593),
(769, '74/3 Housing State Sopura', 38, 315, 4607),
(770, 'BMDA Qtr, Rajshahi Cantonment', 38, 315, 4607),
(771, 'BMDA Qtr, Rajshahi Cantonment', 38, 315, 4607),
(772, '120/A Court College para', 38, 315, 4606),
(773, '120/A Court College para', 38, 315, 4606),
(774, '102 Asam Colony', 38, 315, 4604),
(775, '102 Asam Colony', 38, 315, 4604),
(776, 'Udpaiza Goalkandi Bagmara', 38, 315, 4593),
(777, 'Udpaiza Goalkandi Bagmara', 38, 315, 4593),
(778, 'Terokhadia Uttarpara Rajshahi', 38, 315, 4607),
(779, 'Terokhadia Uttarpara Rajshahi', 38, 315, 4607),
(780, '168/2 Sopura Boalia Rajshahi', 38, 315, 4608),
(781, '168/2 Sopura Boalia Rajshahi', 38, 315, 4608),
(782, 'Merarchak Sadhurmore', 38, 315, 4604),
(783, 'Merarchak Sadhurmore', 38, 315, 4604),
(784, '254/2j Upashor', 38, 315, 4607),
(785, '906 1st floor Terokadia College para', 38, 315, 4607),
(786, '906 1st floor Terokadia College para', 38, 315, 0),
(787, 'Ranibazar Ghoramara Boalia Rajshahi', 38, 315, 4604),
(788, 'Ranibazar Ghoramara Boalia Rajshahi', 38, 315, 4604),
(789, '222 Ramchandrapur Rajshahi', 38, 315, 4604),
(790, '222 Ramchandrapur Rajshahi', 38, 315, 4604),
(791, '26 Upashor Rajshahi', 38, 315, 4607),
(792, '26 Upashor Rajshahi', 38, 315, 4607),
(793, 'Jhawtola Laxmipur Rajshahi', 38, 315, 4593),
(794, '45/3  housing estate Boalia Rajshahi', 38, 315, 4607),
(795, '108/1 Kumerpara Rajshahi', 38, 315, 4604),
(796, '108/1 Kumerpara Rajshahi', 38, 315, 4604),
(797, '67/A Bisic road Sopura Rajshahi', 38, 315, 4608),
(798, '67/A Bisic road Sopura Rajshahi', 38, 315, 4608),
(799, '235/3 Housing Estate', 38, 315, 4607),
(800, '235/3 Housing Estate', 38, 315, 4607),
(801, '125/2 Testa BIRC officer qtr. BIRC', 38, 315, 4607),
(802, '125/2 Testa BIRC officer qtr. BIRC', 38, 315, 4607),
(803, 'Kumerpara Ghoramara Rajshahi', 38, 315, 4604),
(804, 'Kumerpara Ghoramara Rajshahi', 38, 315, 4604),
(805, '57 Dorikhorbona Rajshahi', 38, 315, 4604),
(806, '57 Dorikhorbona Rajshahi', 38, 315, 0),
(807, '402/1 Baliapukur Rajshahi', 38, 315, 4604),
(808, '402/1 Baliapukur Rajshahi', 38, 315, 4604),
(809, 'Laxmipur TB road Rajshahi', 38, 315, 4593),
(810, 'Hosenigonj GPO Rajshahi', 38, 315, 4604),
(811, 'Hosenigonj GPO Rajshahi', 38, 315, 0),
(812, 'Horogram Purbopara', 38, 315, 4606),
(813, 'Horogram Purbopara', 38, 315, 4606),
(814, 'Padma Res Afea Vadra', 38, 315, 4593),
(815, 'Padma Res Afea Vadra', 38, 315, 0),
(816, '118 Bihas Chowddhopai', 38, 315, 4612),
(817, '118 Bihas Chowddhopai', 38, 315, 4612),
(818, 'R.U Campus Rajshahi', 38, 315, 4612),
(819, 'R.U Campus Rajshahi', 38, 315, 4612),
(820, '175/5 Sagorpara Ghoramara Rajshahi', 38, 315, 4604),
(821, '175/5 Sagorpara Ghoramara Rajshahi', 38, 315, 4604),
(822, 'Sepaipara GPO Rajpara Rajshahi', 38, 315, 4593),
(823, 'Sepaipara GPO Rajpara Rajshahi', 38, 315, 4593),
(824, 'Rajshahi DET DGFI', 38, 315, 4607),
(825, 'Rajshahi DET DGFI', 38, 315, 4607),
(826, 'D/159 Kadirgonj Rajshahi', 38, 315, 4604),
(827, 'D/159 Kadirgonj Rajshahi', 38, 315, 4604),
(828, 'Kortowa 38/2 BIRC', 38, 315, 4607),
(829, 'Kortowa 38/2 BIRC', 38, 315, 4607),
(830, 'Rampur bazar Ghoramara Rajshahi', 38, 315, 4604),
(831, 'Rampur bazar Ghoramara Rajshahi', 38, 315, 4604),
(832, 'Aftab Plaza 260 New Market Rajshahi', 38, 315, 4604),
(833, 'Aftab Plaza 260 New Market Rajshahi', 38, 315, 4604),
(834, '37 BGB Rajshahi', 38, 315, 4608),
(835, '37 BGB Rajshahi', 38, 315, 4608),
(836, 'Laxmipur GPO Rajpara Rajshahi', 38, 315, 4593),
(837, 'Laxmipur GPO Rajpara Rajshahi', 38, 315, 4593),
(838, 'Shinghardah Jongli Natore', 40, 327, 4725),
(839, 'Shinghardah Jongli Natore', 40, 327, 4725),
(840, 'Terokhadia 402 Rajshahi cantonment ', 38, 315, 4607),
(841, 'Terokhadia 402 Rajshahi cantonment ', 38, 315, 4607),
(842, '322/2 Bohorompur', 38, 315, 4593),
(843, '322/2 Bohorompur', 38, 315, 4593),
(844, '316 Sec-1 Upashor', 38, 315, 4608),
(845, '316 Sec-1 Upashor', 38, 315, 4608),
(846, '306 Rajshahi Cantonment  Uposhor Rajshahi', 38, 315, 4607),
(847, 'Raninagor Boalia Rajshahi', 38, 315, 4604),
(848, 'Raninagor Boalia Rajshahi', 38, 315, 4604),
(849, '98 Seroil  Mothpokur', 38, 315, 4604),
(850, '98 Seroil  Mothpokur', 38, 315, 0),
(851, '162/5 Rajar Hata Rajshahi', 38, 315, 4604),
(852, '162/5 Rajar Hata Rajshahi', 38, 315, 0),
(853, 'Sec-3 Upashor', 38, 315, 4607),
(854, 'Sec-3 Upashor', 38, 315, 4607),
(855, 'Rajabari hat', 38, 311, 4561),
(856, 'Rajabari hat', 38, 311, 0),
(857, 'Bamnidaha Charghat Rajshahi', 38, 308, 4543),
(858, 'Bamnidaha Charghat Rajshahi', 38, 308, 4543),
(859, '125 Sagorpara Boalia Rajshahi', 38, 315, 4604),
(860, '125 Sagorpara Boalia Rajshahi', 38, 315, 4604),
(861, '22 C Sector-2 Upashor Rajshahi', 38, 315, 4607),
(862, '22 C Sector-2 Upashor Rajshahi', 38, 315, 4607),
(863, 'Ghoramara Rajshahi', 38, 315, 4604),
(864, 'Horogram Notunpara Rajshahi', 38, 315, 4606),
(865, 'Horogram Notunpara Rajshahi', 38, 315, 4606),
(866, '176 Terokhadia Rajshahi', 38, 315, 4607),
(867, '176 Terokhadia Rajshahi', 38, 315, 4607),
(868, 'Kalika pur', 41, 334, 4806),
(869, 'Kalika pur', 41, 334, 4806),
(870, 'Upashor Housing State Rajshahi', 38, 315, 4607),
(871, 'Upashor Housing State Rajshahi', 38, 315, 0),
(872, 'Mohisbatan Rajpara Rajpara', 38, 315, 4606),
(873, 'Mohisbatan Rajpara Rajpara', 38, 315, 4606),
(874, 'Horogram Munsipara Rajshahi', 38, 315, 4606),
(875, 'Horogram Munsipara Rajshahi', 38, 315, 0),
(876, 'Laxmipur TB road Rajshahi', 38, 315, 4593),
(877, 'Laxmipur TB road Rajshahi', 38, 315, 4593),
(878, '37 Sepaipara Rajshahi', 38, 315, 4593),
(879, '37 Sepaipara Rajshahi', 38, 315, 4593),
(880, '567 Padma Abasic', 38, 315, 4593),
(881, 'Seroil Ghoramara Rajshahi', 38, 315, 4604),
(882, 'Seroil Ghoramara Rajshahi', 38, 315, 4604),
(883, 'Kazihata GPO Rajshahi', 38, 315, 4593),
(884, 'Kazihata GPO Rajshahi', 38, 315, 4593),
(885, 'Kathali bazar Mothiher Rajshahi', 38, 315, 4612),
(886, 'Kathali bazar Mothiher Rajshahi', 38, 315, 0),
(887, '155 Terokhadia ', 38, 315, 4607),
(888, '155 Terokhadia ', 38, 315, 0),
(889, '155 Terokhadia ', 38, 315, 4607),
(890, '107/ A Shal bagan', 38, 315, 4608),
(891, '107/ A Shal bagan', 38, 0, 4512),
(892, 'Ranibazar Ghoramara Boalia Rajshahi', 38, 315, 4604),
(893, 'Ranibazar Ghoramara Boalia Rajshahi', 38, 315, 4604),
(894, 'Rajshahi', 38, 315, 0),
(895, 'Mirzapur', 38, 315, 4612),
(896, 'Bishnupur', 7, 47, 654),
(899, '99, Assam Colony', 38, 487, 0),
(900, '99, Assam Colony', 0, 0, 0),
(901, '580, Dharampur', 38, 315, 0),
(902, '580, Dharampur', 0, 0, 0),
(905, 'Terokhadia(Kachabazar)', 38, 495, 8025),
(906, 'Vill: Kachikata', 40, 325, 8055),
(907, 'Naluabagi', 60, 451, 7125),
(908, 'BIR Bhaban,BIRC', 38, 487, 0),
(909, 'Chaitanya', 4, 29, 422),
(910, 'BIRC, Rajshahi Cantonment', 38, 495, 8020),
(911, 'Bholahat', 39, 318, 4626),
(912, '160/3, Upashahar', 38, 495, 8020),
(913, 'House No.# 128/2, Upashahar', 38, 487, 0),
(914, 'House No.# 128/2, Upashahar', 38, 495, 8023),
(915, 'Vill# Kansat Katgar', 39, 322, 4673),
(916, 'House No.# 250, Road# 03, Padma Housing', 38, 495, 8020),
(917, 'Mohisbathan', 38, 496, 8016),
(918, 'Mohisbathan', 38, 496, 8016),
(919, 'Bosepara', 38, 495, 8020),
(920, 'Bosepara', 38, 495, 8020),
(921, 'House No.# 150, Zinnah Nagar', 38, 495, 8020),
(922, 'House No.# 150, Zinnah Nagar', 38, 495, 8020),
(923, 'Aligonge Batan Para', 38, 496, 8016),
(924, 'Aligonge Batan Para', 38, 496, 8016),
(925, 'Chondebordy', 53, 409, 0),
(926, 'Rajshahi Cantonment', 38, 487, 0),
(927, 'Debinager', 41, 334, 4806),
(928, 'Debinager', 41, 334, 4806),
(929, '58 Boshpara', 38, 487, 8017),
(930, '58 Boshpara', 38, 487, 8017),
(931, 'Porbo Dalamber', 36, 497, 0),
(932, 'Porbo Dalamber', 36, 497, 0),
(933, 'Raninagar', 38, 487, 8017),
(934, 'Raninagar', 38, 487, 8017),
(935, 'Sagarpara', 38, 487, 8017),
(936, 'Sagarpara', 38, 487, 8017),
(937, 'Ramchandrapur', 38, 487, 8017),
(938, 'Ramchandrapur', 38, 487, 8017),
(939, 'Norun', 5, 31, 447),
(940, 'Swapnil Binodpur Bazar', 38, 498, 0),
(941, 'Bazarpara', 39, 489, 0),
(942, 'Bazarpara', 39, 489, 0),
(943, 'Daspukur Bank Colony', 38, 496, 8016),
(944, 'Upasahar', 38, 495, 0),
(945, '125, Hatemkhan Shajipara', 38, 495, 0),
(946, '125, Hatemkhan Shajipara', 0, 0, 4512),
(947, 'Kayerdara', 38, 494, 0),
(948, 'Kayerdara', 0, 0, 0),
(949, 'Indrakul Bauphal ', 60, 449, 7048),
(950, 'BIRC Rajshahi Cantonment', 38, 495, 0),
(951, 'Khasbari', 35, 284, 4271),
(952, 'Holding# 364, Notun Bilshimla', 38, 496, 8016),
(953, 'Basontokader', 38, 488, 0),
(954, 'Ordonance Depot., Jessore Cantt.', 48, 380, 5572),
(955, 'Godagari', 38, 311, 4561),
(956, 'Puthia', 38, 314, 4583),
(957, 'Char Anup Nagar', 39, 319, 4643),
(958, 'Paba Natun Para', 38, 494, 0),
(959, 'Hatkalupara', 41, 329, 4754),
(960, 'Hatkalupara', 41, 329, 4754),
(961, 'Horisonkorpur', 38, 311, 4561),
(962, 'Arobpur', 48, 380, 5542),
(963, '25/2 Shantibag', 38, 495, 0),
(964, '25/2 Shantibag', 38, 495, 0),
(965, 'Bahadurpur', 41, 335, 4823),
(966, 'Horogram', 38, 496, 8016),
(967, 'Bimorshi', 39, 322, 4673),
(968, 'Bimorshi', 39, 322, 4673),
(969, 'Namotola', 39, 322, 4673),
(970, '16 Fild Reg. Arty', 24, 200, 3555),
(971, 'Jainagor', 38, 495, 0),
(972, 'Jainagor', 38, 495, 0),
(973, 'Ranibazar', 38, 495, 0),
(974, 'Ranibazar', 38, 495, 0),
(975, 'Ramnagor', 38, 311, 4561),
(976, 'Ramnagor', 38, 311, 4561),
(977, 'Sopura ', 37, 303, 4512),
(978, 'Sopura ', 37, 303, 4512),
(979, 'Zinnahnagor', 38, 495, 0),
(980, 'House# 139, Sector#03, Uposahar', 38, 495, 0),
(981, 'Holding# 527/1, Mohisbathan', 38, 496, 8016),
(982, 'Holding# 527/1, Mohisbathan', 38, 496, 8016),
(983, 'Gopinatpur', 39, 318, 4626),
(984, 'Terokhadia Uttarpara', 38, 495, 0),
(985, 'Kohar', 38, 486, 0),
(986, 'Kohar', 38, 486, 0),
(987, 'Savar', 10, 78, 1267),
(988, 'BIRC Records, Rajshahi Cantonment', 38, 495, 0),
(989, 'Hetemkahan Shobzee Para', 38, 495, 0),
(990, 'Hetemkahan Shobzee Para', 38, 495, 0),
(991, 'Upasahar', 38, 495, 0),
(992, 'Upasahar', 38, 495, 0),
(993, 'Sujailhat', 41, 333, 4801),
(994, 'House#105, Sector#03, Uposahar', 38, 495, 0),
(995, 'Hatkalupara', 41, 329, 4754),
(996, 'Hatkalupara', 41, 329, 4754),
(997, 'Seroil Colony', 38, 495, 0),
(998, 'Seroil Colony', 38, 495, 0),
(999, '152, Upasahar', 38, 495, 0),
(1000, '152, Upasahar', 38, 495, 0),
(1001, 'Salbagan', 38, 495, 0),
(1002, 'Salbagan', 38, 495, 0),
(1003, 'Seroil Santibag', 38, 495, 0),
(1004, 'Seroil Santibag', 38, 495, 0),
(1005, 'Bholahat', 39, 318, 4626),
(1006, '160/3, Upashahar', 38, 495, 0),
(1007, 'Narshingdi', 4, 29, 8018),
(1008, 'Terokhadia', 38, 495, 0),
(1009, 'Habibpur', 36, 299, 4456),
(1010, 'Habibpur', 36, 299, 4456),
(1011, 'Chiniatola', 39, 489, 0),
(1012, 'Chiniatola', 39, 489, 0),
(1013, 'Mohisbathan', 38, 496, 8016),
(1014, 'Mohisbathan', 38, 496, 8016),
(1015, 'Rajapur', 41, 335, 4823),
(1016, '170/3, Chandrima R/A', 38, 495, 0),
(1017, 'Kanshat Millik Kanshat', 39, 322, 4673),
(1018, 'Dashpukur', 38, 496, 8016),
(1019, 'Chala', 43, 354, 5064),
(1020, 'Ramchandrapur', 38, 495, 0),
(1021, '192, Kazihata', 38, 496, 8016),
(1022, '192, Kazihata', 38, 496, 8016),
(1023, 'Mallik Road', 56, 425, 6470),
(1024, 'Jhaotola, Laxmipur', 38, 496, 8016),
(1025, 'Kadirgonj', 38, 495, 0),
(1026, 'Kadirgonj', 38, 495, 0),
(1027, 'Ghatkair Manda', 41, 334, 4806),
(1028, '26, Rajpara', 38, 495, 0),
(1029, '293, Hatem Khan ', 38, 495, 0),
(1030, 'B-474, Laxmipur Rajpara', 38, 496, 8016),
(1031, 'E-558, Paubar Hetemkhan', 38, 495, 0),
(1032, 'E-558, Paubar Hetemkhan', 38, 495, 0),
(1033, 'Ghoramara', 38, 495, 0),
(1034, 'Ghoramara', 38, 495, 0),
(1035, 'Horogram', 38, 496, 8016),
(1036, 'Horogram', 38, 496, 8016),
(1037, 'Seroil Mothpukur', 38, 495, 0),
(1038, 'Seroil Mothpukur', 38, 495, 0),
(1039, '105/2, Upashahar Housing Estate', 37, 303, 0),
(1040, '105/2, Upashahar Housing Estate', 38, 495, 0),
(1041, 'Depashai', 1, 5, 21),
(1042, '24/2, Uposhahar', 38, 495, 0),
(1043, 'Holding# 466, Kazihata', 38, 496, 8016),
(1044, 'Holding# 466, Kazihata', 38, 496, 8016),
(1045, 'H-147, Ranibazar ', 38, 495, 0),
(1046, 'H-147, Ranibazar ', 38, 495, 0),
(1047, 'H-63, Dingadoba', 38, 496, 8016),
(1048, 'H-63, Dingadoba', 38, 496, 8016),
(1049, 'Hatkhujipur', 38, 499, 0),
(1050, '153/1, Terokhadia', 38, 495, 0),
(1051, 'Kadirgonj', 38, 495, 0),
(1052, 'Kadirgonj', 38, 495, 0),
(1053, 'Vaskar Villa, G-425, Sultanabad', 38, 495, 0),
(1054, 'Vaskar Villa, G-425, Sultanabad', 38, 495, 0),
(1055, 'Horogram', 38, 496, 8016),
(1056, 'Horogram', 38, 496, 8016),
(1057, '164/A, Ganakpara', 38, 495, 0),
(1058, '164/A, Ganakpara', 38, 495, 0),
(1059, '121, Sagarpara', 38, 495, 0),
(1060, '121, Sagarpara', 38, 495, 0),
(1061, 'Madaripur', 40, 328, 4742),
(1062, 'Sipai Para', 38, 495, 0),
(1063, 'Bulonpur', 38, 498, 0),
(1064, 'Bulonpur', 38, 498, 0),
(1065, 'Baharampur', 38, 496, 8016),
(1066, 'Baharampur', 38, 496, 8016),
(1067, 'Ekbarpur', 39, 322, 4673),
(1068, 'House#19, Sector#02,Road#02, Uposahar', 38, 495, 0),
(1069, 'Galua Bazar', 58, 441, 0),
(1070, 'BIRC Trg Bn', 38, 495, 0),
(1071, 'Parala', 48, 384, 5638),
(1072, 'Rajshahi Cantonment', 38, 495, 0),
(1073, 'Mosjid Para', 39, 319, 4643),
(1074, 'Kashiadanga', 38, 496, 8016),
(1075, 'Boalia', 38, 495, 0),
(1076, 'Boalia', 38, 495, 0),
(1077, 'Borodangri', 10, 75, 1194),
(1078, 'BIRC Record Wing', 38, 495, 0),
(1079, 'Chunakhali', 39, 319, 4648),
(1080, 'Ujalkhali', 38, 309, 4556),
(1081, 'Ujalkhali', 38, 309, 4556),
(1082, 'Raninagor Solonga', 43, 357, 5137),
(1083, 'Rajshahi Cantonment', 38, 495, 0),
(1084, '118, Bihash', 38, 498, 0),
(1085, '118, Bihash', 38, 498, 0),
(1086, 'Biswash Para', 37, 302, 4499),
(1087, 'BIRC Record Wing', 38, 495, 0),
(1088, 'D-225, Pathanpara', 38, 495, 0),
(1089, 'D-225, Pathanpara', 38, 495, 0),
(1090, 'Uposahar', 38, 495, 0),
(1091, 'Uposahar', 38, 495, 0),
(1092, 'Abhyagotpara', 38, 499, 0),
(1093, 'Abhyagotpara', 38, 499, 0),
(1094, 'Rajshahi Cantonment', 38, 495, 0),
(1095, 'Rajshahi Cantonment', 38, 495, 0),
(1096, 'Holding# 40, Medical College Road', 38, 495, 0),
(1097, 'Holding# 40, Medical College Road', 38, 495, 0),
(1098, 'House#103, Borobongram', 38, 494, 0),
(1099, 'House#103, Borobongram', 38, 494, 0),
(1100, '64, Musalman Para', 62, 464, 7514),
(1101, 'BIRC Rajshahi Cantonment', 38, 495, 0),
(1102, 'Rosulpur Kakonhat', 38, 311, 0),
(1103, 'Bohorompur', 38, 496, 8016),
(1104, 'Namonimagachi', 39, 319, 4643),
(1105, 'Namonimagachi', 39, 319, 4643),
(1106, 'Tenthulia', 38, 495, 0),
(1107, 'House#274, Uposahar', 38, 495, 0),
(1108, 'Dorgapara', 38, 495, 0),
(1109, 'Dorgapara', 38, 495, 0),
(1110, 'Farida Manjil, Kadirgonj', 38, 495, 0),
(1111, 'Farida Manjil, Kadirgonj', 38, 487, 0),
(1112, 'Shanti Neer', 56, 425, 6470),
(1113, 'Station Head Quarter, Rajshahi Cantonment', 38, 495, 0),
(1114, 'Boilsin Bagmara', 38, 499, 0),
(1115, 'Boilsin Bagmara', 38, 499, 0),
(1116, 'Mirarbari', 34, 277, 4169),
(1117, '620/A, Terokhadia', 38, 495, 0),
(1118, '556, Raninagar', 38, 495, 0),
(1119, '556, Raninagar', 38, 495, 0),
(1120, 'House# 164', 38, 487, 0),
(1121, 'House# 164', 38, 495, 0),
(1122, 'Shibgang', 39, 322, 4673),
(1123, 'Bohorompur', 38, 496, 0),
(1124, 'Sreepotipur', 35, 283, 4263),
(1125, 'Bilshimla', 38, 496, 0),
(1126, 'Chowdala', 39, 489, 0),
(1127, 'BIRC, Rajshahi Cantonment', 38, 495, 0),
(1128, 'Chakrampur Madrasa More', 40, 327, 4714),
(1129, 'Chakrampur Madrasa More', 40, 327, 4714),
(1130, 'A-168, Upasahar ', 38, 487, 8017),
(1131, 'A-168, Upasahar ', 38, 487, 8017),
(1132, 'Kaziatal', 18, 160, 2610),
(1133, 'House#98, Road#05, Padma R/A', 38, 495, 0),
(1134, '404/2', 38, 495, 0),
(1135, '404/2', 0, 0, 0),
(1136, 'Milky', 39, 319, 4643),
(1137, 'Klantishese, Holding# 173, Block#J', 38, 495, 0),
(1138, '18/3 Upasahar', 38, 495, 0),
(1139, '18/3 Upasahar', 38, 495, 0),
(1140, '13 Asam Colony ', 38, 495, 0),
(1141, '13 Asam Colony ', 38, 495, 0),
(1142, '167/3, Hatemkhan', 38, 495, 0),
(1143, '167/3, Hatemkhan', 38, 495, 0),
(1144, 'House#153, Shepaipara', 38, 495, 0),
(1145, 'House#153, Shepaipara', 38, 495, 0),
(1146, 'Chakpahar Hat Rajbari', 41, 335, 4823),
(1147, 'Chakpahar Hat Rajbari', 41, 335, 4823),
(1148, 'Musule', 10, 78, 1271),
(1149, 'Khilgaon', 1, 4, 0),
(1150, '123', 37, 303, 4512),
(1151, 'Bohrampur, Holding No-122, P.O: G.P.O', 38, 496, 8016),
(1152, 'Kashira', 37, 301, 4486),
(1153, 'Afradpara', 42, 344, 4946),
(1154, 'Rajshahi Cantonment', 38, 494, 8017),
(1155, 'Afradpara', 42, 344, 4946),
(1156, 'Rajshahi Cantonment', 38, 494, 8017),
(1157, 'Nawdapara', 38, 494, 8017),
(1158, 'Nawdapara', 38, 494, 8017);
INSERT INTO `sms_address` (`id`, `address_line`, `district`, `thana`, `post_office_id`) VALUES
(1159, 'Ambagan', 38, 495, 8020),
(1160, 'Ambagan', 38, 495, 8020),
(1161, 'Moishor', 41, 331, 4783),
(1162, '15/1, Choto Bon Gram (Uttar)', 38, 495, 8020),
(1163, 'H/No: 251, Sultanabad, Station Road, ', 38, 495, 8020),
(1164, '243/2, Housing State', 38, 495, 8020),
(1165, 'Parnaogaon', 41, 334, 4806),
(1166, 'S.S.D Rajshahi', 38, 494, 8017),
(1167, 'Vill: Polladanga,Post: Phaynagar', 39, 322, 4673),
(1168, 'House: 25/02, Seroil Shantibag', 38, 495, 8020),
(1169, '257/2, Padma Residential Area, Vodra', 38, 495, 8020),
(1170, '257/2, Padma Residential Area, Vodra', 38, 495, 8020),
(1171, 'Kadia', 37, 302, 4501),
(1172, 'H-556, Road-1/A, Padma Housing ', 38, 495, 8020),
(1173, 'Taragunia', 44, 500, 8021),
(1174, 'House: 75, Flat: AB 5, Road: 14, Sector: 13', 1, 501, 0),
(1175, 'Joynagor', 42, 342, 4909),
(1176, '43, Ranibazar (1st Floor)', 38, 495, 8020),
(1177, 'Kalakhali', 59, 447, 6991),
(1178, 'W/60/F, Rajshahi University Residential Area', 38, 498, 0),
(1179, 'House: J-9 (New Holding-513), Seroil', 38, 495, 8020),
(1180, 'House: J-9 (New Holding-513), Seroil', 38, 495, 8020),
(1181, 'Vill: Harian', 38, 498, 0),
(1182, 'Road: 04, Holding: 194, Padma Residential Arear', 38, 495, 8020),
(1183, '7/2, East Rampura', 1, 502, 8022),
(1184, '38/5, Korotoa Officer''s Residential Area, Rajshahi Cantonment', 38, 495, 0),
(1185, '38/5, Korotoa Officer''s Residential Area, Rajshahi Cantonment', 38, 495, 0),
(1186, 'E-390/218, Hatem Khan', 38, 495, 8023),
(1187, 'E-390/218, Hatem Khan', 38, 495, 8023),
(1188, 'Kazihata', 38, 496, 8016),
(1189, 'Kazihata', 38, 496, 8016),
(1190, 'Kazihata', 38, 496, 8016),
(1191, 'Kazihata', 38, 496, 8016),
(1192, 'Madhainagar', 37, 302, 4490),
(1193, 'Sydney House, Seroil Dosor Mondol Moor', 38, 495, 8020),
(1194, 'Durgapur', 22, 181, 3198),
(1195, 'House:14/2/A (3rd Floor), Road: 3/A, Zigatola, Dhanmondi', 1, 503, 0),
(1196, 'Raysree', 19, 167, 2786),
(1197, 'BIRC, Rajshahi Cantonment', 38, 495, 8020),
(1198, 'Shekher Chalk', 38, 495, 8020),
(1199, 'Shekher Chalk', 38, 495, 8020),
(1200, '16/8, Pallabi', 1, 504, 0),
(1201, 'DGFI, Rajshahi', 38, 495, 8020),
(1202, '44, Debisingpara', 38, 495, 8020),
(1203, '44, Debisingpara', 38, 495, 8020),
(1204, '77/3, Uposhohor', 38, 495, 8024),
(1205, 'Boro Saota', 41, 491, 8026),
(1206, 'Mathurdanga', 38, 494, 8017),
(1207, 'Bara Simla', 41, 491, 8027),
(1208, '18, Asam Colony', 38, 494, 8017),
(1209, 'Baya', 38, 494, 8017),
(1210, '908, Terokhadia College Para', 38, 496, 0),
(1211, 'Madaripur', 38, 317, 4617),
(1212, 'Shalbagan', 38, 495, 8024),
(1213, 'Baharampur', 38, 496, 8016),
(1214, 'Baharampur', 38, 496, 8016),
(1215, 'Dhorbona', 39, 322, 8028),
(1216, 'Vill: 239/1, Kazla', 38, 498, 0),
(1217, 'Lakshmanpara', 41, 331, 8029),
(1218, 'House: 319/B,Sector:01, Uposohor', 38, 495, 8025),
(1219, 'Mokrompur', 39, 489, 8030),
(1220, 'House: 280, TB Road, Laxmipur Sahebpara', 38, 496, 8016),
(1221, 'Keshobpur', 41, 334, 8031),
(1222, 'House: B/327, Sector: 01, Uposohor', 38, 495, 8025),
(1223, 'Mochmoil', 38, 499, 8032),
(1224, 'Pholtola', 38, 494, 8019),
(1225, 'Dattabari', 43, 355, 5081),
(1226, 'BIRC Records, Rajshahi Cantonment', 38, 495, 8025),
(1227, 'Chotomaharajpur', 43, 354, 5064),
(1228, 'Mothurdanga', 38, 494, 8017),
(1229, 'House: A-83', 38, 495, 8024),
(1230, 'House: A-83', 38, 495, 8024),
(1231, 'C-62, Sopura Miapara', 38, 495, 8024),
(1232, 'C-62, Sopura Miapara', 38, 495, 8024),
(1233, 'Chithulia', 43, 354, 5080),
(1234, 'Holding No.: 666, Dorikharbona', 38, 495, 8025),
(1235, 'Daulatpur', 44, 500, 8033),
(1236, 'Terokhadia Middle Para', 38, 496, 8016),
(1237, 'Mirzapur Dier', 40, 493, 8034),
(1238, 'Holding No.: 35, Block No.: E', 38, 495, 8025),
(1239, 'Kailardair', 39, 322, 4680),
(1240, 'Holding: 58, Terokhadia', 38, 496, 8016),
(1241, 'Ramchandrapur', 38, 495, 8020),
(1242, 'Ramchandrapur', 38, 495, 8020),
(1243, 'Bhimpur', 41, 335, 4823),
(1244, '120 Natore Road, Shaheb Bazar', 38, 495, 8020),
(1245, 'Kashimpur', 38, 311, 8035),
(1246, 'Kashimpur', 38, 311, 8035),
(1247, 'Bagdanga', 39, 319, 4649),
(1248, '10, Garden View, Sopura', 38, 495, 8024),
(1249, 'Dingedah', 46, 368, 5372),
(1250, '128, Kazi Hata', 38, 496, 8016),
(1251, 'E-869, Kadirgonj', 38, 495, 8023),
(1252, 'E-869, Kadirgonj', 38, 495, 8023),
(1253, 'Plot:314, Road: 01, Padma Residential Area, Vadra', 38, 495, 8020),
(1254, '6-E, Padma Tower (6th Floor), Plot: 257, Road: 02, Padma Residential Area', 38, 495, 8020),
(1255, '654/2, Dorikhorbona', 38, 495, 8024),
(1256, '654/2, Dorikhorbona', 38, 495, 8024),
(1257, 'Jhinar Para', 38, 317, 4623),
(1258, '110, Nutun Bilsimla', 38, 496, 8016),
(1259, 'House: 149, Sector: 03, Uposohor Housing Estate', 38, 495, 8025),
(1260, 'House: 149, Sector: 03, Uposohor Housing Estate', 38, 495, 8025),
(1261, 'Krishnapur', 38, 488, 0),
(1262, 'House: 253, Laxmipur', 38, 496, 8016),
(1263, 'Uzala Metal Pharmacy', 38, 496, 8016),
(1264, 'Uzala Metal Pharmacy', 38, 496, 8016),
(1265, '296, Ramchandrapur', 38, 495, 8020),
(1266, 'Sue Beg House', 38, 495, 8020),
(1267, 'Paba Para', 38, 494, 8017),
(1268, 'Paba Para', 38, 494, 8017),
(1269, 'Mohonbug', 39, 322, 4680),
(1270, 'Laxmipur', 38, 496, 8016),
(1271, 'A/71', 38, 495, 8025),
(1272, 'A/71', 38, 495, 8025),
(1273, 'D-179, Pathanpara', 38, 495, 8023),
(1274, 'D-179, Pathanpara', 38, 495, 8023),
(1275, 'Sopura', 38, 495, 8024),
(1276, 'Sopura', 38, 495, 8024),
(1277, 'Damodi', 38, 505, 8036),
(1278, 'Seroil', 38, 495, 8020),
(1279, 'Paikura', 9, 65, 1027),
(1280, '877/A, 1 No. Lane, Terokhadia', 38, 496, 8016),
(1281, '321/2, Housing Estate, Uposohor', 38, 495, 8025),
(1282, '321/2, Housing Estate, Uposohor', 38, 495, 8025),
(1283, 'Pathan Para (School Road)', 39, 319, 4643),
(1284, 'Holding No.# 292, Hatemkhan Choto Maszeed', 38, 495, 8023),
(1285, 'Bonpara', 40, 507, 8037),
(1286, '23/A, (3rd Floor), Hatem Khan Sobjipara', 37, 303, 0),
(1287, 'Khandakar Para', 36, 298, 4434),
(1288, 'Noor Nibash, Monnafer Moor', 38, 498, 0),
(1289, '153, Sipaipara', 38, 496, 8016),
(1290, '153, Sipaipara', 38, 496, 8016),
(1291, 'Dhananjoypara', 38, 505, 8050),
(1292, '457/2, Bohorompur', 38, 496, 8016),
(1293, 'Chondrima Abasik, Vodra', 38, 495, 8020),
(1294, 'Chondrima Abasik, Vodra', 38, 495, 0),
(1295, 'Bilbakri', 42, 508, 8038),
(1296, 'BRAC Learning Centre', 37, 303, 0),
(1297, 'Hetem Khan', 38, 495, 8023),
(1298, '127/1, Pabapara', 38, 494, 8017),
(1299, 'House: 240, Kadirgong, Dorikhorbona', 38, 495, 8025),
(1300, '174, New Bil Simla', 38, 496, 8016),
(1301, '174, New Bil Simla', 38, 496, 8016),
(1302, '1136/01, UP Para, Sapahar', 41, 340, 4879),
(1303, '905/4, Terokhadia', 38, 496, 8016),
(1304, 'Bogra Sadar', 36, 289, 4346),
(1305, 'Terokhadia', 38, 494, 8017),
(1306, 'Bharampur', 38, 496, 8016),
(1307, 'Bharampur', 38, 496, 8016),
(1308, 'House: 288, Char Ani Bazar', 38, 505, 8036),
(1309, '66/A, Terokhadia', 38, 496, 8016),
(1310, 'House: 352, Sopura (Shalbagan)', 38, 495, 8020),
(1311, 'House: 352, Sopura (Shalbagan)', 38, 495, 8020),
(1312, 'Kansat Bazar', 39, 322, 4673),
(1313, 'House: 46/1, Terokhadia', 38, 495, 8020),
(1314, 'Shibgonj', 39, 322, 4673),
(1315, '907, College Para, Terokhadia', 38, 496, 8016),
(1316, 'Binodpur', 51, 397, 5912),
(1317, '378, New Bilsimla', 38, 496, 8016),
(1318, '33, Probortona, Notun Bilsimla', 38, 496, 8016),
(1319, '33, Probortona, Notun Bilsimla', 38, 496, 8016),
(1320, '43/2, Uposohor', 38, 495, 8025),
(1321, '43/2, Uposohor', 38, 495, 8025),
(1322, 'Zia Shimulia', 41, 330, 8039),
(1323, 'DPMG Office', 38, 496, 8016),
(1324, 'Beroil', 38, 311, 8040),
(1325, 'Harogram Purbo Para', 38, 496, 8016),
(1326, 'Uttar Bhabanipur', 39, 319, 8041),
(1327, 'House: 174, Road: 04, Padma Residential Area, Vodra', 38, 495, 8020),
(1328, 'House: 789, Terokhadia Uttarpara', 38, 496, 8016),
(1329, 'House: 789, Terokhadia Uttarpara', 38, 496, 8016),
(1330, 'Malati', 7, 50, 8042),
(1331, 'House: 91/2, Uposohor', 38, 495, 8024),
(1332, 'Miapara', 39, 319, 4643),
(1333, 'House: 210, Shakher Chalk', 38, 495, 8020),
(1334, 'House: B-527, Uposohor', 38, 495, 8025),
(1335, 'House: 18/3, Uposohor', 38, 495, 8025),
(1336, 'Barakoya', 38, 499, 8043),
(1337, 'House: 258, Daspukur Bank Colony', 38, 496, 8016),
(1338, 'Naodapara', 38, 494, 8017),
(1339, 'Naodapara', 38, 494, 8017),
(1340, 'Kaloir', 39, 320, 8044),
(1341, 'Sultanabad', 38, 495, 8020),
(1342, 'House:293, Mohisbathan', 38, 496, 8016),
(1343, 'House:293, Mohisbathan', 38, 496, 8016),
(1344, 'Kumarpur', 38, 499, 8045),
(1345, 'Kumarpur', 38, 499, 8045),
(1346, '48/1, Bonpukur, Hatemkhan', 38, 495, 8020),
(1347, '250/2, Uposohor', 38, 495, 8025),
(1348, 'Kadirgonj, Dorikhorbona', 38, 495, 8025),
(1349, 'Kadirgonj, Dorikhorbona', 38, 495, 8025),
(1350, 'Shaljore', 38, 499, 8046),
(1351, 'Office of the Chief Engineer, North-Western Zone', 38, 494, 8017),
(1352, 'Chalksorkutia', 40, 493, 8047),
(1353, 'House: 40, Uposohor', 38, 495, 8025),
(1354, 'Ramchandrapur', 7, 48, 678),
(1355, '171/2, Uposohor', 38, 495, 8025),
(1356, 'Malgram', 36, 289, 4346),
(1357, '21/2, Greater Road, Laxmipur', 38, 496, 8016),
(1358, '540, Laxmipur Jhawtala', 38, 496, 8016),
(1359, '540, Laxmipur Jhawtala', 38, 496, 8016),
(1360, 'Puthia', 38, 505, 0),
(1361, '66/2, Mursida Villa, Uposohor', 38, 495, 8025),
(1362, 'Horidebpur', 38, 317, 4614),
(1363, 'Horidebpur', 38, 317, 4614),
(1364, 'House: 45, Shalbagan', 38, 495, 8024),
(1365, 'Kazihata, C.N.B', 38, 496, 8016),
(1366, 'Kazihata, C.N.B', 38, 496, 8016),
(1367, '33, New Bilsimla', 38, 496, 8016),
(1368, '33, New Bilsimla', 38, 496, 8016),
(1369, 'Terokhadia', 38, 496, 8016),
(1370, 'Terokhadia', 38, 496, 8016),
(1371, 'House: 277, Anderkota', 52, 400, 5985),
(1372, '17/1, Flat No.: D-1, Sultanabad', 38, 495, 8020),
(1373, '4/1, Baharampur Bank Coloni', 38, 496, 8016),
(1374, '4/1, Baharampur Bank Coloni', 38, 496, 8016),
(1375, 'House: 122, Vatapara', 38, 496, 8016),
(1376, 'House: 122, Vatapara', 38, 496, 8016),
(1377, 'B-275, Laxmipur, Greater Road', 38, 496, 8016),
(1378, 'B-275, Laxmipur, Greater Road', 38, 496, 8016),
(1379, 'Apipara', 38, 486, 8048),
(1380, 'Bohorompur', 38, 496, 8016),
(1381, 'H-256, Alupotti', 38, 495, 8020),
(1382, 'H-256, Alupotti', 38, 495, 8020),
(1383, 'Ramchandrapur', 38, 495, 8020),
(1384, 'Seroil Shantibag', 38, 495, 8020),
(1385, 'B: 449, Sector:01, Uposohor', 38, 495, 8025),
(1386, 'B: 449, Sector:01, Uposohor', 38, 495, 8025),
(1387, 'Kallanpoor', 42, 348, 8049),
(1388, '335/2, Uposohor', 38, 495, 8025),
(1389, 'Alfadanga', 52, 398, 5936),
(1390, 'C/O: Ariful Islam, Regional Manager, BRAC Regional Office', 38, 486, 0),
(1391, 'Nowdapara', 38, 494, 8017),
(1392, '439/A, Dorikhorbona', 38, 496, 8016),
(1393, '439/A, Dorikhorbona', 38, 496, 8016),
(1394, '346/2 Upashahar Housing Estate', 38, 495, 8025),
(1395, '346/2 Upashahar Housing Estate', 38, 495, 8025),
(1396, 'Naodapara, Airport Road', 38, 494, 8017),
(1397, 'Naodapara, Airport Road', 38, 494, 8017),
(1398, 'Mohangonj', 38, 499, 8051),
(1399, '137, Chotobongram (Pochhimpara)', 38, 495, 8024),
(1400, 'Holding: 31, Raninagar, Bazlar Rahman Road', 38, 495, 8020),
(1401, 'Holding: 31, Raninagar, Bazlar Rahman Road', 38, 495, 8020),
(1402, 'House: 321, Sagarpara', 38, 495, 8020),
(1403, 'House: 321, Sagarpara', 38, 495, 8020),
(1404, 'House: 28, Road:02, Parijat Abasik Elaka', 38, 495, 8020),
(1405, 'House: 28, Road:02, Parijat Abasik Elaka', 38, 495, 8020),
(1406, 'Sewria', 44, 360, 8052),
(1407, '150/1, Ambagan, Kadirgonj', 38, 495, 8025),
(1408, '492, Seroil', 38, 495, 8020),
(1409, '492, Seroil', 38, 495, 8020),
(1410, 'Bose Para', 38, 495, 8020),
(1411, 'Bose Para', 38, 495, 8020),
(1412, 'House: 86, Sheroil Shantibag', 38, 495, 8020),
(1413, 'House: 342, Sector: 02, Uposohor', 38, 495, 8025),
(1414, 'House: 208, Kadirgonj, Dorikhorbona', 38, 495, 8023),
(1415, 'Sharisha', 42, 348, 8053),
(1416, 'House: 157, Road:04, Padma R/A', 38, 495, 8020),
(1417, '35/1, Paba Natun Para', 38, 494, 8017),
(1418, '35/1, Paba Natun Para', 38, 494, 8017),
(1419, 'House: 156, Ganakpara', 38, 495, 8020),
(1420, 'House: 156, Ganakpara', 38, 495, 8020),
(1421, 'Plot: 06, Holding: 97/1, Paba Natunpara', 38, 494, 8017),
(1422, 'Plot: 06, Holding: 97/1, Paba Natunpara', 38, 494, 8017),
(1423, '95/3, Sector: 3, Uposohor', 38, 495, 8025),
(1424, '95/3, Sector: 3, Uposohor', 38, 495, 8025),
(1425, 'Ruppur Bhaban, Kazihata, Greater Road', 38, 496, 8016),
(1426, 'Ruppur Bhaban, Kazihata, Greater Road', 38, 496, 8016),
(1427, 'Barashanta', 41, 491, 8026),
(1428, '187, Baliapukur, Chotobattala', 38, 495, 8020),
(1429, 'Shakher Chok', 38, 495, 8020),
(1430, 'Koerdara', 38, 495, 8024),
(1431, 'G-258, Shostitala', 38, 495, 8020),
(1432, 'G-258, Shostitala', 38, 495, 8020),
(1433, '384/2 Uposhahar', 38, 495, 8025),
(1434, '384/2 Uposhahar', 38, 495, 8025),
(1435, '262/3 Upashahar', 38, 495, 8024),
(1436, '233/3 Upashahar', 38, 495, 8024),
(1437, 'Moddho Noadapara', 38, 494, 8017),
(1438, 'Moddho Noadapara', 38, 494, 8017),
(1439, 'Marulla', 41, 490, 8056),
(1440, 'House: 102 (3rd Floor), Sectior: 02, Uposohor', 38, 495, 8025),
(1441, 'Holding No.:42/5, Roypara Baypass', 38, 496, 8016),
(1442, 'Holding No.:42/5, Roypara Baypass', 38, 496, 8016),
(1443, 'House: 107, Bollovegong', 38, 495, 8020),
(1444, 'House: 107, Bollovegong', 38, 495, 8020),
(1445, 'Holding No.: 301, Mollapara', 38, 496, 8016),
(1446, 'Holding No.: 301, Mollapara', 38, 496, 8016),
(1447, 'Panchupur', 41, 491, 8095),
(1448, '81/2, Uposohor', 38, 495, 8025),
(1449, 'Holding No.: 128, Seroil Colony, Road No.:01', 38, 495, 8020),
(1450, 'Holding No.: 128, Seroil Colony, Road No.:01', 38, 495, 8020),
(1451, 'Shalainagar', 40, 509, 8091),
(1452, 'Holding No.: J -152, Kadirgonj (Eidgah Field)', 38, 495, 8023),
(1453, '511, Word No: 8, Kazihata', 38, 496, 8016),
(1454, '511, Word No: 8, Kazihata', 38, 496, 8016),
(1455, 'House No.: 23, Baharampur', 38, 496, 8016),
(1456, 'House No.: 23, Baharampur', 38, 496, 8016),
(1457, 'House: 51, Kazihata', 38, 496, 8016),
(1458, 'House: 51, Kazihata', 38, 496, 8016),
(1459, 'Nicha Dhumi', 39, 322, 8028),
(1460, '71/2, SSD Rajshahi Cantonment', 38, 495, 8025),
(1461, 'Holding No.: 10, Borokuthipara', 38, 495, 8020),
(1462, 'Holding No.: 10, Borokuthipara', 38, 495, 8020),
(1463, 'Baliapukur', 38, 495, 8020),
(1464, 'Baliapukur', 38, 495, 8020),
(1465, 'Bishnupur', 41, 339, 4868),
(1466, 'House: 141, Sector: 02, Uposohor', 38, 495, 8025),
(1467, 'House: 248, Abul Manjil, Keshobpur', 38, 496, 8016),
(1468, '102/A, Jahangir Plaza, Greater Road', 38, 495, 8023),
(1469, 'Baharam', 39, 319, 4648),
(1470, 'Naldangahat', 40, 493, 8093),
(1471, '76/16, Zinnahnagar', 38, 495, 8025),
(1472, 'Haripur', 38, 306, 8057),
(1473, 'S.E. Building, BMDA HQ Campus', 38, 496, 8016),
(1474, 'Muddojhina', 38, 499, 8058),
(1475, 'House: 301, Boktirabad', 38, 495, 8023),
(1476, 'Jalmuchmari', 39, 322, 4673),
(1477, 'Khutipara', 38, 505, 8060),
(1478, 'Hatemkhan', 38, 495, 8020),
(1479, 'Danripata', 39, 489, 8061),
(1480, '257/3, Uposohor Housing Estate', 38, 495, 8024),
(1481, 'House: 407, East Khabaspur', 52, 402, 5998),
(1482, '543/B, Sector:1, Uposohor', 38, 495, 8025),
(1483, '196/3,Housing Estate, Sopura', 38, 495, 8024),
(1484, '196/3,Housing Estate, Sopura', 38, 495, 8024),
(1485, 'Azogora', 39, 489, 8061),
(1486, 'House: 206/2, Uposohor Housing Estate', 38, 495, 8025),
(1487, '90/A, Mohishbathan', 38, 496, 8016),
(1488, '90/A, Mohishbathan', 38, 496, 8016),
(1489, 'Shahapur', 38, 317, 8090),
(1490, '99/2, Uposohor', 38, 495, 8025),
(1491, 'Barapai', 41, 490, 8064),
(1492, '198/3, Uposohor', 38, 495, 8025),
(1493, 'Jinnahnagar', 38, 495, 8025),
(1494, 'Kanpara', 38, 309, 4554),
(1495, 'House: 166, Kadirgonj', 38, 495, 8020),
(1496, 'Boiragir Char', 44, 500, 8092),
(1497, 'Holding No.: 156, Ward No.: 14, Sector: 01, Uposohor Water Tank', 38, 495, 8025),
(1498, '50/2-A, Bakterpur, Savar', 1, 9, 101),
(1499, '534/A,Terokhadia Moddhopara', 38, 496, 8016),
(1500, '45/3, Housing Estate, Sopura', 38, 495, 8024),
(1501, '45/3, Housing Estate, Sopura', 38, 495, 8024),
(1502, 'Bonpara', 40, 507, 8066),
(1503, '260/3, Uposohor Housing Estate', 38, 495, 8025),
(1504, 'Paba Para', 38, 494, 8017),
(1505, 'Paba Para', 38, 494, 8017),
(1506, '75/A Seroil', 38, 495, 8020),
(1507, '75/A Seroil', 38, 495, 8020),
(1508, '100/A, South Nowdapara', 38, 494, 8017),
(1509, 'Holding No: 511, Uposohor New Market Road, Ultimate Aditi Apartment Association', 38, 495, 8025),
(1510, 'Nobabgang', 38, 495, 8020),
(1511, 'Holding No.: 09, Ambagan', 38, 495, 8025),
(1512, 'Kaligram', 41, 490, 8068),
(1513, 'House: 16, Sector: 03, Uposohor', 38, 495, 8025),
(1514, 'Shalbagan', 38, 495, 8024),
(1515, '38/A, Shalbagan', 38, 495, 8024),
(1516, 'Rohanpur Nutun Bazar', 39, 489, 8069),
(1517, 'House: 148, Ambagan', 38, 496, 8016),
(1518, 'Ekbarpur', 39, 322, 4683),
(1519, 'House: 19, Sector: 02, Uposohor', 38, 495, 8025),
(1520, 'Dariapur', 39, 319, 4644),
(1521, '518/3, Kazihata, Shershah Road, Laxmipur', 38, 496, 8016),
(1522, 'Uttor Nowdapara', 38, 494, 8017),
(1523, 'Rasulpur', 38, 309, 8070),
(1524, 'House: 50, Sector:03, Uposohor', 38, 495, 8025),
(1525, 'Bamon Majhgram', 40, 328, 8062),
(1526, 'House: 102/2, Uposohor', 38, 495, 8025),
(1527, 'House No.: B-485, Uposohor', 38, 495, 8024),
(1528, 'House No.: B-485, Uposohor', 38, 495, 8024),
(1529, 'Maktapur', 39, 320, 4653),
(1530, 'House: 65/3, Uposohor', 38, 495, 8025),
(1531, 'Sayedpur', 20, 169, 2851),
(1532, 'Fudkipara, Saheb Bazar', 38, 495, 8020),
(1533, 'House: 231/16, Kayerdara Bilpara', 38, 494, 8017),
(1534, 'House: 231/16, Kayerdara Bilpara', 38, 494, 8017),
(1535, 'House No.: 155/1, Sopura', 38, 495, 8024),
(1536, 'House No.: 155/1, Sopura', 38, 495, 8024),
(1537, 'Pirgasha', 38, 505, 8050),
(1538, 'House: 198/3, Road: 05, Uposohor', 38, 495, 8025),
(1539, 'Kharakpur', 39, 322, 8072),
(1540, 'Terokhadia Uttarpara', 38, 496, 8016),
(1541, '7/2, TB Cross Road', 62, 464, 7458),
(1542, 'House: 285, Sector: 2, Uposohor', 38, 495, 8025),
(1543, 'House No.: 62, Seroil Shantibag', 38, 495, 8020),
(1544, 'House No.: 62, Seroil Shantibag', 38, 495, 8020),
(1545, 'Trimohoni Ranibari', 39, 322, 4676),
(1546, 'Terokhadia', 38, 496, 8016),
(1547, 'House No.: 172/A, Uposohor', 38, 495, 8025),
(1548, 'House No.: 172/A, Uposohor', 38, 495, 8025),
(1549, 'Bosuwa Utto Para', 38, 486, 0),
(1550, 'Ahmmed Nagar', 38, 495, 8020),
(1551, 'Dhokrakul', 38, 505, 8073),
(1552, 'House No.: A/14, Chotobongram Housing Quarter, Sopura', 38, 495, 8024),
(1553, 'Bohorom', 39, 322, 8074),
(1554, 'Bohorom', 39, 322, 8074),
(1555, 'Rajarampur', 39, 319, 4646),
(1556, 'House No.: 102/2, Uposohor', 38, 495, 8025),
(1557, 'Shantineer, New College Road (Boiddopara)', 56, 425, 6470),
(1558, 'Officer''s Quarter, BIRC, Rajshahi Cantonment', 38, 495, 8025),
(1559, '158, Debalay, Sultanabad', 38, 495, 8020),
(1560, '158, Debalay, Sultanabad', 38, 495, 8020),
(1561, '238, Sagarpara', 38, 495, 8020),
(1562, '238, Sagarpara', 38, 495, 8020),
(1563, 'Dept. of Public Health Engineering Campus', 38, 496, 8016),
(1564, 'Halabadi', 13, 107, 8075),
(1565, 'House: 482, Road: 09, Padma Residential Area, Vodra', 38, 495, 8020),
(1566, 'H/N: 694, Terokhadia Uttarpara', 38, 496, 8016),
(1567, '53/4 (Doel), Rajshahi Cantonment', 38, 495, 8025),
(1568, '59/1, Shalbagan', 38, 495, 8024),
(1569, '59/1, Shalbagan', 38, 495, 8024),
(1570, 'Huikhali', 42, 348, 8049),
(1571, 'Pacific Cottage, Terokhadia, Shantibag', 38, 496, 8016),
(1572, 'Holding No.: 82, Balijhuri', 8, 62, 972),
(1573, '314, Kazihata', 38, 496, 8016),
(1574, 'A-105, Uposohor', 38, 495, 8025),
(1575, 'A-110, Uposohor', 38, 495, 8025),
(1576, 'Mridhapara, Shantimore', 39, 319, 8076),
(1577, '271, Hatem Khan Choto Masjid, Bornali', 38, 495, 8023),
(1578, 'Holding No.: 04, Hosnigonj', 38, 495, 8023),
(1579, 'Holding No.: 04, Hosnigonj', 38, 495, 8023),
(1580, 'Raysree', 19, 167, 2786),
(1581, 'BIRC Records, Rajshahi Cantonment, Rajshahi', 38, 495, 8025),
(1582, 'Konabaria', 38, 499, 8077),
(1583, '431, Terokhadia', 38, 496, 8016),
(1584, 'Alinagar', 39, 489, 8030),
(1585, 'House: 512, Road: 03, Padma Residential Area, Vodra', 38, 495, 8020),
(1586, '95, Kumar Para', 38, 495, 8020),
(1587, '95, Kumar Para', 38, 495, 8020),
(1588, 'Rejia Bhobon, V-Aid Road, Kalibari Para', 35, 282, 4245),
(1589, 'House: 294/Ka, Oikantik, Sufianer More, Vatapara', 38, 496, 8016),
(1590, 'Deluabari', 41, 490, 8078),
(1591, 'Shamukhdum Thana', 38, 494, 8017),
(1592, 'Bakrabaz', 38, 486, 8079),
(1593, 'Bakrabaz', 38, 486, 8079),
(1594, 'Gowripur', 39, 489, 8080),
(1595, '248/1, Uposohor', 38, 495, 8025),
(1596, 'Buzruckrajarampur', 38, 311, 4561),
(1597, 'Hatemkha Shabjipara', 38, 495, 8023),
(1598, '50/2, Omarpur, Amchattar, Airport Road', 38, 494, 8017),
(1599, '50/2, Omarpur, Amchattar, Airport Road', 38, 494, 8017),
(1600, 'Parila', 38, 486, 8081),
(1601, 'House: 198/3, Road: 05, Uposohor', 38, 495, 8025),
(1602, '131, Hatemkhan Sobjipara', 38, 495, 8023),
(1603, '131, Hatemkhan Sobjipara', 38, 495, 8023),
(1604, 'Baraigram', 40, 507, 8082),
(1605, 'Holding No.: 318, Dashpukur', 38, 496, 8016),
(1606, 'Mastarpara', 41, 333, 4790),
(1607, 'Niamatpur', 41, 335, 4825),
(1608, 'Shalbagan', 38, 495, 8024),
(1609, 'Tangon', 38, 498, 8083),
(1610, 'Tangon', 38, 498, 8083),
(1611, 'Shalbagan', 38, 495, 8020),
(1612, 'Kansat', 39, 322, 8072),
(1613, 'House: 225, Uposohor', 38, 495, 8025),
(1614, '216/2, New Colony', 38, 495, 8020),
(1615, '216/2, New Colony', 38, 495, 8020),
(1616, 'House: 419, Terokhadia', 38, 496, 8016),
(1617, 'House: 419, Terokhadia', 38, 496, 8016),
(1618, 'Hatnabad', 38, 311, 8084),
(1619, '89, Ambagan', 38, 495, 8025),
(1620, 'Kansat Sikarpur', 39, 322, 8072),
(1621, 'House: 204/A, Dorikhorbona', 38, 496, 8016),
(1622, 'Nonahar', 41, 510, 8085),
(1623, 'Holding No.: 239, Hosnigonj', 38, 495, 8025),
(1624, 'Rajarampur', 39, 319, 4646),
(1625, 'Belderpara, Sultanabad', 38, 495, 8020),
(1626, 'Seroil', 38, 495, 8020),
(1627, 'House: 75/A, Seroil', 38, 495, 8020),
(1628, 'Salemabad', 39, 322, 4673),
(1629, '86/1, Notun Bilshimla', 38, 496, 8016),
(1630, 'Kismot Maria', 38, 309, 8087),
(1631, '174/A, Uposohor', 38, 495, 8025),
(1632, 'Narical Baria', 38, 495, 8088),
(1633, 'Narical Baria', 38, 495, 8088),
(1634, '122/2, Uposohor Housing Estate', 38, 495, 8025),
(1635, '122/2, Uposohor Housing Estate', 38, 495, 8025),
(1636, 'House: B-275, Greater Road, Laxmipur', 38, 496, 8016),
(1637, 'House: B-275, Greater Road, Laxmipur', 38, 496, 8016),
(1638, 'Alaipur', 40, 327, 4714),
(1639, 'Uposohor', 38, 495, 8025),
(1640, 'Uposohor', 38, 495, 8025),
(1641, 'Uposohor', 38, 495, 8025),
(1642, 'Paba Natun Para', 38, 494, 8017),
(1643, 'Vatopara', 38, 311, 8089),
(1644, 'Terokhadia', 38, 496, 8016),
(1645, 'Bongram', 42, 344, 4934),
(1646, 'Terokhadia', 38, 495, 8023),
(1647, '102/2, Uposohor', 38, 495, 8025),
(1648, 'Kadirgonj', 38, 495, 8020),
(1649, 'Kadirgonj', 38, 495, 8020),
(1650, '48/2, Firozabad', 38, 495, 8020),
(1651, '184 (3rd Floor) Greater road, Laxmipur', 38, 496, 8016),
(1652, '184 (3rd Floor) Greater road, Laxmipur', 38, 496, 8016),
(1653, 'House No.: 17, Sopura Silk', 38, 495, 8025),
(1654, 'House: 65/3, Uposohor', 38, 495, 8025),
(1655, 'Paba Natun Para', 38, 494, 8017),
(1656, 'probortona, 33, New Bilsimla', 38, 496, 8016),
(1657, 'probortona, 33, New Bilsimla', 38, 496, 8016),
(1660, '15/2, Ahemmednagar, Sopura', 38, 494, 8017),
(1661, '15/2, Ahemmednagar, Sopura', 38, 494, 8017),
(1662, 'Bogra', 36, 297, 4412),
(1663, 'Rajshahi Govt. Womens College', 38, 495, 8023),
(1664, 'H-Notun Bilsimla', 38, 496, 8016),
(1665, 'Chatmohor', 42, 344, 4946),
(1666, 'Cantonment Board Office', 38, 495, 8024),
(1667, '217/2, Natunpara', 38, 486, 8048),
(1668, '217/2, Natunpara', 38, 486, 8048),
(1669, 'Kashipour, Jonail', 40, 507, 8082),
(1670, '906/Terojhadia', 38, 494, 8017),
(1671, 'Motihar', 38, 488, 0),
(1672, 'Shiroil', 38, 495, 8020),
(1673, 'Matir Maya, Professor Para', 38, 495, 8024),
(1674, 'Matir Maya, Professor Para', 38, 495, 8024),
(1675, '305/2 Ullon Road, West Rampura', 1, 4, 0),
(1676, '111/6, DFFRS, Family Quarter, Rajshahi Cantonment', 38, 495, 8024),
(1677, 'kalai', 37, 303, 4512),
(1678, 'kalai', 37, 303, 4512),
(1679, 'kalai', 37, 303, 4512),
(1680, 'kalai', 37, 303, 4512);

-- --------------------------------------------------------

--
-- Table structure for table `sms_admission`
--

CREATE TABLE IF NOT EXISTS `sms_admission` (
  `id` bigint(20) unsigned NOT NULL,
  `student_id` bigint(20) unsigned DEFAULT NULL,
  `student_type_id` tinyint(3) NOT NULL,
  `class_id` bigint(20) unsigned DEFAULT NULL,
  `section_id` bigint(20) unsigned DEFAULT NULL,
  `sylabus_id` bigint(20) unsigned DEFAULT NULL,
  `session` year(4) DEFAULT NULL,
  `class_roll` int(10) unsigned DEFAULT NULL,
  `board_roll` varchar(20) DEFAULT NULL,
  `board_regino` varchar(20) NOT NULL,
  `birth_regino` varchar(25) NOT NULL,
  `index_no` varchar(15) NOT NULL,
  `fee` float(8,2) unsigned DEFAULT NULL,
  `status` enum('ACTIVE','INACTIVE','PENDING') DEFAULT 'ACTIVE',
  `comments` varchar(255) DEFAULT NULL,
  `created_at` timestamp NOT NULL DEFAULT CURRENT_TIMESTAMP,
  `created_by` bigint(20) unsigned DEFAULT NULL
) ENGINE=InnoDB AUTO_INCREMENT=2 DEFAULT CHARSET=latin1;

--
-- Dumping data for table `sms_admission`
--

INSERT INTO `sms_admission` (`id`, `student_id`, `student_type_id`, `class_id`, `section_id`, `sylabus_id`, `session`, `class_roll`, `board_roll`, `board_regino`, `birth_regino`, `index_no`, `fee`, `status`, `comments`, `created_at`, `created_by`) VALUES
(1, 1, 1, 7, 4, 11, 2016, 1, '130170', '278549', '1215522', '001', 2500.00, 'ACTIVE', 'test', '2015-12-20 08:57:34', 1250);

--
-- Triggers `sms_admission`
--
DELIMITER $$
CREATE TRIGGER `admission_ad` AFTER DELETE ON `sms_admission`
 FOR EACH ROW begin
 update sms_student set admission_id = NULL where id = OLD.student_id;
end
$$
DELIMITER ;
DELIMITER $$
CREATE TRIGGER `admission_ai` AFTER INSERT ON `sms_admission`
 FOR EACH ROW begin
 update sms_student set admission_id = new.id where id = new.student_id;
end
$$
DELIMITER ;

-- --------------------------------------------------------

--
-- Table structure for table `sms_admission_course`
--

CREATE TABLE IF NOT EXISTS `sms_admission_course` (
  `id` bigint(20) unsigned NOT NULL,
  `admission_id` bigint(20) unsigned DEFAULT NULL,
  `course_id` bigint(20) unsigned DEFAULT NULL,
  `created_by` bigint(20) unsigned DEFAULT NULL,
  `created_at` timestamp NOT NULL DEFAULT CURRENT_TIMESTAMP
) ENGINE=InnoDB AUTO_INCREMENT=14 DEFAULT CHARSET=latin1;

--
-- Dumping data for table `sms_admission_course`
--

INSERT INTO `sms_admission_course` (`id`, `admission_id`, `course_id`, `created_by`, `created_at`) VALUES
(1, 1, 26, 1, '2015-12-21 05:54:42'),
(2, 1, 27, 1, '2015-12-21 05:54:42'),
(3, 1, 28, 1, '2015-12-21 05:54:42'),
(4, 1, 29, 1, '2015-12-21 05:54:42'),
(5, 1, 30, 1, '2015-12-21 05:54:42'),
(6, 1, 31, 1, '2015-12-21 05:54:42'),
(7, 1, 32, 1, '2015-12-21 05:54:42'),
(8, 1, 33, 1, '2015-12-21 05:54:42'),
(9, 1, 34, 1, '2015-12-21 05:54:42'),
(10, 1, 36, 1, '2015-12-21 05:54:42'),
(11, 1, 37, 1, '2015-12-21 05:54:42'),
(12, 1, 38, 1, '2015-12-21 05:54:42'),
(13, 1, 39, 1, '2015-12-21 05:54:42');

-- --------------------------------------------------------

--
-- Table structure for table `sms_admission_tuition_fee`
--

CREATE TABLE IF NOT EXISTS `sms_admission_tuition_fee` (
  `id` bigint(20) unsigned NOT NULL,
  `tuition_fee_head_id` bigint(20) NOT NULL,
  `admission_id` bigint(20) NOT NULL,
  `ammount` float(7,2) unsigned DEFAULT '0.00',
  `status` tinyint(1) DEFAULT '1',
  `created_at` timestamp NOT NULL DEFAULT CURRENT_TIMESTAMP,
  `created_by` bigint(20) DEFAULT NULL,
  `updated_at` timestamp NULL DEFAULT NULL,
  `udpated_by` bigint(20) DEFAULT NULL
) ENGINE=InnoDB DEFAULT CHARSET=latin1;

-- --------------------------------------------------------

--
-- Table structure for table `sms_blood_group`
--

CREATE TABLE IF NOT EXISTS `sms_blood_group` (
  `id` tinyint(2) NOT NULL,
  `title` varchar(20) NOT NULL,
  `symbol` varchar(5) NOT NULL
) ENGINE=InnoDB AUTO_INCREMENT=9 DEFAULT CHARSET=latin1;

--
-- Dumping data for table `sms_blood_group`
--

INSERT INTO `sms_blood_group` (`id`, `title`, `symbol`) VALUES
(1, 'A Positive (A+)', 'A+'),
(2, 'A Negative (A-)', 'A-'),
(3, 'B Positive (B+)', 'B+'),
(4, 'B Negative (B-)', 'B-'),
(5, 'AB Positive (AB+)', 'AB+'),
(6, 'AB Negative (AB-)', 'AB-'),
(7, 'O Positive (O+)', 'O+'),
(8, 'O Negative (O-)', 'O-');

-- --------------------------------------------------------

--
-- Table structure for table `sms_book`
--

CREATE TABLE IF NOT EXISTS `sms_book` (
  `id` bigint(20) unsigned NOT NULL,
  `course_title_id` bigint(20) unsigned DEFAULT NULL,
  `class_id` bigint(20) unsigned DEFAULT NULL,
  `title` varchar(100) DEFAULT NULL,
  `writer_name` varchar(150) DEFAULT NULL,
  `book_type_lookup_id` bigint(20) unsigned DEFAULT NULL,
  `status` enum('ACTIVE','INACTIVE') DEFAULT 'ACTIVE',
  `link` varchar(150) NOT NULL,
  `description` varchar(200) DEFAULT NULL,
  `created_at` datetime DEFAULT NULL,
  `created_by` bigint(20) unsigned DEFAULT NULL,
  `updated_at` timestamp NOT NULL DEFAULT CURRENT_TIMESTAMP,
  `updated_by` bigint(20) unsigned DEFAULT NULL
) ENGINE=InnoDB DEFAULT CHARSET=latin1;

-- --------------------------------------------------------

--
-- Table structure for table `sms_bulk_sms`
--

CREATE TABLE IF NOT EXISTS `sms_bulk_sms` (
  `id` int(11) NOT NULL,
  `message` text NOT NULL,
  `mobile` varchar(255) NOT NULL,
  `status` enum('SEND','NOT SEND') NOT NULL,
  `date` timestamp NOT NULL DEFAULT CURRENT_TIMESTAMP ON UPDATE CURRENT_TIMESTAMP
) ENGINE=InnoDB DEFAULT CHARSET=latin1;

-- --------------------------------------------------------

--
-- Table structure for table `sms_class`
--

CREATE TABLE IF NOT EXISTS `sms_class` (
  `id` tinyint(3) unsigned NOT NULL,
  `title` varchar(100) DEFAULT NULL,
  `code` varchar(20) DEFAULT NULL,
  `status` enum('ACTIVE','INACTIVE','PENDING') DEFAULT 'ACTIVE',
  `serial` smallint(5) unsigned DEFAULT NULL,
  `created_at` datetime DEFAULT NULL,
  `updated_at` timestamp NOT NULL DEFAULT '0000-00-00 00:00:00' ON UPDATE CURRENT_TIMESTAMP,
  `created_by` bigint(20) DEFAULT NULL
) ENGINE=InnoDB AUTO_INCREMENT=11 DEFAULT CHARSET=latin1;

--
-- Dumping data for table `sms_class`
--

INSERT INTO `sms_class` (`id`, `title`, `code`, `status`, `serial`, `created_at`, `updated_at`, `created_by`) VALUES
(1, 'One', '07', 'ACTIVE', 3, '2014-06-03 12:28:13', '2016-02-25 04:41:58', 1),
(2, 'Two', '06', 'ACTIVE', 4, '2014-06-09 11:23:12', '2016-02-25 04:40:23', 1),
(3, 'Three', '05', 'ACTIVE', 5, '2014-06-09 11:23:26', '2016-02-25 04:40:33', 1),
(4, 'Four', '04', 'ACTIVE', 6, '2014-06-09 11:23:37', '2016-02-25 04:40:42', 1),
(5, 'Five', '03', 'ACTIVE', 7, '2014-06-09 11:23:52', '2016-02-25 04:40:52', 1),
(6, 'Nursery', '09', 'ACTIVE', 1, '2014-11-03 04:18:19', '2016-02-25 04:33:03', 1),
(7, 'Seven', '01', 'ACTIVE', 9, '2014-06-13 10:35:45', '2016-02-25 04:41:09', 1),
(8, 'KG', '08', 'ACTIVE', 2, '2014-11-03 10:16:30', '2016-02-25 04:42:03', 1),
(9, 'Six', '02', 'ACTIVE', 8, '2014-07-14 17:48:54', '2016-02-25 04:41:17', 1),
(10, 'Eight', '00', 'ACTIVE', 10, '2015-01-08 12:44:58', '2016-02-25 04:41:27', 1);

-- --------------------------------------------------------

--
-- Table structure for table `sms_class_book`
--

CREATE TABLE IF NOT EXISTS `sms_class_book` (
  `id` bigint(20) unsigned NOT NULL,
  `class_id` bigint(20) unsigned DEFAULT NULL,
  `book_id` bigint(20) unsigned DEFAULT NULL,
  `created_at` timestamp NOT NULL DEFAULT CURRENT_TIMESTAMP,
  `created_by` bigint(20) unsigned DEFAULT NULL
) ENGINE=InnoDB DEFAULT CHARSET=latin1;

-- --------------------------------------------------------

--
-- Table structure for table `sms_class_day`
--

CREATE TABLE IF NOT EXISTS `sms_class_day` (
  `id` tinyint(2) NOT NULL,
  `title` varchar(20) NOT NULL,
  `short_title` varchar(10) NOT NULL
) ENGINE=InnoDB AUTO_INCREMENT=8 DEFAULT CHARSET=latin1;

--
-- Dumping data for table `sms_class_day`
--

INSERT INTO `sms_class_day` (`id`, `title`, `short_title`) VALUES
(1, 'Saturday', 'Sat'),
(2, 'Sunday', 'Sun'),
(3, 'Monday', 'Mon'),
(4, 'Tuesday', 'Tues'),
(5, 'Wednesday', 'Wed'),
(6, 'Thursday', 'Thurs'),
(7, 'Friday', 'Fri');

-- --------------------------------------------------------

--
-- Table structure for table `sms_class_routine`
--

CREATE TABLE IF NOT EXISTS `sms_class_routine` (
  `id` int(11) NOT NULL,
  `class_id` tinyint(3) NOT NULL,
  `section_id` tinyint(3) NOT NULL,
  `subject_id` int(4) NOT NULL,
  `teacher_id` int(4) NOT NULL,
  `class_day_id` tinyint(3) NOT NULL,
  `class_time_id` tinyint(3) NOT NULL,
  `status` enum('ACTIVE','INACTIVE','PENDING') NOT NULL,
  `created_at` timestamp NOT NULL DEFAULT CURRENT_TIMESTAMP ON UPDATE CURRENT_TIMESTAMP
) ENGINE=InnoDB AUTO_INCREMENT=2 DEFAULT CHARSET=latin1;

--
-- Dumping data for table `sms_class_routine`
--

INSERT INTO `sms_class_routine` (`id`, `class_id`, `section_id`, `subject_id`, `teacher_id`, `class_day_id`, `class_time_id`, `status`, `created_at`) VALUES
(1, 7, 4, 69, 1, 3, 68, 'ACTIVE', '2015-12-20 09:36:30');

-- --------------------------------------------------------

--
-- Table structure for table `sms_class_time`
--

CREATE TABLE IF NOT EXISTS `sms_class_time` (
  `id` tinyint(3) NOT NULL,
  `class_id` tinyint(3) NOT NULL,
  `title` varchar(30) NOT NULL,
  `serial` tinyint(3) NOT NULL,
  `status` enum('ACTIVE','INACTIVE','PENDING') NOT NULL
) ENGINE=InnoDB DEFAULT CHARSET=latin1;

-- --------------------------------------------------------

--
-- Table structure for table `sms_class_tuition_fee`
--

CREATE TABLE IF NOT EXISTS `sms_class_tuition_fee` (
  `id` bigint(20) unsigned NOT NULL,
  `tuition_fee_head_id` bigint(20) NOT NULL,
  `class_id` bigint(20) NOT NULL,
  `ammount` float(7,2) unsigned DEFAULT '0.00',
  `status` tinyint(1) DEFAULT '1',
  `created_at` timestamp NOT NULL DEFAULT CURRENT_TIMESTAMP,
  `created_by` bigint(20) DEFAULT NULL,
  `updated_at` timestamp NULL DEFAULT NULL,
  `udpated_by` bigint(20) DEFAULT NULL
) ENGINE=InnoDB DEFAULT CHARSET=latin1;

-- --------------------------------------------------------

--
-- Table structure for table `sms_class_tuition_fee_trail`
--

CREATE TABLE IF NOT EXISTS `sms_class_tuition_fee_trail` (
  `id` bigint(20) unsigned NOT NULL,
  `class_tuition_fee_id` bigint(20) NOT NULL,
  `ammount` float DEFAULT NULL,
  `created_at` timestamp NOT NULL DEFAULT CURRENT_TIMESTAMP,
  `created_by` bigint(20) DEFAULT NULL,
  `updated_at` timestamp NULL DEFAULT NULL,
  `udpated_by` bigint(20) DEFAULT NULL
) ENGINE=InnoDB DEFAULT CHARSET=latin1;

--
-- Triggers `sms_class_tuition_fee_trail`
--
DELIMITER $$
CREATE TRIGGER `sms_class_tuition_fee_trail_ai` AFTER INSERT ON `sms_class_tuition_fee_trail`
 FOR EACH ROW UPDATE sms_class_tuition_fee SET ammount = new.ammount WHERE id = new.class_tuition_fee_id
$$
DELIMITER ;

-- --------------------------------------------------------

--
-- Table structure for table `sms_comment`
--

CREATE TABLE IF NOT EXISTS `sms_comment` (
  `id` int(11) NOT NULL,
  `comment` longtext NOT NULL,
  `comment_date` date NOT NULL,
  `teacher_id` int(11) NOT NULL,
  `reply` longtext NOT NULL,
  `replyer_id` int(11) NOT NULL,
  `reply_date` datetime NOT NULL DEFAULT '0000-00-00 00:00:00'
) ENGINE=InnoDB AUTO_INCREMENT=2 DEFAULT CHARSET=latin1;

--
-- Dumping data for table `sms_comment`
--

INSERT INTO `sms_comment` (`id`, `comment`, `comment_date`, `teacher_id`, `reply`, `replyer_id`, `reply_date`) VALUES
(1, 'This is test message', '2016-02-24', 1, 'OK i have understood. ', 1250, '2016-02-24 00:00:00');

-- --------------------------------------------------------

--
-- Table structure for table `sms_configuration`
--

CREATE TABLE IF NOT EXISTS `sms_configuration` (
  `id` bigint(20) unsigned NOT NULL,
  `type` varchar(30) DEFAULT NULL,
  `title` varchar(100) DEFAULT NULL,
  `value` varchar(100) DEFAULT NULL,
  `created_at` timestamp NOT NULL DEFAULT CURRENT_TIMESTAMP,
  `created_by` bigint(20) unsigned DEFAULT NULL
) ENGINE=InnoDB DEFAULT CHARSET=latin1;

-- --------------------------------------------------------

--
-- Table structure for table `sms_course`
--

CREATE TABLE IF NOT EXISTS `sms_course` (
  `id` bigint(20) unsigned NOT NULL,
  `sylabus_id` bigint(20) unsigned DEFAULT NULL,
  `sylabus_course_type_id` bigint(20) unsigned DEFAULT NULL,
  `course_title_id` varchar(100) DEFAULT NULL,
  `serial` tinyint(3) unsigned DEFAULT NULL,
  `code` varchar(20) DEFAULT NULL,
  `status` enum('ACTIVE','INACTIVE') DEFAULT 'ACTIVE',
  `total_marks` tinyint(3) unsigned DEFAULT NULL,
  `created_at` timestamp NOT NULL DEFAULT CURRENT_TIMESTAMP,
  `created_by` bigint(20) unsigned DEFAULT NULL
) ENGINE=InnoDB AUTO_INCREMENT=96 DEFAULT CHARSET=latin1;

--
-- Dumping data for table `sms_course`
--

INSERT INTO `sms_course` (`id`, `sylabus_id`, `sylabus_course_type_id`, `course_title_id`, `serial`, `code`, `status`, `total_marks`, `created_at`, `created_by`) VALUES
(1, 7, 3, '63', 1, '101', 'ACTIVE', 100, '2015-09-15 04:25:31', 1250),
(2, 7, 3, '64', 2, '102', 'ACTIVE', 100, '2015-09-15 04:26:03', 1250),
(3, 7, 3, '65', 3, '201', 'ACTIVE', 100, '2015-09-15 04:26:31', 1250),
(4, 7, 3, '67', 4, '202', 'ACTIVE', 100, '2015-09-15 04:26:55', 1250),
(5, 7, 3, '56', 5, '301', 'ACTIVE', 100, '2015-09-15 04:27:36', 1250),
(6, 7, 5, '82', 6, '601', 'ACTIVE', 100, '2015-09-18 09:25:26', 1250),
(7, 8, 6, '73', 1, '001', 'ACTIVE', 100, '2015-09-29 06:41:28', 1250),
(8, 8, 6, '74', 2, '002', 'ACTIVE', 100, '2015-09-29 06:41:49', 1250),
(9, 8, 6, '54', 3, '003', 'ACTIVE', 100, '2015-09-29 06:46:09', 1250),
(10, 8, 6, '56', 4, '004', 'ACTIVE', 100, '2015-09-29 06:46:39', 1250),
(11, 8, 6, '75', 5, '005', 'ACTIVE', 100, '2015-09-29 06:47:06', 1250),
(22, 9, 7, '63', 1, '001', 'ACTIVE', 100, '2015-11-16 10:47:13', 1250),
(23, 9, 7, '64', 2, '002', 'ACTIVE', 100, '2015-11-16 10:48:37', 1250),
(24, 9, 7, '65', 3, '003', 'ACTIVE', 100, '2015-11-16 10:49:20', 1250),
(25, 9, 7, '67', 4, '004', 'ACTIVE', 100, '2015-11-16 10:49:54', 1250),
(26, 11, 8, '63', 1, '001', 'ACTIVE', 100, '2015-11-16 11:05:13', 1250),
(27, 11, 8, '64', 2, '002', 'ACTIVE', 100, '2015-11-16 11:05:46', 1250),
(28, 11, 8, '65', 3, '003', 'ACTIVE', 100, '2015-11-16 11:06:15', 1250),
(29, 11, 8, '67', 4, '004', 'ACTIVE', 100, '2015-11-16 11:06:56', 1250),
(30, 11, 8, '56', 10, '010', 'ACTIVE', 100, '2015-11-17 10:27:27', 1250),
(31, 11, 8, '75', 9, '009', 'ACTIVE', 100, '2015-11-17 10:28:22', 1250),
(32, 11, 8, '57', 7, '007', 'ACTIVE', 100, '2015-11-17 10:30:20', 1250),
(33, 11, 8, '59', 8, '008', 'ACTIVE', 100, '2015-11-17 10:31:09', 1250),
(34, 11, 8, '68', 6, '006', 'ACTIVE', 100, '2015-11-17 10:32:17', 1250),
(35, 11, 8, '77', 5, '005', 'ACTIVE', 100, '2015-11-17 10:32:58', 1250),
(36, 11, 8, '69', 11, '011', 'ACTIVE', 100, '2015-11-17 10:33:29', 1250),
(37, 11, 8, '70', 12, '012', 'ACTIVE', 100, '2015-11-17 10:34:10', 1250),
(38, 11, 8, '71', 13, '013', 'ACTIVE', 100, '2015-11-17 10:34:37', 1250),
(39, 11, 8, '72', 14, '014', 'ACTIVE', 100, '2015-11-17 10:35:15', 1250),
(40, 12, 9, '63', 1, '001', 'ACTIVE', 100, '2015-11-17 12:36:44', 1250),
(41, 13, 10, '54', 1, '001', 'ACTIVE', 100, '2015-11-22 10:02:24', 1250),
(43, 13, 10, '55', 2, '002', 'ACTIVE', 100, '2015-11-22 10:03:56', 1250),
(44, 13, 10, '56', 3, '003', 'ACTIVE', 100, '2015-11-22 10:04:36', 1250),
(45, 13, 10, '58', 4, '004', 'ACTIVE', 100, '2015-11-22 10:05:28', 1250),
(46, 13, 10, '57', 5, '005', 'ACTIVE', 100, '2015-11-22 10:19:02', 1250),
(47, 13, 10, '59', 6, '006', 'ACTIVE', 100, '2015-11-22 10:19:38', 1250),
(48, 14, 11, '63', 1, '001', 'ACTIVE', 100, '2015-12-08 08:08:55', 1250),
(49, 14, 11, '64', 2, '002', 'ACTIVE', 100, '2015-12-08 08:09:14', 1250),
(50, 14, 11, '65', 3, '003', 'ACTIVE', 100, '2015-12-08 08:10:29', 1250),
(51, 14, 11, '67', 4, '004', 'ACTIVE', 100, '2015-12-08 08:10:48', 1250),
(52, 14, 11, '56', 5, '005', 'ACTIVE', 100, '2015-12-08 08:11:56', 1250),
(53, 14, 11, '75', 6, '006', 'ACTIVE', 100, '2015-12-08 08:12:25', 1250),
(54, 14, 11, '57', 7, '007', 'ACTIVE', 100, '2015-12-08 08:13:02', 1250),
(55, 14, 11, '59', 8, '008', 'ACTIVE', 100, '2015-12-08 08:13:49', 1250),
(56, 14, 11, '68', 9, '009', 'ACTIVE', 100, '2015-12-08 08:14:39', 1250),
(57, 14, 11, '77', 10, '010', 'ACTIVE', 100, '2015-12-08 08:15:26', 1250),
(58, 14, 11, '69', 11, '011', 'ACTIVE', 100, '2015-12-08 08:16:03', 1250),
(59, 14, 11, '70', 12, '012', 'ACTIVE', 100, '2015-12-08 08:16:44', 1250),
(60, 14, 11, '71', 13, '013', 'ACTIVE', 100, '2015-12-08 08:17:17', 1250),
(61, 14, 11, '72', 14, '014', 'ACTIVE', 100, '2015-12-08 08:17:55', 1250),
(62, 15, 12, '54', 1, '001', 'ACTIVE', 100, '2015-12-08 08:27:16', 1250),
(63, 15, 12, '55', 2, '002', 'ACTIVE', 100, '2015-12-08 08:27:40', 1250),
(64, 15, 12, '56', 3, '003', 'ACTIVE', 100, '2015-12-08 08:28:10', 1250),
(65, 15, 12, '58', 4, '004', 'ACTIVE', 100, '2015-12-08 08:29:03', 1250),
(66, 15, 12, '57', 5, '005', 'ACTIVE', 100, '2015-12-08 08:32:08', 1250),
(67, 15, 12, '59', 6, '006', 'ACTIVE', 100, '2015-12-08 08:35:38', 1250),
(68, 15, 12, '62', 7, '007', 'ACTIVE', 100, '2015-12-08 08:36:06', 1250),
(69, 16, 13, '54', 1, '001', 'ACTIVE', 100, '2015-12-08 08:39:29', 1250),
(70, 16, 13, '55', 2, '002', 'ACTIVE', 100, '2015-12-08 08:39:52', 1250),
(71, 16, 13, '56', 3, '003', 'ACTIVE', 100, '2015-12-08 08:40:20', 1250),
(72, 16, 13, '58', 4, '004', 'ACTIVE', 100, '2015-12-08 08:41:37', 1250),
(73, 16, 13, '57', 5, '005', 'ACTIVE', 100, '2015-12-08 08:42:17', 1250),
(74, 16, 13, '59', 6, '006', 'ACTIVE', 100, '2015-12-08 08:42:47', 1250),
(75, 16, 13, '62', 7, '07', 'ACTIVE', 100, '2015-12-08 08:43:29', 1250),
(76, 17, 14, '54', 1, '001', 'ACTIVE', 100, '2015-12-08 08:47:14', 1250),
(77, 17, 14, '55', 2, '002', 'ACTIVE', 100, '2015-12-08 08:47:36', 1250),
(78, 17, 14, '56', 3, '003', 'ACTIVE', 100, '2015-12-08 08:48:11', 1250),
(79, 17, 14, '58', 4, '004', 'ACTIVE', 100, '2015-12-08 08:48:37', 1250),
(80, 17, 14, '57', 5, '005', 'ACTIVE', 100, '2015-12-08 08:49:02', 1250),
(81, 17, 14, '59', 6, '006', 'ACTIVE', 100, '2015-12-08 08:49:41', 1250),
(82, 17, 14, '62', 7, '007', 'ACTIVE', 100, '2015-12-08 08:50:29', 1250),
(83, 18, 15, '54', 1, '001', 'ACTIVE', 100, '2015-12-08 08:58:43', 1250),
(84, 18, 15, '55', 2, '002', 'ACTIVE', 100, '2015-12-08 08:59:37', 1250),
(85, 18, 15, '56', 3, '003', 'ACTIVE', 100, '2015-12-08 09:00:14', 1250),
(86, 18, 15, '58', 4, '004', 'ACTIVE', 100, '2015-12-08 09:00:51', 1250),
(87, 18, 15, '57', 5, '005', 'ACTIVE', 100, '2015-12-08 09:01:31', 1250),
(88, 18, 15, '59', 6, '006', 'ACTIVE', 100, '2015-12-08 09:02:00', 1250),
(89, 18, 15, '62', 7, '007', 'ACTIVE', 100, '2015-12-08 09:02:33', 1250),
(90, 19, 16, '73', 1, '001', 'ACTIVE', 100, '2015-12-08 09:09:54', 1250),
(91, 19, 16, '74', 2, '002', 'ACTIVE', 100, '2015-12-08 09:10:20', 1250),
(92, 19, 16, '54', 3, '003', 'ACTIVE', 100, '2015-12-08 09:10:39', 1250),
(93, 19, 16, '56', 4, '004', 'ACTIVE', 100, '2015-12-08 09:11:01', 1250),
(94, 19, 16, '75', 5, '005', 'ACTIVE', 100, '2015-12-08 09:11:42', 1250),
(95, 19, 16, '62', 6, '006', 'ACTIVE', 100, '2015-12-08 09:12:06', 1250);

-- --------------------------------------------------------

--
-- Table structure for table `sms_course_attribute`
--

CREATE TABLE IF NOT EXISTS `sms_course_attribute` (
  `id` bigint(20) unsigned NOT NULL,
  `eval_type` enum('TEXT','BOOL','NUMBER') NOT NULL DEFAULT 'TEXT',
  `attribute_for` enum('SYLLABUS','COURSE_TYPE','COURSE','OTHER') DEFAULT 'COURSE_TYPE',
  `eval_func` varchar(100) DEFAULT NULL,
  `title` varchar(100) DEFAULT NULL,
  `description` varchar(255) DEFAULT NULL,
  `status` enum('ACTIVE','INACTIVE','PENDING') NOT NULL DEFAULT 'ACTIVE',
  `created_at` timestamp NOT NULL DEFAULT CURRENT_TIMESTAMP,
  `created_by` bigint(20) DEFAULT NULL
) ENGINE=InnoDB AUTO_INCREMENT=2 DEFAULT CHARSET=latin1;

--
-- Dumping data for table `sms_course_attribute`
--

INSERT INTO `sms_course_attribute` (`id`, `eval_type`, `attribute_for`, `eval_func`, `title`, `description`, `status`, `created_at`, `created_by`) VALUES
(1, 'BOOL', 'SYLLABUS', 'is_pass_to_each_eval', 'Require pass to each eval', 'Is pass require to each evaluation component.', 'ACTIVE', '2015-09-29 06:33:31', 1250);

-- --------------------------------------------------------

--
-- Table structure for table `sms_course_book`
--

CREATE TABLE IF NOT EXISTS `sms_course_book` (
  `id` bigint(20) unsigned NOT NULL,
  `course_id` bigint(10) unsigned NOT NULL,
  `book_id` bigint(20) unsigned NOT NULL,
  `is_delete` tinyint(3) unsigned NOT NULL DEFAULT '0',
  `created_at` timestamp NOT NULL DEFAULT CURRENT_TIMESTAMP,
  `created_by` bigint(20) DEFAULT NULL
) ENGINE=InnoDB AUTO_INCREMENT=165 DEFAULT CHARSET=latin1;

--
-- Dumping data for table `sms_course_book`
--

INSERT INTO `sms_course_book` (`id`, `course_id`, `book_id`, `is_delete`, `created_at`, `created_by`) VALUES
(1, 1, 0, 0, '2015-09-15 04:25:31', 1),
(2, 2, 0, 0, '2015-09-15 04:26:03', 1),
(3, 3, 0, 0, '2015-09-15 04:26:31', 1),
(4, 4, 0, 0, '2015-09-15 04:26:55', 1),
(5, 5, 0, 1, '2015-09-15 04:27:36', 1),
(6, 5, 0, 0, '2015-09-15 04:30:01', 1),
(7, 6, 0, 0, '2015-09-18 09:25:26', 1),
(8, 7, 0, 1, '2015-09-29 06:41:28', 1),
(9, 8, 0, 1, '2015-09-29 06:41:49', 1),
(10, 7, 0, 1, '2015-09-29 06:45:13', 1),
(11, 8, 0, 1, '2015-09-29 06:45:23', 1),
(12, 9, 0, 0, '2015-09-29 06:46:09', 1),
(13, 10, 0, 0, '2015-09-29 06:46:39', 1),
(14, 11, 0, 0, '2015-09-29 06:47:06', 1),
(15, 7, 0, 0, '2015-09-29 06:49:06', 1),
(16, 8, 0, 0, '2015-09-29 06:49:14', 1),
(42, 22, 0, 0, '2015-11-16 10:47:13', 1),
(43, 23, 0, 0, '2015-11-16 10:48:37', 1),
(44, 24, 0, 0, '2015-11-16 10:49:20', 1),
(45, 25, 0, 0, '2015-11-16 10:49:54', 1),
(46, 26, 0, 0, '2015-11-16 11:05:14', 1),
(47, 27, 0, 0, '2015-11-16 11:05:46', 1),
(48, 28, 0, 0, '2015-11-16 11:06:15', 1),
(49, 29, 0, 0, '2015-11-16 11:06:56', 1),
(50, 30, 0, 1, '2015-11-17 10:27:27', 1),
(51, 31, 0, 1, '2015-11-17 10:28:22', 1),
(52, 32, 0, 0, '2015-11-17 10:30:20', 1),
(53, 33, 0, 0, '2015-11-17 10:31:09', 1),
(54, 34, 0, 1, '2015-11-17 10:32:17', 1),
(55, 35, 0, 1, '2015-11-17 10:32:58', 1),
(56, 36, 0, 0, '2015-11-17 10:33:29', 1),
(57, 37, 0, 0, '2015-11-17 10:34:10', 1),
(58, 38, 0, 0, '2015-11-17 10:34:37', 1),
(59, 39, 0, 0, '2015-11-17 10:35:15', 1),
(60, 30, 0, 0, '2015-11-17 10:45:20', 1),
(61, 35, 0, 0, '2015-11-17 10:45:57', 1),
(62, 34, 0, 0, '2015-11-17 10:46:14', 1),
(63, 31, 0, 0, '2015-11-17 10:46:35', 1),
(64, 40, 0, 0, '2015-11-17 12:36:44', 1),
(65, 41, 0, 1, '2015-11-22 10:02:24', 1),
(67, 43, 0, 1, '2015-11-22 10:03:56', 1),
(68, 44, 0, 0, '2015-11-22 10:04:36', 1),
(69, 45, 0, 0, '2015-11-22 10:05:28', 1),
(70, 46, 0, 0, '2015-11-22 10:19:02', 1),
(71, 47, 0, 0, '2015-11-22 10:19:38', 1),
(72, 41, 0, 0, '2015-11-24 08:14:20', 1),
(73, 43, 0, 0, '2015-11-24 08:14:29', 1),
(74, 48, 0, 1, '2015-12-08 08:08:55', 1),
(75, 49, 0, 1, '2015-12-08 08:09:14', 1),
(76, 50, 0, 1, '2015-12-08 08:10:29', 1),
(77, 51, 0, 1, '2015-12-08 08:10:48', 1),
(78, 52, 0, 1, '2015-12-08 08:11:56', 1),
(79, 53, 0, 1, '2015-12-08 08:12:25', 1),
(80, 54, 0, 1, '2015-12-08 08:13:02', 1),
(81, 55, 0, 1, '2015-12-08 08:13:49', 1),
(82, 56, 0, 1, '2015-12-08 08:14:39', 1),
(83, 57, 0, 1, '2015-12-08 08:15:27', 1),
(84, 58, 0, 1, '2015-12-08 08:16:03', 1),
(85, 59, 0, 1, '2015-12-08 08:16:44', 1),
(86, 60, 0, 1, '2015-12-08 08:17:17', 1),
(87, 61, 0, 1, '2015-12-08 08:17:55', 1),
(88, 62, 0, 1, '2015-12-08 08:27:16', 1),
(89, 63, 0, 1, '2015-12-08 08:27:40', 1),
(90, 64, 0, 1, '2015-12-08 08:28:10', 1),
(91, 65, 0, 1, '2015-12-08 08:29:03', 1),
(92, 66, 0, 1, '2015-12-08 08:32:09', 1),
(93, 67, 0, 1, '2015-12-08 08:35:38', 1),
(94, 68, 0, 1, '2015-12-08 08:36:06', 1),
(95, 69, 0, 1, '2015-12-08 08:39:29', 1),
(96, 70, 0, 1, '2015-12-08 08:39:52', 1),
(97, 71, 0, 1, '2015-12-08 08:40:20', 1),
(98, 71, 0, 1, '2015-12-08 08:40:33', 1),
(99, 72, 0, 1, '2015-12-08 08:41:37', 1),
(100, 73, 0, 1, '2015-12-08 08:42:17', 1),
(101, 74, 0, 1, '2015-12-08 08:42:47', 1),
(102, 75, 0, 1, '2015-12-08 08:43:30', 1),
(103, 76, 0, 1, '2015-12-08 08:47:14', 1),
(104, 77, 0, 1, '2015-12-08 08:47:36', 1),
(105, 78, 0, 1, '2015-12-08 08:48:11', 1),
(106, 79, 0, 1, '2015-12-08 08:48:37', 1),
(107, 80, 0, 1, '2015-12-08 08:49:02', 1),
(108, 81, 0, 1, '2015-12-08 08:49:41', 1),
(109, 82, 0, 1, '2015-12-08 08:50:29', 1),
(110, 83, 0, 1, '2015-12-08 08:58:43', 1),
(111, 84, 0, 1, '2015-12-08 08:59:37', 1),
(112, 85, 0, 1, '2015-12-08 09:00:14', 1),
(113, 86, 0, 1, '2015-12-08 09:00:51', 1),
(114, 87, 0, 1, '2015-12-08 09:01:31', 1),
(115, 88, 0, 1, '2015-12-08 09:02:00', 1),
(116, 89, 0, 1, '2015-12-08 09:02:33', 1),
(117, 90, 0, 0, '2015-12-08 09:09:54', 1),
(118, 91, 0, 0, '2015-12-08 09:10:20', 1),
(119, 92, 0, 0, '2015-12-08 09:10:39', 1),
(120, 93, 0, 0, '2015-12-08 09:11:01', 1),
(121, 94, 0, 0, '2015-12-08 09:11:42', 1),
(122, 95, 0, 0, '2015-12-08 09:12:06', 1),
(123, 62, 0, 0, '2015-12-08 09:24:10', 1),
(124, 63, 0, 0, '2015-12-08 09:24:18', 1),
(125, 64, 0, 0, '2015-12-08 09:24:26', 1),
(126, 65, 0, 0, '2015-12-08 09:24:32', 1),
(127, 67, 0, 0, '2015-12-08 09:24:39', 1),
(128, 66, 0, 0, '2015-12-08 09:24:51', 1),
(129, 68, 0, 0, '2015-12-08 09:25:44', 1),
(130, 83, 0, 0, '2015-12-08 09:36:33', 1),
(131, 84, 0, 0, '2015-12-08 09:36:46', 1),
(132, 85, 0, 0, '2015-12-08 09:36:58', 1),
(133, 87, 0, 0, '2015-12-08 09:37:08', 1),
(134, 86, 0, 0, '2015-12-08 09:37:16', 1),
(135, 89, 0, 0, '2015-12-08 09:37:27', 1),
(136, 88, 0, 0, '2015-12-08 09:37:38', 1),
(137, 76, 0, 0, '2015-12-08 09:38:33', 1),
(138, 77, 0, 0, '2015-12-08 09:38:40', 1),
(139, 78, 0, 0, '2015-12-08 09:38:47', 1),
(140, 79, 0, 0, '2015-12-08 09:38:53', 1),
(141, 80, 0, 0, '2015-12-08 09:38:59', 1),
(142, 81, 0, 0, '2015-12-08 09:39:08', 1),
(143, 82, 0, 0, '2015-12-08 09:39:14', 1),
(144, 69, 0, 0, '2015-12-08 09:40:32', 1),
(145, 70, 0, 0, '2015-12-08 09:40:39', 1),
(146, 71, 0, 0, '2015-12-08 09:40:46', 1),
(147, 72, 0, 0, '2015-12-08 09:40:51', 1),
(148, 73, 0, 0, '2015-12-08 09:40:58', 1),
(149, 75, 0, 0, '2015-12-08 09:41:04', 1),
(150, 74, 0, 0, '2015-12-08 09:41:16', 1),
(151, 48, 0, 0, '2015-12-08 09:43:01', 1),
(152, 49, 0, 0, '2015-12-08 09:43:06', 1),
(153, 51, 0, 0, '2015-12-08 09:43:13', 1),
(154, 61, 0, 0, '2015-12-08 09:43:21', 1),
(155, 60, 0, 0, '2015-12-08 09:43:29', 1),
(156, 59, 0, 0, '2015-12-08 09:43:34', 1),
(157, 58, 0, 0, '2015-12-08 09:43:40', 1),
(158, 57, 0, 0, '2015-12-08 09:43:46', 1),
(159, 56, 0, 0, '2015-12-08 09:43:52', 1),
(160, 55, 0, 0, '2015-12-08 09:43:59', 1),
(161, 52, 0, 0, '2015-12-08 09:44:04', 1),
(162, 53, 0, 0, '2015-12-08 09:44:16', 1),
(163, 50, 0, 0, '2015-12-08 09:44:34', 1),
(164, 54, 0, 0, '2015-12-08 09:45:09', 1);

-- --------------------------------------------------------

--
-- Table structure for table `sms_course_course_attribute`
--

CREATE TABLE IF NOT EXISTS `sms_course_course_attribute` (
  `id` bigint(20) unsigned NOT NULL,
  `course_id` bigint(20) unsigned DEFAULT NULL,
  `course_attribute_id` bigint(20) unsigned DEFAULT NULL,
  `value` varchar(50) DEFAULT NULL,
  `created_at` timestamp NOT NULL DEFAULT CURRENT_TIMESTAMP,
  `created_by` bigint(20) unsigned DEFAULT NULL
) ENGINE=InnoDB DEFAULT CHARSET=latin1;

-- --------------------------------------------------------

--
-- Table structure for table `sms_course_sylabus_evaluation_type`
--

CREATE TABLE IF NOT EXISTS `sms_course_sylabus_evaluation_type` (
  `id` bigint(20) unsigned NOT NULL,
  `course_id` bigint(20) unsigned DEFAULT NULL,
  `sylabus_evaluation_type_id` bigint(20) unsigned DEFAULT NULL,
  `value` varchar(50) DEFAULT NULL,
  `created_at` timestamp NOT NULL DEFAULT CURRENT_TIMESTAMP,
  `created_by` bigint(20) unsigned DEFAULT NULL
) ENGINE=InnoDB AUTO_INCREMENT=281 DEFAULT CHARSET=latin1;

--
-- Dumping data for table `sms_course_sylabus_evaluation_type`
--

INSERT INTO `sms_course_sylabus_evaluation_type` (`id`, `course_id`, `sylabus_evaluation_type_id`, `value`, `created_at`, `created_by`) VALUES
(5, 1, 1, '50', '2015-09-15 04:25:31', 1250),
(6, 1, 2, '50', '2015-09-15 04:25:31', 1250),
(7, 2, 1, '50', '2015-09-15 04:26:03', 1250),
(8, 2, 2, '50', '2015-09-15 04:26:03', 1250),
(9, 3, 1, '100', '2015-09-15 04:26:31', 1250),
(10, 4, 1, '100', '2015-09-15 04:26:55', 1250),
(11, 5, 1, '50', '2015-09-15 04:30:01', 1250),
(12, 5, 2, '50', '2015-09-15 04:30:01', 1250),
(13, 6, 1, '50', '2015-09-18 09:25:26', 1250),
(14, 6, 2, '50', '2015-09-18 09:25:26', 1250),
(15, 7, 3, '100', '2015-09-29 06:49:06', 1250),
(16, 8, 3, '100', '2015-09-29 06:49:14', 1250),
(17, 9, 3, '100', '2015-09-29 06:46:09', 1250),
(18, 10, 3, '100', '2015-09-29 06:46:39', 1250),
(19, 11, 3, '100', '2015-09-29 06:47:06', 1250),
(50, 22, 4, '50', '2015-11-16 10:47:13', 1250),
(51, 22, 7, '30', '2015-11-16 10:47:13', 1250),
(52, 22, 8, '20', '2015-11-16 10:47:13', 1250),
(53, 23, 4, '50', '2015-11-16 10:48:37', 1250),
(54, 23, 7, '30', '2015-11-16 10:48:37', 1250),
(55, 23, 8, '20', '2015-11-16 10:48:37', 1250),
(56, 24, 4, '50', '2015-11-16 10:49:20', 1250),
(57, 24, 7, '30', '2015-11-16 10:49:20', 1250),
(58, 24, 8, '20', '2015-11-16 10:49:20', 1250),
(59, 25, 4, '50', '2015-11-16 10:49:54', 1250),
(60, 25, 7, '30', '2015-11-16 10:49:54', 1250),
(61, 25, 8, '20', '2015-11-16 10:49:54', 1250),
(62, 26, 10, '20', '2015-11-16 11:05:14', 1250),
(63, 26, 9, '50', '2015-11-16 11:05:14', 1250),
(64, 26, 11, '30', '2015-11-16 11:05:14', 1250),
(65, 27, 10, '20', '2015-11-16 11:05:46', 1250),
(66, 27, 9, '50', '2015-11-16 11:05:46', 1250),
(67, 27, 11, '30', '2015-11-16 11:05:46', 1250),
(68, 28, 10, '20', '2015-11-16 11:06:15', 1250),
(69, 28, 9, '50', '2015-11-16 11:06:15', 1250),
(70, 28, 11, '30', '2015-11-16 11:06:15', 1250),
(71, 29, 10, '20', '2015-11-16 11:06:56', 1250),
(72, 29, 9, '50', '2015-11-16 11:06:56', 1250),
(73, 29, 11, '30', '2015-11-16 11:06:56', 1250),
(74, 30, 10, '20', '2015-11-17 10:45:20', 1250),
(75, 30, 9, '50', '2015-11-17 10:45:20', 1250),
(76, 30, 11, '30', '2015-11-17 10:45:20', 1250),
(77, 31, 10, '20', '2015-11-17 10:46:35', 1250),
(78, 31, 9, '50', '2015-11-17 10:46:35', 1250),
(79, 31, 11, '30', '2015-11-17 10:46:35', 1250),
(80, 32, 10, '20', '2015-11-17 10:30:20', 1250),
(81, 32, 9, '50', '2015-11-17 10:30:20', 1250),
(82, 32, 11, '30', '2015-11-17 10:30:20', 1250),
(83, 33, 10, '20', '2015-11-17 10:31:09', 1250),
(84, 33, 9, '50', '2015-11-17 10:31:09', 1250),
(85, 33, 11, '30', '2015-11-17 10:31:09', 1250),
(86, 34, 10, '20', '2015-11-17 10:46:14', 1250),
(87, 34, 9, '50', '2015-11-17 10:46:14', 1250),
(88, 34, 11, '30', '2015-11-17 10:46:14', 1250),
(89, 35, 10, '20', '2015-11-17 10:45:57', 1250),
(90, 35, 9, '50', '2015-11-17 10:45:57', 1250),
(91, 35, 11, '30', '2015-11-17 10:45:57', 1250),
(92, 36, 10, '20', '2015-11-17 10:33:29', 1250),
(93, 36, 9, '50', '2015-11-17 10:33:29', 1250),
(94, 36, 11, '30', '2015-11-17 10:33:29', 1250),
(95, 37, 10, '20', '2015-11-17 10:34:10', 1250),
(96, 37, 9, '50', '2015-11-17 10:34:10', 1250),
(97, 37, 11, '30', '2015-11-17 10:34:10', 1250),
(98, 38, 10, '20', '2015-11-17 10:34:37', 1250),
(99, 38, 9, '50', '2015-11-17 10:34:37', 1250),
(100, 38, 11, '30', '2015-11-17 10:34:37', 1250),
(101, 39, 10, '20', '2015-11-17 10:35:15', 1250),
(102, 39, 9, '50', '2015-11-17 10:35:15', 1250),
(103, 39, 11, '30', '2015-11-17 10:35:15', 1250),
(104, 40, 13, '30', '2015-11-17 12:36:44', 1250),
(105, 40, 12, '50', '2015-11-17 12:36:44', 1250),
(106, 40, 14, '20', '2015-11-17 12:36:44', 1250),
(107, 41, 15, '50', '2015-11-24 08:14:20', 1250),
(108, 41, 16, '30', '2015-11-24 08:14:20', 1250),
(109, 41, 17, '20', '2015-11-24 08:14:20', 1250),
(113, 43, 15, '50', '2015-11-24 08:14:29', 1250),
(114, 43, 16, '30', '2015-11-24 08:14:29', 1250),
(115, 43, 17, '20', '2015-11-24 08:14:29', 1250),
(116, 44, 15, '50', '2015-11-22 10:04:36', 1250),
(117, 44, 16, '30', '2015-11-22 10:04:36', 1250),
(118, 44, 17, '20', '2015-11-22 10:04:36', 1250),
(119, 45, 15, '50', '2015-11-22 10:05:28', 1250),
(120, 45, 16, '30', '2015-11-22 10:05:28', 1250),
(121, 45, 17, '20', '2015-11-22 10:05:28', 1250),
(122, 46, 15, '50', '2015-11-22 10:19:02', 1250),
(123, 46, 16, '30', '2015-11-22 10:19:02', 1250),
(124, 46, 17, '20', '2015-11-22 10:19:02', 1250),
(125, 47, 15, '50', '2015-11-22 10:19:38', 1250),
(126, 47, 16, '30', '2015-11-22 10:19:38', 1250),
(127, 47, 17, '20', '2015-11-22 10:19:38', 1250),
(128, 48, 19, '20', '2015-12-08 09:43:01', 1250),
(129, 48, 20, '50', '2015-12-08 09:43:01', 1250),
(130, 48, 21, '30', '2015-12-08 08:08:55', 1250),
(131, 49, 19, '20', '2015-12-08 09:43:06', 1250),
(132, 49, 20, '50', '2015-12-08 09:43:06', 1250),
(133, 49, 21, '30', '2015-12-08 08:09:14', 1250),
(134, 50, 19, '20', '2015-12-08 09:44:34', 1250),
(135, 50, 20, '50', '2015-12-08 09:44:34', 1250),
(136, 50, 21, '30', '2015-12-08 08:10:29', 1250),
(137, 51, 19, '20', '2015-12-08 09:43:13', 1250),
(138, 51, 20, '50', '2015-12-08 09:43:13', 1250),
(139, 51, 21, '30', '2015-12-08 08:10:48', 1250),
(140, 52, 19, '20', '2015-12-08 09:44:04', 1250),
(141, 52, 20, '50', '2015-12-08 09:44:04', 1250),
(142, 52, 21, '30', '2015-12-08 08:11:56', 1250),
(143, 53, 19, '20', '2015-12-08 09:44:16', 1250),
(144, 53, 20, '50', '2015-12-08 09:44:16', 1250),
(145, 53, 21, '30', '2015-12-08 08:12:25', 1250),
(146, 54, 19, '20', '2015-12-08 09:45:09', 1250),
(147, 54, 20, '50', '2015-12-08 09:45:09', 1250),
(148, 54, 21, '30', '2015-12-08 08:13:02', 1250),
(149, 55, 19, '20', '2015-12-08 09:43:59', 1250),
(150, 55, 20, '50', '2015-12-08 09:43:59', 1250),
(151, 55, 21, '30', '2015-12-08 08:13:49', 1250),
(152, 56, 19, '20', '2015-12-08 09:43:52', 1250),
(153, 56, 20, '50', '2015-12-08 09:43:52', 1250),
(154, 56, 21, '30', '2015-12-08 08:14:39', 1250),
(155, 57, 19, '20', '2015-12-08 09:43:46', 1250),
(156, 57, 20, '50', '2015-12-08 09:43:46', 1250),
(157, 57, 21, '30', '2015-12-08 08:15:27', 1250),
(158, 58, 19, '20', '2015-12-08 09:43:40', 1250),
(159, 58, 20, '50', '2015-12-08 09:43:40', 1250),
(160, 58, 21, '30', '2015-12-08 08:16:03', 1250),
(161, 59, 19, '20', '2015-12-08 09:43:34', 1250),
(162, 59, 20, '50', '2015-12-08 09:43:34', 1250),
(163, 59, 21, '30', '2015-12-08 08:16:44', 1250),
(164, 60, 19, '20', '2015-12-08 09:43:29', 1250),
(165, 60, 20, '50', '2015-12-08 09:43:29', 1250),
(166, 60, 21, '30', '2015-12-08 08:17:17', 1250),
(167, 61, 19, '20', '2015-12-08 09:43:21', 1250),
(168, 61, 20, '50', '2015-12-08 09:43:21', 1250),
(169, 61, 21, '30', '2015-12-08 08:17:55', 1250),
(170, 62, 22, '20', '2015-12-08 09:24:10', 1250),
(171, 62, 23, '50', '2015-12-08 08:27:16', 1250),
(172, 62, 24, '30', '2015-12-08 08:27:16', 1250),
(173, 63, 22, '20', '2015-12-08 09:24:18', 1250),
(174, 63, 23, '50', '2015-12-08 08:27:40', 1250),
(175, 63, 24, '30', '2015-12-08 08:27:40', 1250),
(176, 64, 22, '20', '2015-12-08 09:24:26', 1250),
(177, 64, 23, '50', '2015-12-08 08:28:10', 1250),
(178, 64, 24, '30', '2015-12-08 08:28:10', 1250),
(179, 65, 22, '20', '2015-12-08 09:24:32', 1250),
(180, 65, 23, '50', '2015-12-08 08:29:03', 1250),
(181, 65, 24, '30', '2015-12-08 08:29:03', 1250),
(182, 66, 22, '20', '2015-12-08 09:24:51', 1250),
(183, 66, 23, '50', '2015-12-08 08:32:09', 1250),
(184, 66, 24, '30', '2015-12-08 08:32:09', 1250),
(185, 67, 22, '20', '2015-12-08 09:24:39', 1250),
(186, 67, 23, '50', '2015-12-08 08:35:38', 1250),
(187, 67, 24, '30', '2015-12-08 08:35:38', 1250),
(188, 68, 22, '20', '2015-12-08 09:25:44', 1250),
(189, 68, 23, '50', '2015-12-08 08:36:06', 1250),
(190, 68, 24, '30', '2015-12-08 08:36:06', 1250),
(191, 69, 25, '20', '2015-12-08 09:40:32', 1250),
(192, 69, 26, '80', '2015-12-08 09:40:32', 1250),
(193, 69, 27, '30', '2015-12-08 08:39:29', 1250),
(194, 70, 25, '20', '2015-12-08 09:40:39', 1250),
(195, 70, 26, '80', '2015-12-08 09:40:39', 1250),
(196, 70, 27, '30', '2015-12-08 08:39:52', 1250),
(197, 71, 25, '20', '2015-12-08 09:40:46', 1250),
(198, 71, 26, '80', '2015-12-08 09:40:46', 1250),
(199, 71, 27, '30', '2015-12-08 08:40:33', 1250),
(200, 72, 25, '20', '2015-12-08 09:40:51', 1250),
(201, 72, 26, '80', '2015-12-08 09:40:51', 1250),
(202, 72, 27, '30', '2015-12-08 08:41:37', 1250),
(203, 73, 25, '20', '2015-12-08 09:40:58', 1250),
(204, 73, 26, '80', '2015-12-08 09:40:58', 1250),
(205, 73, 27, '30', '2015-12-08 08:42:17', 1250),
(206, 74, 25, '20', '2015-12-08 09:41:16', 1250),
(207, 74, 26, '80', '2015-12-08 09:41:16', 1250),
(208, 74, 27, '30', '2015-12-08 08:42:47', 1250),
(209, 75, 25, '20', '2015-12-08 09:41:04', 1250),
(210, 75, 26, '80', '2015-12-08 09:41:04', 1250),
(211, 75, 27, '30', '2015-12-08 08:43:30', 1250),
(212, 76, 28, '20', '2015-12-08 09:38:33', 1250),
(213, 76, 29, '80', '2015-12-08 09:38:33', 1250),
(214, 76, 30, '30', '2015-12-08 08:47:14', 1250),
(215, 77, 28, '20', '2015-12-08 09:38:40', 1250),
(216, 77, 29, '80', '2015-12-08 09:38:40', 1250),
(217, 77, 30, '30', '2015-12-08 08:47:36', 1250),
(218, 78, 28, '20', '2015-12-08 09:38:47', 1250),
(219, 78, 29, '80', '2015-12-08 09:38:47', 1250),
(220, 78, 30, '30', '2015-12-08 08:48:11', 1250),
(221, 79, 28, '20', '2015-12-08 09:38:53', 1250),
(222, 79, 29, '80', '2015-12-08 09:38:53', 1250),
(223, 79, 30, '30', '2015-12-08 08:48:37', 1250),
(224, 80, 28, '20', '2015-12-08 09:38:59', 1250),
(225, 80, 29, '80', '2015-12-08 09:38:59', 1250),
(226, 80, 30, '30', '2015-12-08 08:49:02', 1250),
(227, 81, 28, '20', '2015-12-08 09:39:08', 1250),
(228, 81, 29, '80', '2015-12-08 09:39:08', 1250),
(229, 81, 30, '30', '2015-12-08 08:49:41', 1250),
(230, 82, 28, '20', '2015-12-08 09:39:14', 1250),
(231, 82, 29, '80', '2015-12-08 09:39:14', 1250),
(232, 82, 30, '30', '2015-12-08 08:50:29', 1250),
(233, 83, 31, '20', '2015-12-08 09:36:33', 1250),
(234, 83, 32, '80', '2015-12-08 09:36:33', 1250),
(235, 83, 33, '30', '2015-12-08 08:58:43', 1250),
(236, 84, 31, '20', '2015-12-08 09:36:46', 1250),
(237, 84, 32, '80', '2015-12-08 09:36:46', 1250),
(238, 84, 33, '30', '2015-12-08 08:59:37', 1250),
(239, 85, 31, '20', '2015-12-08 09:36:58', 1250),
(240, 85, 32, '80', '2015-12-08 09:36:58', 1250),
(241, 85, 33, '30', '2015-12-08 09:00:14', 1250),
(242, 86, 31, '20', '2015-12-08 09:37:16', 1250),
(243, 86, 32, '80', '2015-12-08 09:37:16', 1250),
(244, 86, 33, '30', '2015-12-08 09:00:51', 1250),
(245, 87, 31, '20', '2015-12-08 09:37:08', 1250),
(246, 87, 32, '80', '2015-12-08 09:37:08', 1250),
(247, 87, 33, '30', '2015-12-08 09:01:31', 1250),
(248, 88, 31, '20', '2015-12-08 09:37:38', 1250),
(249, 88, 32, '80', '2015-12-08 09:37:38', 1250),
(250, 88, 33, '30', '2015-12-08 09:02:00', 1250),
(251, 89, 31, '20', '2015-12-08 09:37:27', 1250),
(252, 89, 32, '80', '2015-12-08 09:37:27', 1250),
(253, 89, 33, '30', '2015-12-08 09:02:33', 1250),
(254, 90, 34, '100', '2015-12-08 09:09:54', 1250),
(255, 91, 34, '100', '2015-12-08 09:10:20', 1250),
(256, 92, 34, '100', '2015-12-08 09:10:39', 1250),
(257, 93, 34, '100', '2015-12-08 09:11:01', 1250),
(258, 94, 34, '100', '2015-12-08 09:11:42', 1250),
(259, 95, 34, '100', '2015-12-08 09:12:06', 1250),
(260, 62, 35, '80', '2015-12-08 09:24:10', 1250),
(261, 63, 35, '80', '2015-12-08 09:24:18', 1250),
(262, 64, 35, '80', '2015-12-08 09:24:26', 1250),
(263, 65, 35, '80', '2015-12-08 09:24:32', 1250),
(264, 67, 35, '80', '2015-12-08 09:24:39', 1250),
(265, 66, 35, '80', '2015-12-08 09:24:51', 1250),
(266, 68, 35, '80', '2015-12-08 09:25:44', 1250),
(267, 48, 36, '30', '2015-12-08 09:43:01', 1250),
(268, 49, 36, '30', '2015-12-08 09:43:06', 1250),
(269, 51, 36, '30', '2015-12-08 09:43:13', 1250),
(270, 61, 36, '30', '2015-12-08 09:43:21', 1250),
(271, 60, 36, '30', '2015-12-08 09:43:29', 1250),
(272, 59, 36, '30', '2015-12-08 09:43:34', 1250),
(273, 58, 36, '30', '2015-12-08 09:43:40', 1250),
(274, 57, 36, '30', '2015-12-08 09:43:46', 1250),
(275, 56, 36, '30', '2015-12-08 09:43:52', 1250),
(276, 55, 36, '30', '2015-12-08 09:43:59', 1250),
(277, 52, 36, '30', '2015-12-08 09:44:04', 1250),
(278, 53, 36, '30', '2015-12-08 09:44:16', 1250),
(279, 50, 36, '30', '2015-12-08 09:44:34', 1250),
(280, 54, 36, '30', '2015-12-08 09:45:09', 1250);

-- --------------------------------------------------------

--
-- Table structure for table `sms_course_title`
--

CREATE TABLE IF NOT EXISTS `sms_course_title` (
  `id` tinyint(3) unsigned NOT NULL,
  `title` varchar(100) DEFAULT NULL,
  `status` enum('ACTIVE','INACTIVE','PENDING') DEFAULT 'ACTIVE',
  `created_at` timestamp NULL DEFAULT CURRENT_TIMESTAMP,
  `created_by` bigint(20) DEFAULT NULL
) ENGINE=InnoDB AUTO_INCREMENT=102 DEFAULT CHARSET=latin1;

--
-- Dumping data for table `sms_course_title`
--

INSERT INTO `sms_course_title` (`id`, `title`, `status`, `created_at`, `created_by`) VALUES
(54, 'Bangla', 'ACTIVE', '2015-01-29 16:33:06', 1),
(55, 'English', 'ACTIVE', '2015-01-29 16:33:36', 1),
(56, 'Mathematics', 'ACTIVE', '2015-01-29 16:33:59', 1),
(57, 'Bangladesh & Global Studies', 'ACTIVE', '2015-01-29 16:34:20', 1),
(58, 'Elementary Science', 'ACTIVE', '2015-01-29 16:34:38', 1),
(59, 'Religion and Moral Studies', 'ACTIVE', '2015-01-29 16:35:14', 1),
(61, 'General Knowledge', 'ACTIVE', '2015-01-29 16:36:03', 1),
(62, 'Drawing', 'ACTIVE', '2015-01-29 16:36:28', 1),
(63, 'Bangla 1st Paper', 'ACTIVE', '2015-01-29 16:38:32', 1),
(64, 'Bangla 2nd Paper', 'ACTIVE', '2015-01-29 16:38:53', 1),
(65, 'English 1st Paper', 'ACTIVE', '2015-01-29 16:39:07', 1),
(66, 'General Science', 'ACTIVE', '2015-01-29 16:39:53', 1),
(67, 'English 2nd Paper', 'ACTIVE', '2015-01-29 16:40:12', 1),
(68, 'Agricultural Studies', 'ACTIVE', '2015-01-29 16:40:23', 1),
(69, 'ICT', 'ACTIVE', '2015-01-29 16:41:11', 1),
(70, 'Work & Life Oriented Education', 'ACTIVE', '2015-01-29 16:41:34', 1),
(71, 'Physical Education', 'ACTIVE', '2015-01-29 16:41:50', 1),
(72, 'Arts & Crafts', 'ACTIVE', '2015-01-29 16:42:15', 1),
(73, 'English Language', 'ACTIVE', '2015-01-29 16:43:16', 1),
(74, 'English Literature', 'ACTIVE', '2015-01-29 16:43:50', 1),
(75, 'Science', 'ACTIVE', '2015-01-29 16:44:05', 1),
(76, 'Social Science', 'ACTIVE', '2015-01-29 17:26:04', 1),
(77, 'Home Science', 'ACTIVE', '2015-01-29 17:30:55', 1247),
(78, 'TIFFIN', 'ACTIVE', '2015-01-30 16:54:05', 1250),
(79, 'Music', 'ACTIVE', '2015-01-30 17:22:39', 1250),
(80, 'Zoology', 'ACTIVE', '2015-05-29 00:29:37', 1250),
(81, 'Philosophy (Computer)', 'ACTIVE', '2015-05-29 00:30:01', 1250),
(82, 'Botany', 'ACTIVE', '2015-05-29 00:30:18', 1250),
(83, 'Political Science', 'ACTIVE', '2015-05-29 00:30:33', 1250),
(84, 'Geology & Mining', 'ACTIVE', '2015-05-29 00:30:53', 1250),
(85, 'Statistics', 'ACTIVE', '2015-05-29 00:31:13', 1250),
(86, 'Applied Mathematics', 'ACTIVE', '2015-05-29 00:31:30', 1250),
(87, 'Sociology', 'ACTIVE', '2015-05-29 00:32:03', 1250),
(88, 'Home Economics', 'ACTIVE', '2015-05-29 00:32:33', 1250),
(89, 'Fine Arts', 'ACTIVE', '2015-05-29 00:32:50', 1250),
(90, 'MBA (Finance)', 'ACTIVE', '2015-05-29 00:33:22', 1250),
(91, 'Botany (Physical Exercise)', 'ACTIVE', '2015-05-29 00:33:42', 1250),
(92, 'Biochemistry and Molecular Biology', 'ACTIVE', '2015-05-29 00:34:00', 1250),
(93, 'Physics', 'ACTIVE', '2015-05-29 00:34:22', 1250),
(94, 'Arabic', 'ACTIVE', '2015-05-29 00:34:56', 1250),
(95, 'Islamic Studies', 'ACTIVE', '2015-05-29 00:35:11', 1250),
(96, 'Geography & Environment', 'ACTIVE', '2015-05-29 00:35:34', 1250),
(97, 'Psychology', 'ACTIVE', '2015-05-29 00:35:51', 1250),
(98, 'Management', 'ACTIVE', '2015-05-29 00:36:02', 1250),
(99, 'B.Sc (Pass), MBA', 'ACTIVE', '2015-05-29 00:36:43', 1250),
(100, 'Islamic Studies', 'ACTIVE', '2015-05-31 16:05:20', 1250),
(101, 'Islamic Studies', 'ACTIVE', '2015-05-31 16:05:21', 1250);

-- --------------------------------------------------------

--
-- Table structure for table `sms_course_type`
--

CREATE TABLE IF NOT EXISTS `sms_course_type` (
  `id` bigint(20) unsigned NOT NULL,
  `title` varchar(100) NOT NULL,
  `description` varchar(255) DEFAULT NULL,
  `status` enum('ACTIVE','INACTIVE','PENDING') NOT NULL DEFAULT 'ACTIVE',
  `created_at` timestamp NOT NULL DEFAULT CURRENT_TIMESTAMP,
  `created_by` bigint(20) DEFAULT NULL
) ENGINE=InnoDB AUTO_INCREMENT=5 DEFAULT CHARSET=latin1;

--
-- Dumping data for table `sms_course_type`
--

INSERT INTO `sms_course_type` (`id`, `title`, `description`, `status`, `created_at`, `created_by`) VALUES
(2, 'Compulsory', 'This is compulsory ', 'ACTIVE', '2015-09-15 04:06:52', NULL),
(3, 'Optional', 'This is Optional course type', 'INACTIVE', '2015-09-15 04:22:41', NULL),
(4, 'Additional', 'This is other course type', 'INACTIVE', '2015-09-15 04:23:19', NULL);

-- --------------------------------------------------------

--
-- Table structure for table `sms_course_type_course_attribute`
--

CREATE TABLE IF NOT EXISTS `sms_course_type_course_attribute` (
  `id` bigint(20) unsigned NOT NULL,
  `course_type_id` bigint(20) unsigned DEFAULT NULL,
  `course_attribute_id` bigint(20) unsigned DEFAULT NULL,
  `params` varchar(100) DEFAULT NULL,
  `execution_order` tinyint(3) unsigned DEFAULT NULL,
  `status` enum('ACTIVE','INACTIVE') DEFAULT 'ACTIVE',
  `created_at` timestamp NOT NULL DEFAULT CURRENT_TIMESTAMP,
  `created_by` bigint(20) unsigned DEFAULT NULL
) ENGINE=InnoDB DEFAULT CHARSET=latin1;

-- --------------------------------------------------------

--
-- Table structure for table `sms_designation`
--

CREATE TABLE IF NOT EXISTS `sms_designation` (
  `id` int(4) NOT NULL,
  `title` varchar(100) NOT NULL,
  `description` varchar(200) NOT NULL,
  `type` enum('Admin','Guardian') NOT NULL DEFAULT 'Admin',
  `created_at` timestamp NOT NULL DEFAULT CURRENT_TIMESTAMP ON UPDATE CURRENT_TIMESTAMP
) ENGINE=InnoDB AUTO_INCREMENT=36 DEFAULT CHARSET=latin1;

--
-- Dumping data for table `sms_designation`
--

INSERT INTO `sms_designation` (`id`, `title`, `description`, `type`, `created_at`) VALUES
(2, 'Vice Principal', '', 'Admin', '2015-05-28 12:31:32'),
(3, 'Teacher', '', 'Admin', '2015-05-28 12:31:51'),
(4, 'Assistant Librarian', '', 'Admin', '2015-05-28 12:32:15'),
(5, 'Head Clerk', '', 'Admin', '2015-05-28 12:32:32'),
(6, 'Office Staff', '', 'Admin', '2015-05-28 12:32:50'),
(7, 'Security Incharge/Caretaker', '', 'Admin', '2015-05-28 12:33:09'),
(8, 'Driver', '', 'Admin', '2015-05-28 12:33:26'),
(9, 'Security Guard', '', 'Admin', '2015-05-28 12:33:45'),
(10, 'Peon (Brother)', '', 'Admin', '2015-05-28 12:34:02'),
(11, 'Cleaner (Brother)	', '', 'Admin', '2015-05-28 12:34:28'),
(12, 'Cleaner (Sister)', '', 'Admin', '2015-05-28 12:34:48'),
(13, 'Aya (Sister)', '', 'Admin', '2015-05-28 12:35:02'),
(14, 'Assistant Teacher', '', 'Admin', '2015-05-28 12:42:11'),
(17, 'Assistant Teacher (Per Time)', '', 'Admin', '2015-05-31 05:45:01'),
(18, 'Block Teacher', '', 'Admin', '2015-05-31 06:01:50'),
(19, 'Accounts Officer', '', 'Admin', '2015-06-07 05:13:30'),
(20, 'Office Assistant cum Accounts Assistant', '', 'Admin', '2015-06-07 05:14:01'),
(21, 'Office Assistant cum Computer Operator', '', 'Admin', '2015-06-07 05:14:27'),
(22, 'Caretaker/Security In-charge', '', 'Admin', '2015-06-07 05:14:47'),
(23, 'Brother/Peon', '', 'Admin', '2015-06-07 05:15:14'),
(24, 'Brother/Peon', '', 'Admin', '2015-06-07 05:16:04'),
(25, 'Security Guard', '', 'Admin', '2015-06-07 05:16:23'),
(26, 'Brother/Cleaner', '', 'Admin', '2015-06-07 05:16:44'),
(27, 'Security Guard', '', 'Admin', '2015-06-07 05:17:02'),
(28, 'Sister/Cleaner', '', 'Admin', '2015-06-07 05:17:25'),
(29, 'Sister/Aya', '', 'Admin', '2015-06-07 05:17:58'),
(30, 'Library Assistant', '', 'Admin', '2015-06-07 05:18:35'),
(31, 'Library Attendant', '', 'Admin', '2015-06-07 05:19:01'),
(32, 'Head Clerk', '', 'Admin', '2015-06-07 05:19:24'),
(33, 'Driver', '', 'Admin', '2015-06-07 05:19:42'),
(34, 'Medical Assistant', '', 'Admin', '2015-06-07 05:20:04'),
(35, 'Canteen Boy', '', 'Admin', '2015-06-07 07:27:51');

-- --------------------------------------------------------

--
-- Table structure for table `sms_district`
--

CREATE TABLE IF NOT EXISTS `sms_district` (
  `id` tinyint(3) unsigned NOT NULL,
  `name` varchar(100) DEFAULT NULL
) ENGINE=InnoDB AUTO_INCREMENT=65 DEFAULT CHARSET=latin1;

--
-- Dumping data for table `sms_district`
--

INSERT INTO `sms_district` (`id`, `name`) VALUES
(1, 'Dhaka'),
(2, 'Narayanganj'),
(3, 'Munshiganj'),
(4, 'Narshingdi'),
(5, 'Gazipur'),
(6, 'Manikganj'),
(7, 'Tangail'),
(8, 'Jamalpur'),
(9, 'Sherpur'),
(10, 'Mymensingh'),
(11, 'Kishoreganj'),
(12, 'Netrakona'),
(13, 'Sunamganj'),
(14, 'Sylhet'),
(15, 'Moulvibazar'),
(16, 'Hobiganj'),
(17, 'Brahmanbaria'),
(18, 'Comilla'),
(19, 'Chandpur'),
(20, 'Lakshmipur'),
(21, 'Noakhali'),
(22, 'Feni'),
(23, 'Chittagong'),
(24, 'Khagrachari'),
(25, 'Rangamati'),
(26, 'Bandarban'),
(27, 'Cox''s Bazar'),
(28, 'Panchagarh'),
(29, 'Thakurgaon'),
(30, 'Dinajpur'),
(31, 'Nilphamari'),
(32, 'Rangpur'),
(33, 'Lalmonirhat'),
(34, 'Kurigram'),
(35, 'Gaibandha'),
(36, 'Bogra'),
(37, 'Joypurhat'),
(38, 'Rajshahi'),
(39, 'Chapinawabganj'),
(40, 'Natore'),
(41, 'Naogaon'),
(42, 'Pabna'),
(43, 'Sirajganj'),
(44, 'Kustia'),
(45, 'Meherpur'),
(46, 'Chuadanga'),
(47, 'Jinaidaha'),
(48, 'Jessore'),
(49, 'Narail'),
(50, 'Magura'),
(51, 'Rajbari'),
(52, 'Faridpur'),
(53, 'Madaripur'),
(54, 'Shariatpur'),
(55, 'Gopalganj'),
(56, 'Barishal'),
(57, 'Bhola'),
(58, 'Jhalokathi'),
(59, 'Pirojpur'),
(60, 'Patuakhali'),
(61, 'Barguna'),
(62, 'Khulna'),
(63, 'IBH WAs Here'),
(64, 'Satkhira');

-- --------------------------------------------------------

--
-- Table structure for table `sms_evaluation_rule`
--

CREATE TABLE IF NOT EXISTS `sms_evaluation_rule` (
  `id` bigint(20) unsigned NOT NULL,
  `sylabus_evaluation_id` bigint(20) unsigned DEFAULT NULL,
  `title` varchar(100) DEFAULT NULL,
  `eval_function` varchar(100) DEFAULT NULL,
  `description` varchar(255) DEFAULT NULL,
  `created_at` timestamp NOT NULL DEFAULT CURRENT_TIMESTAMP,
  `created_by` bigint(20) DEFAULT NULL
) ENGINE=InnoDB DEFAULT CHARSET=latin1;

-- --------------------------------------------------------

--
-- Table structure for table `sms_evaluation_type`
--

CREATE TABLE IF NOT EXISTS `sms_evaluation_type` (
  `id` bigint(20) unsigned NOT NULL,
  `eval_type` enum('TEXT','BOOL','NUMBER') NOT NULL DEFAULT 'TEXT',
  `eval_func` varchar(100) DEFAULT NULL,
  `title` varchar(100) DEFAULT NULL,
  `description` varchar(255) DEFAULT NULL,
  `status` enum('ACTIVE','INACTIVE','PENDING') NOT NULL DEFAULT 'ACTIVE',
  `created_at` timestamp NOT NULL DEFAULT CURRENT_TIMESTAMP,
  `created_by` bigint(20) DEFAULT NULL
) ENGINE=InnoDB AUTO_INCREMENT=5 DEFAULT CHARSET=latin1;

--
-- Dumping data for table `sms_evaluation_type`
--

INSERT INTO `sms_evaluation_type` (`id`, `eval_type`, `eval_func`, `title`, `description`, `status`, `created_at`, `created_by`) VALUES
(1, 'NUMBER', 'process_subjective_marks', 'Creative', 'This is subjective part', 'ACTIVE', '2015-09-13 04:41:38', 1250),
(2, 'NUMBER', 'process_objective_marks', 'MCQ', 'This Objective part', 'ACTIVE', '2015-09-15 04:10:39', 1250),
(3, 'NUMBER', 'Parctical', 'Practical', 'This is Practical Part', 'ACTIVE', '2015-09-15 04:11:18', 1250),
(4, 'NUMBER', 'ct', 'CT Average', 'This is for class test', 'ACTIVE', '2015-09-20 03:28:36', 1250);

-- --------------------------------------------------------

--
-- Table structure for table `sms_exam`
--

CREATE TABLE IF NOT EXISTS `sms_exam` (
  `id` bigint(20) unsigned NOT NULL,
  `class_id` bigint(20) unsigned DEFAULT NULL,
  `section_id` bigint(20) unsigned DEFAULT NULL,
  `fee` smallint(6) DEFAULT '0',
  `exam_type_lookup_id` bigint(20) unsigned DEFAULT NULL,
  `description` varchar(255) DEFAULT NULL,
  `title` varchar(255) DEFAULT NULL,
  `exam_session` year(4) NOT NULL,
  `is_final` tinyint(1) NOT NULL DEFAULT '1',
  `status` enum('ACTIVE','INACTIVE','PENDING') DEFAULT 'ACTIVE',
  `start_date` date DEFAULT NULL,
  `end_date` date DEFAULT NULL,
  `exam_controller` bigint(20) unsigned NOT NULL,
  `created_at` timestamp NOT NULL DEFAULT CURRENT_TIMESTAMP,
  `created_by` bigint(20) unsigned DEFAULT NULL
) ENGINE=InnoDB AUTO_INCREMENT=2 DEFAULT CHARSET=latin1;

--
-- Dumping data for table `sms_exam`
--

INSERT INTO `sms_exam` (`id`, `class_id`, `section_id`, `fee`, `exam_type_lookup_id`, `description`, `title`, `exam_session`, `is_final`, `status`, `start_date`, `end_date`, `exam_controller`, `created_at`, `created_by`) VALUES
(1, 7, 5, 1000, 29, '', ' First Term Exam End For Class Seven', 2015, 0, 'ACTIVE', '2015-12-23', '2015-12-31', 0, '2015-12-21 05:53:48', 1250);

-- --------------------------------------------------------

--
-- Table structure for table `sms_exam_class_test`
--

CREATE TABLE IF NOT EXISTS `sms_exam_class_test` (
  `id` bigint(20) unsigned NOT NULL,
  `exam_id` bigint(20) unsigned DEFAULT NULL,
  `exam_type_lookup_id` bigint(20) unsigned DEFAULT NULL,
  `description` varchar(255) DEFAULT NULL,
  `title` varchar(255) DEFAULT NULL,
  `status` enum('ACTIVE','INACTIVE','PENDING') DEFAULT 'ACTIVE',
  `start_date` date DEFAULT NULL,
  `end_date` date DEFAULT NULL,
  `exam_controller` bigint(20) unsigned NOT NULL,
  `created_at` timestamp NOT NULL DEFAULT CURRENT_TIMESTAMP,
  `created_by` bigint(20) unsigned DEFAULT NULL
) ENGINE=InnoDB DEFAULT CHARSET=latin1;

-- --------------------------------------------------------

--
-- Table structure for table `sms_exam_course_result`
--

CREATE TABLE IF NOT EXISTS `sms_exam_course_result` (
  `id` bigint(20) unsigned NOT NULL,
  `exam_registration_id` bigint(20) unsigned DEFAULT NULL,
  `course_id` bigint(20) unsigned NOT NULL,
  `obtain_percent` tinyint(3) unsigned DEFAULT NULL,
  `scale_matrix_id` bigint(20) unsigned DEFAULT NULL,
  `created_at` timestamp NOT NULL DEFAULT CURRENT_TIMESTAMP,
  `created_by` bigint(20) unsigned DEFAULT NULL,
  `updated_at` datetime DEFAULT NULL,
  `updated_by` bigint(20) unsigned DEFAULT NULL
) ENGINE=InnoDB AUTO_INCREMENT=158 DEFAULT CHARSET=latin1;

--
-- Dumping data for table `sms_exam_course_result`
--

INSERT INTO `sms_exam_course_result` (`id`, `exam_registration_id`, `course_id`, `obtain_percent`, `scale_matrix_id`, `created_at`, `created_by`, `updated_at`, `updated_by`) VALUES
(17, 5, 7, 100, 11, '2015-11-01 06:03:10', 1250, '2015-11-01 12:03:10', 1250),
(18, 5, 8, 85, 8, '2015-11-01 06:03:10', 1250, '2015-11-01 12:03:10', 1250),
(19, 5, 9, 85, 8, '2015-11-01 06:03:10', 1250, '2015-11-01 12:03:10', 1250),
(20, 5, 10, 90, 8, '2015-11-01 06:03:10', 1250, '2015-11-01 12:03:10', 1250),
(21, 5, 11, 80, 8, '2015-11-01 06:03:10', 1250, '2015-11-01 12:03:10', 1250),
(22, 4, 7, 80, 8, '2015-11-01 06:04:41', 1250, '2015-11-01 12:04:41', 1250),
(23, 4, 8, 80, 8, '2015-11-01 06:04:41', 1250, '2015-11-01 12:04:41', 1250),
(24, 4, 9, 85, 8, '2015-11-01 06:04:41', 1250, '2015-11-01 12:04:41', 1250),
(25, 4, 10, 90, 8, '2015-11-01 06:04:41', 1250, '2015-11-01 12:04:41', 1250),
(26, 4, 11, 80, 8, '2015-11-01 06:04:41', 1250, '2015-11-01 12:04:41', 1250),
(27, 7, 7, 80, 8, '2015-11-16 09:59:39', 1250, '2015-11-16 15:59:39', 1250),
(28, 7, 8, 85, 8, '2015-11-16 09:59:39', 1250, '2015-11-16 15:59:39', 1250),
(29, 7, 9, 95, 8, '2015-11-16 09:59:39', 1250, '2015-11-16 15:59:39', 1250),
(30, 7, 10, 100, 8, '2015-11-16 09:59:39', 1250, '2015-11-16 15:59:39', 1250),
(31, 7, 11, 95, 8, '2015-11-16 09:59:39', 1250, '2015-11-16 15:59:39', 1250),
(32, 10, 26, 42, 5, '2015-11-17 04:45:03', 1250, '2015-11-17 14:31:03', 1250),
(33, 10, 27, 90, 2, '2015-11-17 04:45:03', 1250, '2015-11-17 10:45:03', 1250),
(34, 10, 28, 90, 2, '2015-11-17 04:45:03', 1250, '2015-11-17 10:45:03', 1250),
(35, 10, 29, 94, 2, '2015-11-17 04:45:03', 1250, '2015-11-17 10:45:03', 1250),
(36, 17, 41, 66, 20, '2015-11-26 06:51:09', 1250, '2015-11-26 12:51:09', 1250),
(37, 17, 43, 80, 18, '2015-11-26 06:51:09', 1250, '2015-11-26 12:51:09', 1250),
(38, 17, 44, 80, 18, '2015-11-26 06:51:09', 1250, '2015-11-26 12:51:09', 1250),
(39, 17, 45, 95, 18, '2015-11-26 06:51:09', 1250, '2015-11-26 12:51:09', 1250),
(40, 17, 46, 75, 19, '2015-11-26 06:51:09', 1250, '2015-11-26 12:51:09', 1250),
(41, 17, 47, 90, 18, '2015-11-26 06:51:09', 1250, '2015-11-26 12:51:09', 1250),
(42, 16, 41, 80, 18, '2015-11-26 06:53:51', 1250, '2015-11-26 12:53:51', 1250),
(43, 16, 43, 95, 18, '2015-11-26 06:53:51', 1250, '2015-11-26 12:53:51', 1250),
(44, 16, 44, 80, 18, '2015-11-26 06:53:51', 1250, '2015-11-26 12:53:51', 1250),
(45, 16, 45, 90, 18, '2015-11-26 06:53:51', 1250, '2015-11-26 12:53:51', 1250),
(46, 16, 46, 75, 19, '2015-11-26 06:53:51', 1250, '2015-11-26 12:53:51', 1250),
(47, 16, 47, 90, 18, '2015-11-26 06:53:51', 1250, '2015-11-26 12:53:51', 1250),
(48, 15, 41, 80, 18, '2015-11-26 06:57:28', 1250, '2015-11-26 12:57:28', 1250),
(49, 15, 43, 80, 18, '2015-11-26 06:57:28', 1250, '2015-11-26 12:57:28', 1250),
(50, 15, 44, 81, 18, '2015-11-26 06:57:28', 1250, '2015-11-26 12:57:28', 1250),
(51, 15, 45, 85, 18, '2015-11-26 06:57:28', 1250, '2015-11-26 12:57:28', 1250),
(52, 15, 46, 75, 19, '2015-11-26 06:57:28', 1250, '2015-11-26 12:57:28', 1250),
(53, 15, 47, 82, 18, '2015-11-26 06:57:28', 1250, '2015-11-26 12:57:28', 1250),
(54, 13, 26, 60, 3, '2015-11-26 07:17:28', 1250, '2015-11-26 14:00:22', 1250),
(55, 13, 27, 90, 2, '2015-11-26 07:17:28', 1250, '2015-11-26 13:17:28', 1250),
(56, 13, 28, 69, 3, '2015-11-26 07:17:28', 1250, '2015-11-26 13:17:28', 1250),
(57, 13, 29, 84, 2, '2015-11-26 07:17:28', 1250, '2015-11-26 13:17:28', 1250),
(58, 13, 34, 80, 2, '2015-11-26 07:17:28', 1250, '2015-11-26 13:17:28', 1250),
(59, 13, 32, 65, 3, '2015-11-26 07:17:28', 1250, '2015-11-26 13:17:28', 1250),
(60, 13, 33, 80, 2, '2015-11-26 07:17:28', 1250, '2015-11-26 13:17:28', 1250),
(61, 13, 31, 70, 1, '2015-11-26 07:17:28', 1250, '2015-11-26 13:17:28', 1250),
(62, 13, 30, 70, 1, '2015-11-26 07:17:28', 1250, '2015-11-26 13:17:28', 1250),
(63, 13, 36, 73, 1, '2015-11-26 07:17:28', 1250, '2015-11-26 13:17:28', 1250),
(64, 13, 37, 70, 1, '2015-11-26 07:17:28', 1250, '2015-11-26 13:17:28', 1250),
(65, 13, 38, 70, 1, '2015-11-26 07:17:28', 1250, '2015-11-26 13:17:28', 1250),
(66, 13, 39, 85, 2, '2015-11-26 07:17:28', 1250, '2015-11-26 13:17:28', 1250),
(67, 13, 40, 70, 1, '2015-11-26 07:17:28', 1250, '2015-11-26 13:17:28', 1250),
(68, 20, 41, 65, 20, '2015-12-08 05:08:06', 1250, '2015-12-08 11:08:06', 1250),
(69, 20, 43, 60, 20, '2015-12-08 05:08:06', 1250, '2015-12-08 11:08:06', 1250),
(70, 20, 44, 70, 19, '2015-12-08 05:08:06', 1250, '2015-12-08 11:08:06', 1250),
(71, 20, 45, 71, 19, '2015-12-08 05:08:06', 1250, '2015-12-08 11:08:06', 1250),
(72, 20, 46, 74, 19, '2015-12-08 05:08:06', 1250, '2015-12-08 11:08:06', 1250),
(73, 20, 47, 71, 19, '2015-12-08 05:08:06', 1250, '2015-12-08 11:08:06', 1250),
(74, 14, 26, 80, 2, '2015-12-08 05:32:00', 1250, '2015-12-08 11:32:00', 1250),
(75, 14, 27, 75, 1, '2015-12-08 05:32:00', 1250, '2015-12-08 11:32:00', 1250),
(76, 14, 28, 69, 3, '2015-12-08 05:32:00', 1250, '2015-12-08 11:32:00', 1250),
(77, 14, 29, 84, 2, '2015-12-08 05:32:00', 1250, '2015-12-08 11:32:00', 1250),
(78, 14, 34, 85, 2, '2015-12-08 05:32:00', 1250, '2015-12-08 11:32:00', 1250),
(79, 14, 32, 65, 3, '2015-12-08 05:32:00', 1250, '2015-12-08 11:32:00', 1250),
(80, 14, 33, 70, 1, '2015-12-08 05:32:00', 1250, '2015-12-08 11:32:00', 1250),
(81, 14, 31, 70, 1, '2015-12-08 05:32:00', 1250, '2015-12-08 11:32:00', 1250),
(82, 14, 30, 65, 3, '2015-12-08 05:32:00', 1250, '2015-12-08 11:32:00', 1250),
(83, 14, 36, 57, 4, '2015-12-08 05:32:00', 1250, '2015-12-08 11:32:00', 1250),
(84, 14, 37, 69, 3, '2015-12-08 05:32:00', 1250, '2015-12-08 11:32:00', 1250),
(85, 14, 38, 65, 3, '2015-12-08 05:32:00', 1250, '2015-12-08 11:32:00', 1250),
(86, 14, 39, 80, 2, '2015-12-08 05:32:00', 1250, '2015-12-08 11:32:00', 1250),
(87, 11, 26, 79, 1, '2015-12-08 05:32:06', 1250, '2015-12-08 11:32:06', 1250),
(88, 11, 27, 80, 2, '2015-12-08 05:32:06', 1250, '2015-12-08 11:32:06', 1250),
(89, 11, 28, 75, 1, '2015-12-08 05:32:06', 1250, '2015-12-08 11:32:06', 1250),
(90, 11, 29, 80, 2, '2015-12-08 05:32:06', 1250, '2015-12-08 11:32:06', 1250),
(91, 11, 35, 60, 3, '2015-12-08 05:32:06', 1250, '2015-12-08 11:32:06', 1250),
(92, 11, 32, 75, 1, '2015-12-08 05:32:06', 1250, '2015-12-08 11:32:06', 1250),
(93, 11, 33, 85, 2, '2015-12-08 05:32:06', 1250, '2015-12-08 11:32:06', 1250),
(94, 11, 31, 65, 3, '2015-12-08 05:32:06', 1250, '2015-12-08 11:32:06', 1250),
(95, 11, 30, 80, 2, '2015-12-08 05:32:06', 1250, '2015-12-08 11:32:06', 1250),
(96, 11, 36, 76, 1, '2015-12-08 05:32:06', 1250, '2015-12-08 11:32:06', 1250),
(97, 11, 37, 79, 1, '2015-12-08 05:32:06', 1250, '2015-12-08 11:32:06', 1250),
(98, 11, 38, 65, 3, '2015-12-08 05:32:06', 1250, '2015-12-08 11:32:06', 1250),
(99, 11, 39, 80, 2, '2015-12-08 05:32:06', 1250, '2015-12-08 11:32:06', 1250),
(100, 1, 1, 3, 5, '2015-12-08 05:56:05', 1250, '2015-12-08 11:56:05', 1250),
(101, 1, 2, 85, 2, '2015-12-08 05:56:05', 1250, '2015-12-08 11:56:05', 1250),
(102, 1, 3, 74, 1, '2015-12-08 05:56:05', 1250, '2015-12-08 11:56:05', 1250),
(103, 1, 4, 75, 1, '2015-12-08 05:56:05', 1250, '2015-12-08 11:56:05', 1250),
(104, 1, 5, 80, 2, '2015-12-08 05:56:05', 1250, '2015-12-08 11:56:05', 1250),
(105, 1, 6, 81, 2, '2015-12-08 05:56:05', 1250, '2015-12-08 11:56:05', 1250),
(106, 21, 26, 75, 1, '2015-12-08 06:18:06', 1250, '2015-12-08 12:18:06', 1250),
(107, 21, 27, 75, 1, '2015-12-08 06:18:06', 1250, '2015-12-08 12:18:06', 1250),
(108, 21, 28, 75, 1, '2015-12-08 06:18:06', 1250, '2015-12-08 12:18:06', 1250),
(109, 21, 29, 80, 2, '2015-12-08 06:18:06', 1250, '2015-12-08 12:18:06', 1250),
(110, 21, 35, 75, 1, '2015-12-08 06:18:06', 1250, '2015-12-08 12:18:06', 1250),
(111, 21, 32, 80, 2, '2015-12-08 06:18:06', 1250, '2015-12-08 12:18:06', 1250),
(112, 21, 33, 75, 1, '2015-12-08 06:18:06', 1250, '2015-12-08 12:18:06', 1250),
(113, 21, 31, 70, 1, '2015-12-08 06:18:06', 1250, '2015-12-08 12:18:06', 1250),
(114, 21, 30, 75, 1, '2015-12-08 06:18:06', 1250, '2015-12-08 12:18:06', 1250),
(115, 21, 36, 80, 2, '2015-12-08 06:18:06', 1250, '2015-12-08 12:18:06', 1250),
(116, 21, 37, 83, 2, '2015-12-08 06:18:06', 1250, '2015-12-08 12:18:06', 1250),
(117, 21, 38, 90, 2, '2015-12-08 06:18:06', 1250, '2015-12-08 12:18:06', 1250),
(118, 21, 39, 70, 1, '2015-12-08 06:18:06', 1250, '2015-12-08 12:18:06', 1250),
(119, 23, 90, 100, 8, '2015-12-08 09:15:27', 1250, '2015-12-08 15:15:27', 1250),
(120, 23, 91, 100, 8, '2015-12-08 09:15:27', 1250, '2015-12-08 15:15:27', 1250),
(121, 23, 92, 98, 8, '2015-12-08 09:15:27', 1250, '2015-12-08 15:15:27', 1250),
(122, 23, 93, 100, 8, '2015-12-08 09:15:27', 1250, '2015-12-08 15:15:27', 1250),
(123, 23, 94, 98, 8, '2015-12-08 09:15:27', 1250, '2015-12-08 15:15:27', 1250),
(124, 23, 95, 99, 8, '2015-12-08 09:15:27', 1250, '2015-12-08 15:15:27', 1250),
(125, 22, 90, 100, 8, '2015-12-08 09:16:28', 1250, '2015-12-08 15:16:28', 1250),
(126, 22, 91, 100, 8, '2015-12-08 09:16:28', 1250, '2015-12-08 15:16:28', 1250),
(127, 22, 92, 95, 8, '2015-12-08 09:16:28', 1250, '2015-12-08 15:16:28', 1250),
(128, 22, 93, 54, 12, '2015-12-08 09:16:28', 1250, '2015-12-08 15:16:28', 1250),
(129, 22, 94, 99, 8, '2015-12-08 09:16:28', 1250, '2015-12-08 15:16:28', 1250),
(130, 22, 95, 98, 8, '2015-12-08 09:16:28', 1250, '2015-12-08 15:16:28', 1250),
(131, 25, 62, 85, 18, '2015-12-08 09:31:30', 1250, '2015-12-08 15:31:30', 1250),
(132, 25, 63, 100, 18, '2015-12-08 09:31:30', 1250, '2015-12-08 15:31:30', 1250),
(133, 25, 64, 95, 18, '2015-12-08 09:31:30', 1250, '2015-12-08 15:31:30', 1250),
(134, 25, 65, 95, 18, '2015-12-08 09:31:30', 1250, '2015-12-08 15:31:30', 1250),
(135, 25, 66, 95, 18, '2015-12-08 09:31:30', 1250, '2015-12-08 15:31:30', 1250),
(136, 25, 67, 96, 18, '2015-12-08 09:31:30', 1250, '2015-12-08 15:31:30', 1250),
(137, 25, 68, 99, 18, '2015-12-08 09:31:30', 1250, '2015-12-08 15:31:30', 1250),
(138, 24, 62, 85, 18, '2015-12-08 09:33:12', 1250, '2015-12-08 15:33:12', 1250),
(139, 24, 63, 100, 18, '2015-12-08 09:33:12', 1250, '2015-12-08 15:33:12', 1250),
(140, 24, 64, 95, 18, '2015-12-08 09:33:12', 1250, '2015-12-08 15:33:12', 1250),
(141, 24, 65, 95, 18, '2015-12-08 09:33:12', 1250, '2015-12-08 15:33:12', 1250),
(142, 24, 66, 95, 18, '2015-12-08 09:33:12', 1250, '2015-12-08 15:33:12', 1250),
(143, 24, 67, 96, 18, '2015-12-08 09:33:12', 1250, '2015-12-08 15:33:12', 1250),
(144, 24, 68, 94, 18, '2015-12-08 09:33:12', 1250, '2015-12-08 15:33:45', 1250),
(145, 1, 26, 78, 1, '2016-01-18 06:25:06', 1250, '2016-01-18 12:25:06', 1250),
(146, 1, 27, 85, 2, '2016-01-18 06:25:06', 1250, '2016-01-18 12:25:06', 1250),
(147, 1, 28, 69, 3, '2016-01-18 06:25:06', 1250, '2016-01-18 12:25:06', 1250),
(148, 1, 29, 84, 2, '2016-01-18 06:25:06', 1250, '2016-01-18 12:25:06', 1250),
(149, 1, 34, 80, 2, '2016-01-18 06:25:06', 1250, '2016-01-18 12:25:06', 1250),
(150, 1, 32, 75, 1, '2016-01-18 06:25:06', 1250, '2016-01-18 12:25:06', 1250),
(151, 1, 33, 80, 2, '2016-01-18 06:25:06', 1250, '2016-01-18 12:25:06', 1250),
(152, 1, 31, 70, 1, '2016-01-18 06:25:06', 1250, '2016-01-18 12:25:06', 1250),
(153, 1, 30, 75, 1, '2016-01-18 06:25:06', 1250, '2016-01-18 12:25:06', 1250),
(154, 1, 36, 73, 1, '2016-01-18 06:25:06', 1250, '2016-01-18 12:25:06', 1250),
(155, 1, 37, 70, 1, '2016-01-18 06:25:06', 1250, '2016-01-18 12:25:06', 1250),
(156, 1, 38, 75, 1, '2016-01-18 06:25:06', 1250, '2016-01-18 12:25:06', 1250),
(157, 1, 39, 75, 1, '2016-01-18 06:25:06', 1250, '2016-01-18 12:25:06', 1250);

-- --------------------------------------------------------

--
-- Table structure for table `sms_exam_registration`
--

CREATE TABLE IF NOT EXISTS `sms_exam_registration` (
  `id` bigint(20) unsigned NOT NULL,
  `admission_id` bigint(20) unsigned DEFAULT NULL,
  `exam_id` bigint(20) unsigned DEFAULT NULL,
  `fee_received` smallint(6) DEFAULT '0',
  `description` varchar(255) DEFAULT NULL,
  `status` enum('ACTIVE','INACTIVE','PENDING') DEFAULT 'ACTIVE',
  `updated_at` timestamp NOT NULL DEFAULT CURRENT_TIMESTAMP,
  `created_at` datetime DEFAULT NULL,
  `created_by` bigint(20) unsigned DEFAULT NULL
) ENGINE=InnoDB AUTO_INCREMENT=2 DEFAULT CHARSET=latin1;

--
-- Dumping data for table `sms_exam_registration`
--

INSERT INTO `sms_exam_registration` (`id`, `admission_id`, `exam_id`, `fee_received`, `description`, `status`, `updated_at`, `created_at`, `created_by`) VALUES
(1, 1, 1, 1000, '', 'ACTIVE', '2015-12-21 05:54:05', '2015-12-21 11:54:05', 1250);

-- --------------------------------------------------------

--
-- Table structure for table `sms_exam_result`
--

CREATE TABLE IF NOT EXISTS `sms_exam_result` (
  `id` bigint(20) unsigned NOT NULL,
  `exam_registration_id` bigint(20) unsigned DEFAULT NULL,
  `obtain_marks` int(10) unsigned NOT NULL,
  `weight` float(4,2) unsigned DEFAULT NULL,
  `additional_weight` float(4,2) unsigned DEFAULT NULL,
  `scale_matrix_id` bigint(20) unsigned DEFAULT NULL,
  `additional_marks` tinyint(3) unsigned DEFAULT NULL,
  `created_at` timestamp NOT NULL DEFAULT CURRENT_TIMESTAMP,
  `created_by` bigint(20) unsigned DEFAULT NULL,
  `updated_at` datetime DEFAULT NULL,
  `updated_by` bigint(20) NOT NULL
) ENGINE=InnoDB AUTO_INCREMENT=2 DEFAULT CHARSET=latin1;

--
-- Dumping data for table `sms_exam_result`
--

INSERT INTO `sms_exam_result` (`id`, `exam_registration_id`, `obtain_marks`, `weight`, `additional_weight`, `scale_matrix_id`, `additional_marks`, `created_at`, `created_by`, `updated_at`, `updated_by`) VALUES
(1, 1, 989, 4.30, NULL, 1, NULL, '2016-01-18 06:25:06', 1250, '2016-01-18 12:25:06', 1250);

-- --------------------------------------------------------

--
-- Table structure for table `sms_exam_result_details`
--

CREATE TABLE IF NOT EXISTS `sms_exam_result_details` (
  `id` bigint(20) unsigned NOT NULL,
  `course_sylabus_evaluation_type_id` bigint(20) unsigned DEFAULT NULL,
  `exam_registration_id` bigint(20) unsigned DEFAULT NULL,
  `obtain_marks` smallint(6) DEFAULT NULL,
  `created_at` timestamp NOT NULL DEFAULT CURRENT_TIMESTAMP,
  `created_by` bigint(20) unsigned DEFAULT NULL,
  `updated_at` datetime DEFAULT NULL
) ENGINE=InnoDB AUTO_INCREMENT=40 DEFAULT CHARSET=latin1;

--
-- Dumping data for table `sms_exam_result_details`
--

INSERT INTO `sms_exam_result_details` (`id`, `course_sylabus_evaluation_type_id`, `exam_registration_id`, `obtain_marks`, `created_at`, `created_by`, `updated_at`) VALUES
(1, 64, 1, 29, '2015-12-21 05:57:43', 1250, '2015-12-21 11:57:43'),
(2, 62, 1, 19, '2015-12-21 05:57:43', 1250, '2015-12-21 11:57:43'),
(3, 63, 1, 30, '2015-12-21 05:57:43', 1250, '2015-12-21 11:57:43'),
(4, 65, 1, 20, '2015-12-21 05:57:43', 1250, '2015-12-21 11:57:43'),
(5, 66, 1, 40, '2015-12-21 05:57:43', 1250, '2015-12-21 11:57:43'),
(6, 67, 1, 25, '2015-12-21 05:57:43', 1250, '2015-12-21 11:57:43'),
(7, 68, 1, 20, '2015-12-21 05:57:43', 1250, '2015-12-21 11:57:43'),
(8, 69, 1, 29, '2015-12-21 05:57:43', 1250, '2015-12-21 11:57:43'),
(9, 70, 1, 20, '2015-12-21 05:57:43', 1250, '2015-12-21 11:57:43'),
(10, 71, 1, 20, '2015-12-21 05:57:43', 1250, '2015-12-21 11:57:43'),
(11, 72, 1, 49, '2015-12-21 05:57:43', 1250, '2015-12-21 11:57:43'),
(12, 73, 1, 15, '2015-12-21 05:57:43', 1250, '2015-12-21 11:57:43'),
(13, 86, 1, 20, '2015-12-21 05:57:43', 1250, '2015-12-21 11:57:43'),
(14, 87, 1, 30, '2015-12-21 05:57:43', 1250, '2015-12-21 11:57:43'),
(15, 88, 1, 30, '2015-12-21 05:57:43', 1250, '2015-12-21 11:57:43'),
(16, 80, 1, 20, '2015-12-21 05:57:43', 1250, '2015-12-21 11:57:43'),
(17, 81, 1, 35, '2015-12-21 05:57:43', 1250, '2015-12-21 11:57:43'),
(18, 82, 1, 20, '2015-12-21 05:57:43', 1250, '2015-12-21 11:57:43'),
(19, 85, 1, 25, '2015-12-21 05:57:43', 1250, '2015-12-21 11:57:43'),
(20, 83, 1, 20, '2015-12-21 05:57:43', 1250, '2015-12-21 11:57:43'),
(21, 84, 1, 35, '2015-12-21 05:57:43', 1250, '2015-12-21 11:57:43'),
(22, 78, 1, 25, '2015-12-21 05:57:43', 1250, '2015-12-21 11:57:43'),
(23, 79, 1, 25, '2015-12-21 05:57:43', 1250, '2015-12-21 11:57:43'),
(24, 77, 1, 20, '2015-12-21 05:57:43', 1250, '2015-12-21 11:57:43'),
(25, 74, 1, 15, '2015-12-21 05:57:43', 1250, '2015-12-21 11:57:43'),
(26, 75, 1, 30, '2015-12-21 05:57:43', 1250, '2015-12-21 11:57:43'),
(27, 76, 1, 30, '2015-12-21 05:57:43', 1250, '2015-12-21 11:57:43'),
(28, 92, 1, 20, '2015-12-21 05:57:43', 1250, '2015-12-21 11:57:43'),
(29, 93, 1, 35, '2015-12-21 05:57:43', 1250, '2015-12-21 11:57:43'),
(30, 94, 1, 18, '2015-12-21 05:57:43', 1250, '2015-12-21 11:57:43'),
(31, 95, 1, 15, '2015-12-21 05:57:43', 1250, '2015-12-21 11:57:43'),
(32, 96, 1, 35, '2015-12-21 05:57:43', 1250, '2015-12-21 11:57:43'),
(33, 97, 1, 20, '2015-12-21 05:57:43', 1250, '2015-12-21 11:57:43'),
(34, 98, 1, 20, '2015-12-21 05:57:43', 1250, '2015-12-21 11:57:43'),
(35, 99, 1, 25, '2015-12-21 05:57:43', 1250, '2015-12-21 11:57:43'),
(36, 100, 1, 30, '2015-12-21 05:57:43', 1250, '2015-12-21 11:57:43'),
(37, 102, 1, 40, '2015-12-21 05:57:43', 1250, '2015-12-21 11:57:43'),
(38, 103, 1, 20, '2015-12-21 05:57:43', 1250, '2015-12-21 11:57:43'),
(39, 101, 1, 15, '2015-12-21 05:57:43', 1250, '2015-12-21 11:57:43');

-- --------------------------------------------------------

--
-- Table structure for table `sms_exam_sylabus`
--

CREATE TABLE IF NOT EXISTS `sms_exam_sylabus` (
  `id` bigint(20) unsigned NOT NULL,
  `exam_id` bigint(20) unsigned DEFAULT NULL,
  `sylabus_id` bigint(20) unsigned DEFAULT NULL,
  `created_at` timestamp NOT NULL DEFAULT CURRENT_TIMESTAMP,
  `created_by` bigint(20) unsigned DEFAULT NULL
) ENGINE=InnoDB AUTO_INCREMENT=18 DEFAULT CHARSET=latin1;

--
-- Dumping data for table `sms_exam_sylabus`
--

INSERT INTO `sms_exam_sylabus` (`id`, `exam_id`, `sylabus_id`, `created_at`, `created_by`) VALUES
(7, 2, 8, '2015-09-29 06:52:49', 1250),
(10, 5, 11, '2015-11-16 11:11:30', 1250),
(13, 8, 13, '2015-11-22 10:22:33', 1250),
(15, 10, 19, '2015-12-08 09:14:32', 1250),
(16, 11, 15, '2015-12-08 09:19:14', 1250),
(17, 1, 11, '2015-12-21 05:53:48', 1250);

-- --------------------------------------------------------

--
-- Table structure for table `sms_fund_list`
--

CREATE TABLE IF NOT EXISTS `sms_fund_list` (
  `id` tinyint(2) NOT NULL,
  `title` varchar(100) NOT NULL,
  `status` enum('ACTIVE','INACTIVE') NOT NULL DEFAULT 'ACTIVE',
  `create_date` timestamp NOT NULL DEFAULT CURRENT_TIMESTAMP ON UPDATE CURRENT_TIMESTAMP
) ENGINE=InnoDB DEFAULT CHARSET=latin1;

-- --------------------------------------------------------

--
-- Table structure for table `sms_guardian`
--

CREATE TABLE IF NOT EXISTS `sms_guardian` (
  `id` bigint(20) unsigned NOT NULL,
  `first_name` varchar(50) DEFAULT NULL,
  `last_name` varchar(50) DEFAULT NULL,
  `mobile` varchar(20) DEFAULT NULL,
  `phone` varchar(20) DEFAULT NULL,
  `email` varchar(50) DEFAULT NULL,
  `anual_income` decimal(10,0) DEFAULT '0',
  `occupation_id` int(10) unsigned DEFAULT NULL,
  `designation_id` int(5) NOT NULL,
  `service_no` varchar(25) NOT NULL,
  `national_id` varchar(20) DEFAULT NULL
) ENGINE=InnoDB AUTO_INCREMENT=3 DEFAULT CHARSET=latin1;

--
-- Dumping data for table `sms_guardian`
--

INSERT INTO `sms_guardian` (`id`, `first_name`, `last_name`, `mobile`, `phone`, `email`, `anual_income`, `occupation_id`, `designation_id`, `service_no`, `national_id`) VALUES
(1, 'Md.Muktiar', 'Hossain', '01745320000', NULL, NULL, '52300', 1, 0, '00', '19562321232564'),
(2, 'Mst.Tahera', 'Begum', '0171456565', NULL, NULL, '50000', 10, 0, '00', '19651845632145698');

-- --------------------------------------------------------

--
-- Table structure for table `sms_house`
--

CREATE TABLE IF NOT EXISTS `sms_house` (
  `id` tinyint(3) NOT NULL,
  `title` varchar(50) NOT NULL,
  `description` varchar(200) NOT NULL,
  `status` enum('ACTIVE','INACTIVE','PENDING') NOT NULL,
  `create_date` timestamp NOT NULL DEFAULT CURRENT_TIMESTAMP ON UPDATE CURRENT_TIMESTAMP
) ENGINE=InnoDB DEFAULT CHARSET=latin1;

-- --------------------------------------------------------

--
-- Table structure for table `sms_letter_template`
--

CREATE TABLE IF NOT EXISTS `sms_letter_template` (
  `id` bigint(20) unsigned NOT NULL,
  `title` varchar(100) DEFAULT NULL,
  `code` varchar(40) DEFAULT NULL,
  `status` enum('ACTIVE','INACTIVE') DEFAULT 'ACTIVE',
  `content` text,
  `created_at` timestamp NOT NULL DEFAULT CURRENT_TIMESTAMP,
  `created_by` bigint(20) unsigned DEFAULT NULL
) ENGINE=InnoDB DEFAULT CHARSET=latin1;

-- --------------------------------------------------------

--
-- Table structure for table `sms_lookup`
--

CREATE TABLE IF NOT EXISTS `sms_lookup` (
  `id` bigint(20) unsigned NOT NULL,
  `lookup_type_id` int(11) DEFAULT NULL,
  `value_type` enum('TEXT','STRING','BOOL','NUMBER') DEFAULT 'STRING',
  `unique_code` varchar(50) DEFAULT NULL,
  `title` varchar(255) DEFAULT NULL,
  `created_at` timestamp NOT NULL DEFAULT CURRENT_TIMESTAMP,
  `created_by` bigint(20) unsigned DEFAULT NULL
) ENGINE=InnoDB AUTO_INCREMENT=36 DEFAULT CHARSET=latin1;

--
-- Dumping data for table `sms_lookup`
--

INSERT INTO `sms_lookup` (`id`, `lookup_type_id`, `value_type`, `unique_code`, `title`, `created_at`, `created_by`) VALUES
(1, 1, 'STRING', 'STD_STAT_REASON_1', 'Expense', '2013-02-14 04:23:01', 1),
(2, 1, 'BOOL', 'ADMISSION_IS_OPEN', 'Admission is open', '2013-02-14 05:12:48', 1),
(12, 2, 'STRING', 'site_title', 'site title', '2013-02-22 15:37:20', 1),
(14, 3, 'TEXT', 'MEETING', 'Meeting', '2013-02-23 03:48:42', 1),
(15, 3, 'BOOL', 'SMS_FLAG', 'SMS Activation', '2013-02-23 03:49:54', 1),
(16, 4, 'BOOL', 'FAMILY_SHIFT', 'Family shifted to other place', '2013-02-23 16:48:28', 1),
(17, 4, 'BOOL', 'STUDY_OPPORTUNITY', 'Better study opportunity', '2013-02-23 16:50:00', 1),
(18, 4, 'BOOL', 'FINANCIAL_PROBLEM', 'Financial problem', '2013-02-23 16:50:55', 1),
(19, 4, 'BOOL', 'EVE_TEASING', 'Eve teasing', '2013-02-23 16:56:24', 1),
(20, 5, 'BOOL', 'TRANSFER', 'Transfer', '2013-02-24 04:43:18', 1),
(21, 5, 'BOOL', 'STUDY_COMPLETED', 'Study Completed', '2013-02-24 04:49:27', 1),
(22, 5, 'BOOL', 'SUSPENDED', 'Suspended', '2013-02-24 04:50:24', 1),
(23, 5, 'BOOL', 'TERMINETED', 'Termineted', '2013-02-24 04:51:51', 1),
(24, 5, 'BOOL', 'ADMISSION_CONFIRMED', 'Admission Confirmed', '2013-02-24 04:58:31', 1),
(25, 5, 'BOOL', 'ADMISSION_IN_PROGRESS', 'Admission In Progress', '2013-02-24 15:59:29', 1),
(26, 5, 'BOOL', 'OTHER', 'Other', '2013-03-24 05:00:24', 1),
(27, 6, 'BOOL', 'OTHER', 'Other', '2013-03-29 14:42:30', 1),
(28, 6, 'BOOL', 'TEXT_BOOK', 'Text Book', '2013-03-29 14:43:24', 1),
(29, 7, 'BOOL', 'FIRST_TERM', 'First Term', '2013-03-30 03:06:39', 1),
(30, 7, 'BOOL', 'SECOND_TERM', 'Second Term', '2013-03-30 03:07:30', 1),
(31, 7, 'BOOL', 'ANUAL', 'Anual', '2013-03-30 03:08:52', 1),
(32, 7, 'BOOL', 'MONTHLY', 'Monthly', '2013-03-30 03:14:51', 1),
(33, 2, 'NUMBER', 'PAGE_ITEM', 'Page Item', '2013-07-08 05:23:03', 1),
(34, 8, 'STRING', 'API_URL', 'API URL', '2014-03-05 16:06:33', 1),
(35, 8, 'STRING', 'API_REDIRECT_URL', 'API Redirect URL', '2014-03-05 16:07:23', 1);

-- --------------------------------------------------------

--
-- Table structure for table `sms_lookup_bool_value`
--

CREATE TABLE IF NOT EXISTS `sms_lookup_bool_value` (
  `lookup_id` int(11) DEFAULT NULL,
  `value` tinyint(1) unsigned NOT NULL,
  `updated_at` timestamp NOT NULL DEFAULT CURRENT_TIMESTAMP,
  `updated_by` bigint(20) unsigned DEFAULT NULL
) ENGINE=InnoDB DEFAULT CHARSET=latin1;

--
-- Dumping data for table `sms_lookup_bool_value`
--

INSERT INTO `sms_lookup_bool_value` (`lookup_id`, `value`, `updated_at`, `updated_by`) VALUES
(2, 1, '2013-02-22 06:00:00', 1),
(15, 1, '2013-02-22 06:00:00', 1),
(17, 1, '2013-02-23 16:50:00', 1),
(16, 1, '2013-02-23 16:50:12', 1),
(18, 1, '2013-02-23 16:50:55', 1),
(19, 1, '2013-02-23 16:56:24', 1),
(20, 1, '2013-02-24 04:43:18', 1),
(21, 1, '2013-02-24 04:49:27', 1),
(22, 1, '2013-02-24 04:50:24', 1),
(23, 1, '2013-02-24 04:51:51', 1),
(24, 1, '2013-02-24 04:58:31', 1),
(25, 1, '2013-02-24 15:59:29', 1),
(26, 1, '2013-03-28 13:46:14', 1),
(27, 1, '2013-03-29 14:52:26', 1),
(28, 1, '2013-03-29 14:52:33', 1),
(29, 1, '2013-03-30 03:06:39', 1),
(30, 1, '2013-03-30 03:07:30', 1),
(31, 1, '2013-03-30 03:08:52', 1),
(32, 2, '2013-04-08 13:57:50', 1);

-- --------------------------------------------------------

--
-- Table structure for table `sms_lookup_num_value`
--

CREATE TABLE IF NOT EXISTS `sms_lookup_num_value` (
  `lookup_id` int(11) DEFAULT NULL,
  `value` float(14,2) DEFAULT NULL,
  `updated_at` timestamp NOT NULL DEFAULT CURRENT_TIMESTAMP,
  `updated_by` bigint(20) unsigned DEFAULT NULL
) ENGINE=InnoDB DEFAULT CHARSET=latin1;

--
-- Dumping data for table `sms_lookup_num_value`
--

INSERT INTO `sms_lookup_num_value` (`lookup_id`, `value`, `updated_at`, `updated_by`) VALUES
(6, 54.00, '2013-02-21 06:00:00', 1),
(33, 20.00, '2013-07-08 05:23:03', 1);

-- --------------------------------------------------------

--
-- Table structure for table `sms_lookup_str_value`
--

CREATE TABLE IF NOT EXISTS `sms_lookup_str_value` (
  `lookup_id` int(11) DEFAULT NULL,
  `value` varchar(255) DEFAULT NULL,
  `updated_at` timestamp NOT NULL DEFAULT CURRENT_TIMESTAMP,
  `updated_by` bigint(20) unsigned DEFAULT NULL
) ENGINE=InnoDB DEFAULT CHARSET=latin1;

--
-- Dumping data for table `sms_lookup_str_value`
--

INSERT INTO `sms_lookup_str_value` (`lookup_id`, `value`, `updated_at`, `updated_by`) VALUES
(1, 'Expense', '2013-02-14 04:25:16', 1),
(12, 'school management system', '2013-02-22 06:00:00', 1),
(34, 'http://arenaapps.net/payment_system/index.php/student_profile/check_payment', '2014-03-05 16:06:33', 1),
(35, 'http://arenaapps.net/payment_system/index.php/student_profile/new_payment', '2014-03-05 16:07:23', 1);

-- --------------------------------------------------------

--
-- Table structure for table `sms_lookup_text_value`
--

CREATE TABLE IF NOT EXISTS `sms_lookup_text_value` (
  `lookup_id` int(11) DEFAULT NULL,
  `value` text,
  `updated_at` timestamp NOT NULL DEFAULT CURRENT_TIMESTAMP,
  `updated_by` bigint(20) unsigned DEFAULT NULL
) ENGINE=InnoDB DEFAULT CHARSET=latin1;

--
-- Dumping data for table `sms_lookup_text_value`
--

INSERT INTO `sms_lookup_text_value` (`lookup_id`, `value`, `updated_at`, `updated_by`) VALUES
(13, 'Mr {NAME},\nThanks for your admission.\nBest Regards,\nSMS', '2013-02-22 06:00:00', 1),
(14, 'Dear {NAME},\nMeeting will be held tomorrow.', '2013-02-22 06:00:00', 1);

-- --------------------------------------------------------

--
-- Table structure for table `sms_lookup_type`
--

CREATE TABLE IF NOT EXISTS `sms_lookup_type` (
  `id` bigint(20) unsigned NOT NULL,
  `title` varchar(100) DEFAULT NULL,
  `unique_code` varchar(50) DEFAULT NULL,
  `comments` varchar(255) DEFAULT NULL,
  `created_at` timestamp NOT NULL DEFAULT CURRENT_TIMESTAMP,
  `created_by` bigint(20) unsigned DEFAULT NULL
) ENGINE=InnoDB AUTO_INCREMENT=10 DEFAULT CHARSET=latin1;

--
-- Dumping data for table `sms_lookup_type`
--

INSERT INTO `sms_lookup_type` (`id`, `title`, `unique_code`, `comments`, `created_at`, `created_by`) VALUES
(1, 'Email template', 'EMAIL_TEMPLATE', 'Template of lookup of ', '2013-02-12 06:14:18', 1),
(2, 'general', 'GENERAL', 'test', '2013-02-18 04:37:51', 1),
(3, 'SMS template', 'SMS_TEMPLATE', 'Template for sms', '2013-02-23 03:47:16', 1),
(4, 'Student Transfer Reason', 'STD_TRANSFER_REASON', 'Transfer reasons of students', '2013-02-23 16:45:16', 1),
(5, 'Student Status Change Reason', 'STD_STAT_CHANGE_REASON', 'Student status change reason list. This list will be displayed in student status form. ', '2013-02-24 04:42:29', 1),
(6, 'book type information', 'BOOK_TYPE', 'Type of school book', '2013-03-29 14:40:40', 1),
(7, 'Examination Type', 'EXAM_TYPE', 'Exam configuration and information', '2013-03-30 02:52:58', 1),
(8, 'Accounting', 'ACCOUNTING', '', '2014-03-05 16:05:51', 1),
(9, 'sdfsdf', 'sdfsdf', 'asdfasdfadsfadsfasdf', '2014-05-07 23:58:06', 1);

-- --------------------------------------------------------

--
-- Stand-in structure for view `sms_lookup_v`
--
CREATE TABLE IF NOT EXISTS `sms_lookup_v` (
`id` bigint(20) unsigned
,`lookup_type_id` int(11)
,`unique_code` varchar(50)
,`title` varchar(255)
,`value_type` enum('TEXT','STRING','BOOL','NUMBER')
,`value` text
,`created_at` timestamp
,`created_by` bigint(20) unsigned
,`updated_by` bigint(20) unsigned
,`updated_at` timestamp
);

-- --------------------------------------------------------

--
-- Table structure for table `sms_menu`
--

CREATE TABLE IF NOT EXISTS `sms_menu` (
  `id` int(10) unsigned NOT NULL,
  `title` varchar(50) NOT NULL,
  `alias` varchar(50) DEFAULT NULL,
  `tips` varchar(50) DEFAULT NULL,
  `url` varchar(100) NOT NULL,
  `status` enum('ACTIVE','INACTIVE','PENDING') NOT NULL DEFAULT 'ACTIVE',
  `type` enum('BACKEND','FRONTEND') NOT NULL DEFAULT 'BACKEND',
  `serial` int(11) DEFAULT NULL,
  `parent_id` int(11) DEFAULT NULL,
  `is_visible` tinyint(1) NOT NULL DEFAULT '1',
  `created_at` timestamp NULL DEFAULT CURRENT_TIMESTAMP,
  `created_by` bigint(20) unsigned DEFAULT NULL
) ENGINE=InnoDB AUTO_INCREMENT=128 DEFAULT CHARSET=latin1;

--
-- Dumping data for table `sms_menu`
--

INSERT INTO `sms_menu` (`id`, `title`, `alias`, `tips`, `url`, `status`, `type`, `serial`, `parent_id`, `is_visible`, `created_at`, `created_by`) VALUES
(1, 'home', 'home', 'controll panel', 'home', 'ACTIVE', 'BACKEND', 0, 0, 1, '2013-03-12 03:08:48', 1),
(2, 'Student Manager', 'student-mgt', 'Manage Student', 'student', 'ACTIVE', 'BACKEND', 10, 0, 1, '2013-03-12 03:08:48', 1),
(3, 'New Student', 'student-new', 'Create new student', 'student/create', 'ACTIVE', 'BACKEND', 1, 2, 1, '2013-03-12 03:08:48', 1),
(4, 'Dash Board', 'dash-board', 'Dash Board', 'home', 'ACTIVE', 'BACKEND', 0, 1, 1, '2013-03-12 03:08:48', 1),
(5, 'Student List', 'student-list', 'Show all students', 'student/index', 'ACTIVE', 'BACKEND', 0, 2, 1, '2013-03-12 03:08:48', 1),
(6, 'create exam', 'exam_create', 'create new bcs exam', 'exam/create', 'ACTIVE', 'BACKEND', 1, 38, 1, '2013-03-12 03:08:48', 1),
(8, 'Candidate', 'candidate', 'candidate manager', 'candidate', 'INACTIVE', 'BACKEND', 3, 0, 1, '2013-03-12 03:08:48', 1),
(9, 'seat plan', 'seat_plan', 'exam seat plan', 'exam', 'ACTIVE', 'BACKEND', 5, 4, 1, '2013-03-12 03:08:48', 1),
(11, 'New Candidate', 'new-candidate', 'Insert Candidate information', 'candidate/new', 'ACTIVE', 'BACKEND', 1, 8, 1, '2013-03-12 03:08:48', 1),
(12, 'School', 'school', 'Manage school and class', 'school/index', 'ACTIVE', 'BACKEND', 5, 0, 1, '2013-03-12 03:08:48', 1),
(13, 'Create Class', 'create-class', 'Create new class', 'school/cadd', 'ACTIVE', 'BACKEND', 3, 12, 1, '2013-03-12 03:08:48', 1),
(14, 'Class list', 'class-list', 'View school class', 'school/index', 'ACTIVE', 'BACKEND', 1, 12, 1, '2013-03-12 03:08:48', 1),
(15, 'User Manager', 'user', 'Manage system user', 'user/index', 'ACTIVE', 'BACKEND', 2, 0, 1, '2013-03-12 03:08:48', 1),
(16, 'User list', 'user-list', 'User list', 'user/index', 'ACTIVE', 'BACKEND', 2, 15, 1, '2013-03-12 03:08:48', 1),
(17, 'Create user', 'create-user', 'create user', 'user/create', 'ACTIVE', 'BACKEND', 3, 15, 1, '2013-03-12 03:08:48', 1),
(18, 'Syllabus', 'sylabus', 'manage school sylabus', 'sylabus/index', 'ACTIVE', 'BACKEND', 6, 0, 1, '2013-03-12 03:08:48', 1),
(19, 'Book', 'book', 'show book', 'book/index', 'ACTIVE', 'BACKEND', 5, 0, 1, '2013-03-12 03:08:48', 1),
(20, 'create book', 'book-add', 'create new book', 'book/create', 'ACTIVE', 'BACKEND', 2, 19, 1, '2013-03-12 03:08:48', 1),
(21, 'Syllabus List', 'sylabus-list', 'create new sylabus', 'sylabus/index', 'ACTIVE', 'BACKEND', 10, 18, 1, '2013-03-12 03:08:48', 1),
(22, 'New Syllabus', 'sylabus-add', 'Create new sylabus', 'sylabus/create', 'INACTIVE', 'BACKEND', 15, 18, 1, '2013-03-12 03:08:48', 1),
(23, 'Book List', 'book', 'Show Book List', 'book/index', 'ACTIVE', 'BACKEND', 1, 19, 1, '2013-03-12 03:08:48', 1),
(24, 'Result Scale', 'scale', 'Show result scale', 'sylabus/scale', 'ACTIVE', 'BACKEND', 20, 18, 1, '2013-03-12 03:08:48', 1),
(25, 'New Scale', 'scale_new', 'Create new result scale', 'sylabus/newscale', 'INACTIVE', 'BACKEND', 25, 18, 1, '2013-03-12 03:08:48', 1),
(26, 'Course type', 'course_type', 'Course type list', 'sylabus/ctype', 'ACTIVE', 'BACKEND', 2, 18, 1, '2013-03-12 03:08:48', 1),
(27, 'New course type', 'new_course_type', 'Create new course type', 'sylabus/newctype', 'INACTIVE', 'BACKEND', 3, 18, 1, '2013-03-12 03:08:48', 1),
(28, 'Eval Type', 'eval_comp', 'Evaluation type list', 'sylabus/evaltype', 'ACTIVE', 'BACKEND', 5, 18, 1, '2013-03-12 03:08:48', 1),
(29, 'New Eval Type', 'new_comp', 'New evaluation type', 'sylabus/newevaltype', 'INACTIVE', 'BACKEND', 7, 18, 1, '2013-03-12 03:08:48', 1),
(30, 'course attribute', 'course_attr', 'All attributes used to make course rule', 'sylabus/cattr', 'ACTIVE', 'BACKEND', 18, 18, 1, '2013-03-12 03:08:48', 1),
(31, 'New course attribute', 'course_attr_new', 'Create new course attribute', 'sylabus/newcattr', 'ACTIVE', 'BACKEND', 19, 18, 1, '2013-03-12 03:08:48', 1),
(38, 'Exam', 'Exam', 'Manage exam', 'exam/index', 'ACTIVE', 'BACKEND', 10, 0, 1, '2013-03-12 03:08:48', 1),
(40, 'Course Title', 'course-title', 'Show course title', 'book/course', 'ACTIVE', 'BACKEND', 5, 19, 1, '2013-03-12 03:08:48', 1),
(41, 'Menu', 'menu', 'Manage menu', 'menu/index', 'ACTIVE', 'BACKEND', 2, 0, 1, '2013-03-12 03:08:48', 1),
(42, 'School Info', 'school_info', 'Provide school information', 'school/info', 'ACTIVE', 'BACKEND', 0, 12, 1, '2013-03-12 03:08:48', 1),
(43, 'Lookup', 'lookup', 'Application commom data', 'lookup/index', 'INACTIVE', 'BACKEND', 100, 0, 1, '2013-03-12 03:08:48', 1),
(44, 'Lookup Category', 'lookup-cat', 'Lookup category', 'lookup/index', 'ACTIVE', 'BACKEND', 1, 43, 0, '2013-03-12 03:08:48', 1),
(45, 'Student transfer', 'student-transfer', 'Transfer student', 'transfer', 'ACTIVE', 'BACKEND', 7, 2, 1, '2013-03-12 03:08:48', 1),
(46, 'Accounting', 'acount', 'Configure school accounting', 'tuitionfeehead', 'ACTIVE', 'BACKEND', 6, 0, 1, '2013-03-20 03:16:16', 1),
(47, 'Exam list', 'exam-list', 'All exam list', 'exam/index', 'ACTIVE', 'BACKEND', 0, 38, 1, '2013-03-21 04:41:38', 1),
(57, 'Menu List', 'menu-list', 'Menu item list', 'menu/index', 'ACTIVE', 'BACKEND', 1, 41, 1, '2013-03-22 01:12:08', 1),
(58, 'User Group', 'user-group', 'User group list', 'ugroup/index', 'ACTIVE', 'BACKEND', 1, 15, 1, '2013-03-22 01:38:51', 1),
(59, 'Profile', 'profile', 'View your profile', 'profile', 'ACTIVE', 'BACKEND', 100, 1, 1, '2013-03-26 21:05:53', 1),
(60, 'Class test', 'cls-test', 'Show class test', 'classtest/index', 'ACTIVE', 'BACKEND', 20, 38, 0, '2013-04-06 18:33:44', 1),
(61, 'Bulk Upload', 'std-bulk', 'Upload student data in bulk', 'student/bulk', 'INACTIVE', 'BACKEND', 50, 2, 1, '2013-05-12 03:36:23', 1),
(62, 'Tuition Fee Head', 'tution-head', 'List of Tuition Fee  Head', 'tuitionfeehead', 'ACTIVE', 'BACKEND', 1, 46, 1, '2014-01-07 02:23:16', 1),
(65, 'Form fee config ', 'sec-fee', 'Confiture Section wiseTuition Fee', 'sectiontuitionfee', 'ACTIVE', 'BACKEND', 4, 46, 1, '2014-03-05 15:18:15', 1),
(66, 'Admission Fee Config', 'admission-fee', 'Configure Admissionwise Tution Fee', 'admissionfee', 'ACTIVE', 'BACKEND', 5, 46, 1, '2014-03-05 15:19:42', 1),
(67, 'Class Fee Config', 'class-fee', 'Confiture Tuition Fee for Class', 'classtuitionfee', 'ACTIVE', 'BACKEND', 4, 46, 1, '2014-03-05 15:20:26', 1),
(68, 'Student Attendance', 'ab-std', 'Student attendance list', 'attendance', 'ACTIVE', 'BACKEND', 80, 2, 1, '2014-03-18 04:12:38', 1),
(69, 'SMS', 'sms', 'All SMS Templates', 'send_message', 'ACTIVE', 'BACKEND', 80, 0, 1, '2014-03-18 04:16:45', 1),
(70, 'SMS Template', 'sms-tpl', 'All SMS Templates', 'message/index', 'ACTIVE', 'BACKEND', 4, 69, 1, '2014-03-18 04:17:39', 1),
(71, 'Send SMS', 'send-sms', 'Send SMS to student', 'send_message', 'ACTIVE', 'BACKEND', 3, 69, 1, '2014-03-18 04:18:23', 1),
(72, 'Notice Board', 'notice-board', 'Manage notice board', 'noticeboard', 'ACTIVE', 'BACKEND', 10, 12, 1, '2014-03-25 11:04:26', 1),
(73, 'Reports', 'report', 'Generate Report', 'report/report_generate', 'ACTIVE', 'BACKEND', 100, 0, 1, '2014-03-25 11:05:23', 1),
(74, 'Student Payment', 'std-payment-report', 'Student Payment Report', 'report/student_payment', 'ACTIVE', 'BACKEND', 10, 73, 1, '2014-03-25 11:06:43', 1),
(75, 'Generate Report', 'generate_report ', 'Generate Report', 'report/report_generate', 'ACTIVE', 'BACKEND', 20, 73, 1, '2014-04-27 18:00:41', 1),
(78, 'Generate Tuition Fee', 'tuition_fee', 'Generate Tuition Fee', 'tuitionfee/index', 'ACTIVE', 'BACKEND', 8, 46, 1, '2014-06-01 19:58:11', 1),
(79, 'Delete Tuition Fee', 'delete-tuition-fee', 'Delete tuition fee', 'tuitionfee/delete_tuition_fee', 'ACTIVE', 'BACKEND', 10, 46, 1, '2014-06-01 20:01:59', 1),
(80, 'Generate Admit Card', 'admit-card', 'Generate Admit Card', 'admit_card', 'ACTIVE', 'BACKEND', 82, 2, 1, '2014-06-01 20:03:44', 1),
(81, 'Update SMS Report', 'sms-report', 'upload_sms_report', 'report/upload_sms_report', 'INACTIVE', 'BACKEND', 30, 73, 1, '2014-06-01 21:49:31', 1),
(82, 'Generate Fine', 'late-fine', 'Generate fine', 'tuitionfee/fine_generate', 'INACTIVE', 'BACKEND', 12, 46, 1, '2014-06-10 19:03:21', 1),
(83, 'Student Type Fee Config', 'sec-fee', 'Student Type Fee Config', 'studenttypetuitionfee ', 'ACTIVE', 'BACKEND', 5, 46, 1, '2014-08-13 19:38:32', 1),
(84, 'House', 'house', 'house', 'house', 'ACTIVE', 'BACKEND', 50, 0, 1, '2014-09-14 05:38:58', 1),
(85, 'House List', 'sms-tpl', 'house list', 'house/index', 'ACTIVE', 'BACKEND', 2, 84, 1, '2014-09-14 05:39:42', 1),
(86, 'Student List', 'student-list', 'student house', 'student_house/index', 'ACTIVE', 'BACKEND', 4, 84, 1, '2014-09-14 05:40:39', 1),
(87, 'Student House Transfer', 'student-new', 'student_house_transfer', 'student_house/student_house_transfer', 'ACTIVE', 'BACKEND', 6, 84, 1, '2014-09-14 11:45:12', 1),
(88, 'Teachers', 'teacher-list', 'Teacher', 'teacher', 'ACTIVE', 'BACKEND', 3, 0, 1, '2014-09-21 07:15:48', 1),
(89, 'Teacher List', 'user-list', 'Teacher list', 'teacher/index', 'ACTIVE', 'BACKEND', 2, 88, 1, '2014-09-21 07:17:01', 1),
(90, 'Create Teacher', 'create-user', 'Teacher create', 'teacher/create', 'ACTIVE', 'BACKEND', 4, 88, 1, '2014-09-21 07:17:44', 1),
(91, 'Class Routine List', 'std-payment-report', 'class routine', 'class_routine', 'ACTIVE', 'BACKEND', 12, 12, 1, '2014-09-22 07:38:28', 1),
(92, 'Create Class Routine', 'book-add', 'class routine', 'class_routine/create', 'ACTIVE', 'BACKEND', 14, 12, 1, '2014-09-22 08:11:58', 1),
(93, 'Class Time List', 'std-payment-report', 'class time', 'class_routine/class_time_list', 'ACTIVE', 'BACKEND', 20, 12, 1, '2014-09-23 08:07:31', 1),
(94, 'Monthly Report', 'sms-report', 'Monthly Report', 'report/monthly_report', 'ACTIVE', 'BACKEND', 32, 73, 1, '2014-10-24 01:25:59', 1),
(95, 'Fund-wise Report', 'sms-report', 'Fund-wise Report', 'report/fundwise_report', 'ACTIVE', 'BACKEND', 34, 73, 1, '2014-10-24 01:26:55', 1),
(96, 'Update Extra Facility ', 'user-list', 'Update Extra Facility ', 'student/extra_facility ', 'ACTIVE', 'BACKEND', 84, 2, 1, '2014-10-30 22:42:17', 1),
(100, 'Generate Advance Fee', 'tuition_fee', 'Generate Advance Fee', 'tuitionfee/advance', 'ACTIVE', 'BACKEND', 13, 46, 1, '2014-11-14 01:23:41', 1),
(101, 'Class Wise Promotion', 'student-transfer', 'student-transfer', 'student/student_promotion ', 'ACTIVE', 'BACKEND', 10, 2, 1, '2015-01-05 21:39:06', 1),
(102, 'Form Wise Promotion', 'student-transfer ', 'student-transfer ', 'student/student_promotion_sectionwise ', 'ACTIVE', 'BACKEND', 12, 2, 1, '2015-01-05 21:39:58', 1),
(103, 'Note Book List', 'book ', 'Note Book List', 'note_book/index', 'ACTIVE', 'BACKEND', 7, 19, 1, '2015-01-15 18:47:16', 1),
(104, 'Upload Note Book ', 'book-add', 'Upload Note Book ', 'note_book/create ', 'ACTIVE', 'BACKEND', 9, 19, 1, '2015-01-15 18:47:55', 1),
(105, 'Address', 'address', 'address', 'address', 'ACTIVE', 'BACKEND', 50, 0, 1, '2015-01-28 16:35:11', 1),
(106, 'Thana List', 'tution-head', 'thana list', 'address/index', 'ACTIVE', 'BACKEND', 2, 105, 1, '2015-01-28 16:36:38', 1),
(107, 'New Thana', 'new_course_type', 'new thana', 'address/create_thana', 'ACTIVE', 'BACKEND', 4, 105, 1, '2015-01-28 16:37:36', 1),
(108, 'Post Office List', 'tution-head', 'post office', 'address/list_postoffice', 'ACTIVE', 'BACKEND', 6, 105, 1, '2015-01-28 16:38:58', 1),
(109, 'New Post Office', 'new_course_type', 'creat post', 'address/create_postoffice', 'ACTIVE', 'BACKEND', 8, 105, 1, '2015-01-28 16:39:38', 1),
(115, 'Designation List', 'create-user', 'Designation List', 'designation', 'ACTIVE', 'BACKEND', 6, 88, 1, '2015-05-28 23:22:28', 1250),
(116, 'Partial Payment ', 'tuition_fee ', 'Partial Payment ', 'tuitionfee/partial_fee ', 'ACTIVE', 'BACKEND', 15, 46, 1, '2015-06-18 22:40:18', 1250),
(117, 'Teacher SMS ', 'send-sms ', 'Teacher SMS', 'send_message/teacher_sms ', 'ACTIVE', 'BACKEND', 5, 69, 1, '2015-06-18 22:42:10', 1250),
(118, 'Approve', 'student-list ', 'Approve', 'student/approve ', 'ACTIVE', 'BACKEND', 90, 2, 1, '2015-06-18 22:43:32', 1250),
(119, 'Comment List', 'notice-board', 'Teacher comment', 'comment', 'ACTIVE', 'BACKEND', 4, 88, 1, '2015-08-27 23:18:34', 1250),
(120, 'Teacher Routine', 'notice-board', 'Teacher Routine', 'teacher_routine/class_routine', 'ACTIVE', 'BACKEND', 26, 12, 1, '2015-08-27 23:20:45', 1250),
(121, 'Upload Syllabus', 'sylabus-add', 'Upload Syllabus', 'upload_syllabus', 'ACTIVE', 'BACKEND', 26, 18, 1, '2015-08-27 23:23:27', 1250),
(122, 'Send Bulk SMS', 'send-sms', 'Bulk SMS', 'bulk_sms', 'ACTIVE', 'BACKEND', 10, 69, 1, '2015-09-30 09:00:45', 1250),
(123, 'Send Unpaid SMS', 'send-sms', 'Unpaid SMS', 'unpaid_sms', 'ACTIVE', 'BACKEND', 6, 69, 1, '2015-10-04 06:51:56', 1250),
(124, 'Genarate Progress Report', 'report', 'Genarate Progress Report', 'exam/genarate_progress_report ', 'ACTIVE', 'BACKEND', 4, 38, 1, '2015-11-17 06:34:54', 1250),
(125, 'Non-Teaching Stuff', 'Non-Teaching Stuff', 'Non-Teaching Stuff', 'stuff', 'ACTIVE', 'BACKEND', 4, 0, 1, '2016-02-24 05:40:09', 1250),
(126, 'Create New Stuff ', 'create-user', 'Create New Stuff', 'stuff/create', 'ACTIVE', 'BACKEND', 2, 125, 1, '2016-02-24 05:43:20', 1250),
(127, 'Suff List', 'user-list', 'Stuff List', 'stuff/index', 'ACTIVE', 'BACKEND', 1, 125, 1, '2016-02-24 05:44:49', 1250);

-- --------------------------------------------------------

--
-- Table structure for table `sms_message_notification`
--

CREATE TABLE IF NOT EXISTS `sms_message_notification` (
  `id` int(11) NOT NULL,
  `title` varchar(100) NOT NULL,
  `description` varchar(170) NOT NULL,
  `status` enum('ACTIVE','PENDING','INACTIVE') NOT NULL DEFAULT 'INACTIVE',
  `created_at` datetime NOT NULL
) ENGINE=InnoDB DEFAULT CHARSET=latin1;

-- --------------------------------------------------------

--
-- Table structure for table `sms_message_sent_list`
--

CREATE TABLE IF NOT EXISTS `sms_message_sent_list` (
  `id` int(11) NOT NULL,
  `student_id` int(11) NOT NULL,
  `message_id` int(11) NOT NULL,
  `created_at` datetime NOT NULL,
  `status` tinyint(1) NOT NULL
) ENGINE=InnoDB DEFAULT CHARSET=latin1;

-- --------------------------------------------------------

--
-- Table structure for table `sms_nationality`
--

CREATE TABLE IF NOT EXISTS `sms_nationality` (
  `id` tinyint(3) unsigned NOT NULL,
  `title` varchar(100) DEFAULT NULL
) ENGINE=InnoDB AUTO_INCREMENT=5 DEFAULT CHARSET=latin1;

--
-- Dumping data for table `sms_nationality`
--

INSERT INTO `sms_nationality` (`id`, `title`) VALUES
(1, 'Bangladeshi'),
(2, 'Indian'),
(3, 'American'),
(4, 'Others');

-- --------------------------------------------------------

--
-- Table structure for table `sms_note_book`
--

CREATE TABLE IF NOT EXISTS `sms_note_book` (
  `id` int(11) NOT NULL,
  `title` varchar(200) CHARACTER SET utf8 NOT NULL,
  `description` varchar(500) CHARACTER SET utf8 NOT NULL,
  `subject_id` int(4) NOT NULL,
  `class_id` tinyint(3) NOT NULL,
  `section_id` tinyint(3) NOT NULL,
  `file_name` varchar(100) NOT NULL,
  `status` enum('ACTIVE','INACTIVE','PENDING') NOT NULL,
  `created_at` timestamp NOT NULL DEFAULT CURRENT_TIMESTAMP ON UPDATE CURRENT_TIMESTAMP,
  `created_by` int(6) NOT NULL
) ENGINE=InnoDB DEFAULT CHARSET=latin1;

-- --------------------------------------------------------

--
-- Table structure for table `sms_notice_board`
--

CREATE TABLE IF NOT EXISTS `sms_notice_board` (
  `id` int(11) NOT NULL,
  `notice_title` varchar(150) CHARACTER SET utf8 NOT NULL,
  `full_notice` varchar(500) CHARACTER SET utf8 NOT NULL,
  `version_id` tinyint(2) NOT NULL,
  `class_id` int(4) NOT NULL,
  `section_id` tinyint(2) NOT NULL,
  `house_id` tinyint(2) NOT NULL,
  `facility_id` tinyint(2) NOT NULL,
  `student_number` varchar(20) NOT NULL,
  `designation_id` int(3) NOT NULL,
  `status` enum('ACTIVE','PENDING','INACTIVE') NOT NULL DEFAULT 'ACTIVE',
  `created_at` timestamp NOT NULL DEFAULT CURRENT_TIMESTAMP ON UPDATE CURRENT_TIMESTAMP
) ENGINE=InnoDB DEFAULT CHARSET=latin1;

-- --------------------------------------------------------

--
-- Table structure for table `sms_occupation`
--

CREATE TABLE IF NOT EXISTS `sms_occupation` (
  `id` int(10) unsigned NOT NULL,
  `title` varchar(150) NOT NULL,
  `description` varchar(255) DEFAULT NULL
) ENGINE=InnoDB AUTO_INCREMENT=15 DEFAULT CHARSET=latin1;

--
-- Dumping data for table `sms_occupation`
--

INSERT INTO `sms_occupation` (`id`, `title`, `description`) VALUES
(1, 'Farmer', 'Works in the field'),
(2, 'Doctor', NULL),
(3, 'Teacher', NULL),
(4, 'Engineer', NULL),
(5, 'Business', NULL),
(6, 'Private Service', NULL),
(7, 'Govt.Employee', NULL),
(8, 'Govt. Officer', NULL),
(9, 'Fisher Man', NULL),
(10, 'House Wife', NULL),
(11, 'Defence', 'Defence'),
(12, 'Rtd Defence', 'Rtd Defence'),
(13, 'Others', NULL),
(14, 'N/A', NULL);

-- --------------------------------------------------------

--
-- Table structure for table `sms_personal_details`
--

CREATE TABLE IF NOT EXISTS `sms_personal_details` (
  `id` bigint(20) unsigned NOT NULL,
  `student_id` bigint(20) unsigned DEFAULT NULL,
  `first_name` varchar(50) NOT NULL,
  `last_name` varchar(50) DEFAULT NULL,
  `bangla_name` varchar(100) DEFAULT NULL,
  `dob` date NOT NULL,
  `gender` enum('MALE','FEMALE') DEFAULT NULL,
  `blood_group_id` tinyint(2) NOT NULL,
  `caste_id` smallint(6) NOT NULL,
  `nationality_id` tinyint(3) unsigned DEFAULT NULL,
  `email` varchar(50) DEFAULT NULL,
  `mobile` varchar(20) DEFAULT NULL,
  `comments` varchar(255) DEFAULT NULL,
  `is_tribe` enum('YES','NO') NOT NULL DEFAULT 'NO',
  `updated_at` timestamp NOT NULL DEFAULT CURRENT_TIMESTAMP ON UPDATE CURRENT_TIMESTAMP,
  `updated_by` bigint(20) unsigned DEFAULT NULL
) ENGINE=InnoDB AUTO_INCREMENT=2 DEFAULT CHARSET=latin1;

--
-- Dumping data for table `sms_personal_details`
--

INSERT INTO `sms_personal_details` (`id`, `student_id`, `first_name`, `last_name`, `bangla_name`, `dob`, `gender`, `blood_group_id`, `caste_id`, `nationality_id`, `email`, `mobile`, `comments`, `is_tribe`, `updated_at`, `updated_by`) VALUES
(1, 1, 'Md.Tofazzal', 'Hossain', NULL, '1987-12-26', 'MALE', 7, 1, 1, 'tofabds@gmail.com', '01717999905', 'Test', 'NO', '2015-12-20 08:50:32', NULL);

--
-- Triggers `sms_personal_details`
--
DELIMITER $$
CREATE TRIGGER `personal_info_ai` AFTER INSERT ON `sms_personal_details`
 FOR EACH ROW begin
update sms_student s set personal_details_id = new.id where s.id = new.student_id;
insert into sms_student_personal_details(student_id,personal_details_id) values(new.student_id,new.id);
end
$$
DELIMITER ;

-- --------------------------------------------------------

--
-- Table structure for table `sms_post_office`
--

CREATE TABLE IF NOT EXISTS `sms_post_office` (
  `id` mediumint(8) unsigned NOT NULL,
  `name` varchar(100) DEFAULT NULL,
  `post_code` int(11) DEFAULT NULL,
  `thana_id` smallint(5) unsigned DEFAULT NULL
) ENGINE=InnoDB AUTO_INCREMENT=8097 DEFAULT CHARSET=latin1;

--
-- Dumping data for table `sms_post_office`
--

INSERT INTO `sms_post_office` (`id`, `name`, `post_code`, `thana_id`) VALUES
(1, 'Demra UPO', 1360, 1),
(2, 'Tarabo', 1360, 1),
(3, 'Sarulia (Sub Office)', 1361, 1),
(4, 'Matuail Sub Office', 1362, 1),
(5, 'Dhaka GPO', 1000, 2),
(6, 'Wari Town Sub Office', 1203, 4),
(7, 'New Market LSG Town SO', 1205, 4),
(8, 'Dhaka Cantonment  Sub Office', 1206, 4),
(9, 'Mohammadpur Housing Estate', 1207, 4),
(10, 'Dhaka Polotechnic Institute ', 1208, 4),
(11, 'Jhikatala Sub Office', 1209, 4),
(12, 'Banani Town Sub Office', 1213, 4),
(13, 'BasabuTown Sub Office', 1214, 4),
(14, 'Tejgaon Town Sub Office', 1215, 4),
(15, 'Shanti Nagar (LSG)', 1217, 4),
(16, 'Birulia', 1218, 4),
(17, 'Nagar Kunda', 1218, 4),
(18, 'Mirpur Bazar', 1218, 4),
(19, 'Bangabhaban Town Sub Office', 1222, 4),
(20, 'Barigaon', 1350, 5),
(21, 'Dhamrai UPO', 1350, 5),
(22, 'Nayar Hat', 1350, 5),
(23, 'Teper Bari', 1350, 5),
(24, 'Kamalpur EDSO', 1351, 5),
(25, 'Dohar', 1330, 6),
(26, 'Joypara UPO', 1330, 6),
(27, 'Meghula', 1330, 6),
(28, 'Pak Mokhselpur', 1330, 6),
(29, 'Jamalchar', 1331, 6),
(30, 'Palamgonj SO', 1331, 6),
(31, 'Narisha EDSO', 1332, 6),
(32, 'Abdullahpur', 1310, 7),
(33, 'Vagoir', 1310, 7),
(34, 'Sonakanda', 1310, 7),
(35, 'Shyamlapur', 1310, 7),
(36, 'Shuveddya', 1310, 7),
(37, 'Shakta', 1310, 7),
(38, 'Razabari', 1310, 7),
(39, 'Rahitpur', 1310, 7),
(40, 'Pashchimdi', 1310, 7),
(41, 'Keranigonj UPO', 1310, 7),
(42, 'Ashrafabad', 1310, 7),
(43, 'Brahmankrita', 1310, 7),
(44, 'Dhaka Jute Mills SO', 1311, 7),
(45, 'Deolesar', 1311, 7),
(46, 'Ati EDSO', 1312, 7),
(47, 'Etavara', 1313, 7),
(48, 'Taranagar', 1313, 7),
(49, 'Kalatia SO', 1313, 7),
(50, 'Vakurta', 1313, 7),
(51, 'Solla', 1320, 8),
(52, 'Mahabadpur', 1320, 8),
(53, 'Mahabadpur', 1320, 8),
(54, 'Masail', 1320, 8),
(55, 'Nababgonj UPO', 1320, 8),
(56, 'Paragram', 1320, 8),
(57, 'Solla', 1320, 8),
(58, 'Bahra', 1320, 8),
(59, 'Bardhanpara', 1320, 8),
(60, 'Chhota Box Nagar', 1320, 8),
(61, 'Kalakopa', 1320, 8),
(62, 'Jalal Char', 1320, 8),
(63, 'Galimpur', 1320, 8),
(64, 'Gobindapur', 1320, 8),
(65, 'Masail', 1320, 8),
(66, 'Kalakopa', 1320, 8),
(67, 'Nababgonj UPO', 1320, 8),
(68, 'Chhota Box Nagar', 1320, 8),
(69, 'Bardhanpara', 1320, 8),
(70, 'Bahra', 1320, 8),
(71, 'Galimpur', 1320, 8),
(72, 'Gobindapur', 1320, 8),
(73, 'Paragram', 1320, 8),
(74, 'Jalal Char', 1320, 8),
(75, 'Aorabad Bazar', 1321, 8),
(76, 'Deotala', 1321, 8),
(77, 'Hasnabad SO', 1321, 8),
(78, 'Dakshin Bahra', 1321, 8),
(79, 'Dakshin Bahra', 1321, 8),
(80, 'Kushum Hati', 1321, 8),
(81, 'Hasnabad SO', 1321, 8),
(82, 'Deotala', 1321, 8),
(83, 'Kushum Hati', 1321, 8),
(84, 'Aorabad Bazar', 1321, 8),
(85, 'Jaykrishnapur', 1322, 8),
(86, 'Kuthuri', 1322, 8),
(87, 'Hat Baruakhali', 1322, 8),
(88, 'Shikari Para', 1322, 8),
(89, 'Dawdpur SO', 1322, 8),
(90, 'Dawdpur SO', 1322, 8),
(91, 'Jaykrishnapur', 1322, 8),
(92, 'Kuthuri', 1322, 8),
(93, 'Shikari Para', 1322, 8),
(94, 'Hat Baruakhali', 1322, 8),
(95, 'Chowdhury Boali', 1322, 8),
(96, 'Chowdhury Boali', 1322, 8),
(97, 'Agla EDSO', 1323, 8),
(98, 'Agla EDSO', 1323, 8),
(99, 'Khalpar EDSO', 1324, 8),
(100, 'Khalpar EDSO', 1324, 8),
(101, 'Savar UPO', 1340, 9),
(102, 'Dhalla Bazar', 1340, 9),
(103, 'Hemayetpur', 1340, 9),
(104, 'Mashuri Khola', 1340, 9),
(105, 'Ashulia', 1341, 9),
(106, 'Jirba', 1341, 9),
(107, 'Dairy Firm Sub Office', 1341, 9),
(108, 'Jahangir Nagar University', 1342, 9),
(109, 'PATC Savar Sub Office', 1343, 9),
(110, 'Savar Cant. (Sub Office)', 1344, 9),
(111, 'Sports Admin Bhaban PO', 1344, 9),
(112, 'Dhamsona', 1344, 9),
(113, 'Shimulia Sub Office', 1345, 9),
(114, 'Kulinda', 1345, 9),
(115, 'Mangalbari', 1345, 9),
(116, 'Jadabpur', 1345, 9),
(117, 'Naihati Bazar', 1345, 9),
(118, 'Beras', 1345, 9),
(119, 'Bara Vabanipur', 1346, 9),
(120, 'Saradagonj', 1346, 9),
(121, 'Kashimpur', 1346, 9),
(122, 'Nil Nagar', 1346, 9),
(123, 'Kashim Cotton Mills SO', 1346, 9),
(124, 'Kodda Bazar', 1346, 9),
(125, 'Raz Fulbaria EDSO', 1347, 9),
(126, 'Arai Hazar UPO', 1450, 10),
(127, 'Chaitanyakanda', 1450, 10),
(128, 'Fausa', 1450, 10),
(129, 'Katalia', 1450, 10),
(130, 'Sultanshadi', 1450, 10),
(131, 'Chardighaldi', 1451, 10),
(132, 'Gopaldi SO', 1451, 10),
(133, 'Alipura Bazar', 1440, 11),
(134, 'Sunmandi', 1440, 11),
(135, 'Sree Patir Char', 1440, 11),
(136, 'Naynabad', 1440, 11),
(137, 'Mahajampur', 1440, 11),
(138, 'Laxmibardi', 1440, 11),
(139, 'Kalapahari', 1440, 11),
(140, 'Hasmanadi', 1440, 11),
(141, 'Haijadi', 1440, 11),
(142, 'Dhanid Bazar', 1440, 11),
(143, 'Baidyer Bazar UPO', 1440, 11),
(144, 'Ananda Bazar', 1440, 11),
(145, 'Aminpur', 1440, 11),
(146, 'Uddhabgonj', 1440, 11),
(147, 'Bara Nagar EDSO', 1441, 11),
(148, 'Bardi EDSO', 1442, 11),
(149, 'Bandar UPO', 1410, 12),
(150, 'Birabo', 1411, 12),
(151, 'Dhakeshwari Mills SO', 1411, 12),
(152, 'Laxmankhola', 1411, 12),
(153, 'Madanpur', 1411, 12),
(154, 'Nabigonj EDSO', 1412, 12),
(155, 'BIDC SO', 1413, 12),
(156, 'Madangonj SO', 1414, 12),
(157, 'Fatullah UPO', 1420, 13),
(158, 'Kutubpur', 1420, 13),
(159, 'Anayet Nagar', 1400, 14),
(160, 'Barpara', 1400, 14),
(161, 'Charbaktabali', 1400, 14),
(162, 'Darul Ulum Madrasa', 1400, 14),
(163, 'Hossenpur', 1400, 14),
(164, 'Kunda', 1400, 14),
(165, 'Minar Bari', 1400, 14),
(166, 'Narayangonj Main Post Office', 1400, 14),
(167, 'Uttar Pangaon', 1400, 14),
(168, 'Balia Para', 1460, 15),
(169, 'Rupgonj UPO', 1460, 15),
(170, 'Rupashi', 1460, 15),
(171, 'Pyarbo Bazar', 1460, 15),
(172, 'Pashi Bazar', 1460, 15),
(173, 'Pachrukhi', 1460, 15),
(174, 'Nager Para', 1460, 15),
(175, 'Murapara', 1460, 15),
(176, 'Masudabad', 1460, 15),
(177, 'Dhuptara', 1460, 15),
(178, 'Birabo Bazar', 1460, 15),
(179, 'Bara Beraid', 1460, 15),
(180, 'Kanchan SO', 1461, 15),
(181, 'Vulta EDSO', 1462, 15),
(182, 'Nagri EDSO', 1463, 15),
(183, 'Kachpur Bazar', 1430, 16),
(184, 'Siddhirgonj Bazar', 1430, 16),
(185, 'Siddhirgonj Power Station UPO', 1430, 16),
(186, 'Adamji Nagar SO', 1431, 16),
(187, 'Laxmi Narayan Mills SO', 1432, 16),
(188, 'B. K. Roypara', 1510, 17),
(189, 'Uttar Shahpur', 1510, 17),
(190, 'Tengarcahr', 1510, 17),
(191, 'Maddhya Vaterchar', 1510, 17),
(192, 'Hogla Kandi', 1510, 17),
(193, 'Goalsia', 1510, 17),
(194, 'Gazaria UPO', 1510, 17),
(195, 'Eshmandi', 1510, 17),
(196, 'Bausia', 1510, 17),
(197, 'Balaki', 1510, 17),
(198, 'Vaber Char', 1510, 17),
(199, 'Hosendi EDSO', 1511, 17),
(200, 'Rasulpur EDSO', 1512, 17),
(201, 'Bahar', 1530, 18),
(202, 'Varakar', 1530, 18),
(203, 'Louhajong UPO', 1530, 18),
(204, 'Kukutia', 1530, 18),
(205, 'Kanaksar', 1530, 18),
(206, 'Kalma', 1530, 18),
(207, 'Jhautia', 1530, 18),
(208, 'Gaodia', 1530, 18),
(209, 'Bejgaon', 1530, 18),
(210, 'Vhogdia', 1530, 18),
(211, 'Korhati EDSO', 1531, 18),
(212, 'Haldia SO', 1532, 18),
(213, 'Haridia EDSO', 1533, 18),
(214, 'Gouragonj EDSO', 1534, 18),
(215, 'Medini Mandal EDSO', 1535, 18),
(216, 'Champatali', 1500, 20),
(217, 'TB Hogla', 1500, 20),
(218, 'Ramadanbag', 1500, 20),
(219, 'Panchasar', 1500, 20),
(220, 'Munshigonj Main Post Office', 1500, 20),
(221, 'Makuhati', 1500, 20),
(222, 'Keoar', 1500, 20),
(223, 'Vashanchar', 1500, 20),
(224, 'Char Dumuria', 1500, 20),
(225, 'Char Kishorgonj', 1500, 20),
(226, 'Courtgaon', 1500, 20),
(227, 'Ghasi Pukur Par', 1500, 20),
(228, 'Rampal', 1501, 20),
(229, 'Rikabi Bazar SO', 1501, 20),
(230, 'D Paikpara', 1502, 20),
(231, 'Mirkadim SO', 1502, 20),
(232, 'Sukkhbaspur', 1502, 20),
(233, 'kalir Atpara', 1502, 20),
(234, 'Katakhali EDSO', 1503, 20),
(235, 'Tol Basail', 1540, 21),
(236, 'Kuchiamora', 1540, 21),
(237, 'Latardi', 1540, 21),
(238, 'Bushunia', 1540, 21),
(239, 'Brojer Hat', 1540, 21),
(240, 'Rajdia', 1540, 21),
(241, 'Sirajdikhan UPO', 1540, 21),
(242, 'Pashchim Noapara', 1541, 21),
(243, 'Rushdi', 1541, 21),
(244, 'Atpara', 1541, 21),
(245, 'Tantur', 1541, 21),
(246, 'Kola SO', 1541, 21),
(247, 'Doyhata', 1541, 21),
(248, 'Boltali Atpara', 1541, 21),
(249, 'Boltali', 1541, 21),
(250, 'Dakshin Charigaon', 1541, 21),
(251, 'Kusumpur', 1542, 21),
(252, 'Isapur SO', 1542, 21),
(253, 'Bikrampur Maddhyapara', 1542, 21),
(254, 'Shialdi', 1542, 21),
(255, 'Bikrampur Khilgaon', 1542, 21),
(256, 'Tajpur', 1542, 21),
(257, 'Neopara', 1542, 21),
(258, 'Joinsar', 1542, 21),
(259, 'Chandandol', 1542, 21),
(260, 'Khidirpara', 1542, 21),
(261, 'Malpadia', 1543, 21),
(262, 'Kaichail', 1543, 21),
(263, 'Silimpur', 1543, 21),
(264, 'Khashmahal Baluchar', 1543, 21),
(265, 'Pauldia', 1543, 21),
(266, 'Malkha Nagar SO', 1543, 21),
(267, 'Shekher Nagar SO', 1544, 21),
(268, 'Chitracourt', 1544, 21),
(269, 'Rajanagar', 1544, 21),
(270, 'Pausar', 1544, 21),
(271, 'Baroi khali', 1544, 21),
(272, 'Sayedpur', 1544, 21),
(273, 'Sholaghar', 1550, 22),
(274, 'Dakshin Paiksa', 1550, 22),
(275, 'Damla', 1550, 22),
(276, 'Dogachhi Bazar', 1550, 22),
(277, 'Koykirtan', 1550, 22),
(278, 'Srinagar UPO', 1550, 22),
(279, 'Purba Deobhog', 1550, 22),
(280, 'Kazir Bagla', 1550, 22),
(281, 'Rari Khal EDSO', 1551, 22),
(282, 'Majpara EDSO', 1552, 22),
(283, 'Hasara SO', 1553, 22),
(284, 'Kolapara Bazar EDSO', 1554, 22),
(285, 'Kumarbhug EDSO', 1555, 22),
(286, 'Vaggyakul SO', 1556, 22),
(287, 'Katia Para', 1556, 22),
(288, 'Kamargaon ', 1556, 22),
(289, 'Jashaldi', 1556, 22),
(290, 'Bagra EDSO', 1557, 22),
(291, 'Arial', 1520, 23),
(292, 'Sonarong', 1520, 23),
(293, 'Routhbhog', 1520, 23),
(294, 'Purapara', 1520, 23),
(295, 'Tangibari UPO', 1520, 23),
(296, 'Dhipur', 1520, 23),
(297, 'Bulai', 1520, 23),
(298, 'Autshahi', 1520, 23),
(299, 'Betkahat EDSO', 1521, 23),
(300, 'Baligaon EDSO', 1522, 23),
(301, 'Rahimgonj', 1523, 23),
(302, 'Hatkhan', 1523, 23),
(303, 'Jasholong', 1523, 23),
(304, 'Bazrajogini SO', 1523, 23),
(305, 'Hasail SO', 1524, 23),
(306, 'Banari', 1525, 23),
(307, 'Surjagram', 1525, 23),
(308, 'Baghira', 1525, 23),
(309, 'Charshilai', 1525, 23),
(310, 'Banial Dokoiklash', 1525, 23),
(311, 'Loshankar', 1525, 23),
(312, 'Pachgaon', 1525, 23),
(313, 'Maheshpur', 1525, 23),
(314, 'Dighir Par SO', 1525, 23),
(315, 'Khulchar', 1525, 23),
(316, 'Pura EDSO', 1526, 23),
(317, 'Barachla', 1640, 24),
(318, 'Poradia', 1640, 24),
(319, 'Gotasia', 1640, 24),
(320, 'Chula', 1640, 24),
(321, 'Chula', 1640, 24),
(322, 'Charkashimpur', 1640, 24),
(323, 'Chandanpur', 1640, 24),
(324, 'Binabaid', 1640, 24),
(325, 'Beteshware', 1640, 24),
(326, 'Belab UPO', 1640, 24),
(327, 'Beer Mizdia', 1640, 24),
(328, 'Vabla', 1640, 24),
(329, 'Bara Mirzapur', 1650, 25),
(330, 'Narendrapur', 1650, 25),
(331, 'Manohardi UPO', 1650, 25),
(332, 'Khidirpur Char Mandalia', 1650, 25),
(333, 'Chourasta Moulavi Bazar', 1650, 25),
(334, 'Chalakchar', 1650, 25),
(335, 'Sukundi', 1650, 25),
(336, 'Kalinagar', 1651, 25),
(337, 'Hatirdia SO', 1651, 25),
(338, 'Lakhpur', 1651, 25),
(339, 'Narandi', 1651, 25),
(340, 'Katabaria SO', 1652, 25),
(341, 'Adiabad', 1600, 26),
(342, 'Nilaksha', 1600, 26),
(343, 'Noadia', 1600, 26),
(344, 'Kumradi', 1600, 26),
(345, 'Panchabati', 1600, 26),
(346, 'Karabuchar', 1600, 26),
(347, 'Jame-E-kasemia', 1600, 26),
(348, 'Hairmara', 1600, 26),
(349, 'Gutiabari', 1600, 26),
(350, 'Rahimabad', 1600, 26),
(351, 'Charsubudir', 1600, 26),
(352, 'Satir Para', 1600, 26),
(353, 'Baghaikandi', 1600, 26),
(354, 'Alokbali', 1600, 26),
(355, 'Narsingdi Main Post Office', 1600, 26),
(356, 'U.M.C. Jute Mills', 1601, 26),
(357, 'Narsingdi College SO', 1602, 26),
(358, 'Amadia', 1603, 26),
(359, 'Shibmandir', 1603, 26),
(360, 'Balusair', 1603, 26),
(361, 'Satgram', 1603, 26),
(362, 'Vatipara', 1603, 26),
(363, 'Panchdona SO', 1603, 26),
(364, 'Noapara', 1604, 26),
(365, 'Noagaon', 1604, 26),
(366, 'Shekher Char', 1604, 26),
(367, 'Madhabdi SO', 1604, 26),
(368, 'Maheswardi Pachgaon', 1604, 26),
(369, 'Chinbalapur', 1604, 26),
(370, 'Karimpur UPO', 1605, 26),
(371, 'Soraid Bazar', 1610, 27),
(372, 'Palash UPO', 1610, 27),
(373, 'Gorashal Uria Fertilizer Ind.', 1611, 27),
(374, 'Charsindur EDSO', 1612, 27),
(375, 'Baghun', 1613, 27),
(376, 'Saiderkhola', 1613, 27),
(377, 'Parulia', 1613, 27),
(378, 'Khashawla', 1613, 27),
(379, 'Kalaputua', 1613, 27),
(380, 'Jinardi', 1613, 27),
(381, 'Ghorashal Sub Office', 1613, 27),
(382, 'Gayeshpur', 1613, 27),
(383, 'Diputi Bari', 1613, 27),
(384, 'Vaoal Noapara', 1613, 27),
(385, 'Agli', 1630, 28),
(386, 'Maddhyanagar', 1630, 28),
(387, 'Marjal', 1630, 28),
(388, 'Mirzarchar', 1630, 28),
(389, 'Narayanpur ', 1630, 28),
(390, 'Noukaghat', 1630, 28),
(391, 'Pirijkandi', 1630, 28),
(392, 'Pirpur', 1630, 28),
(393, 'Rajprashad', 1630, 28),
(394, 'Ramnagar', 1630, 28),
(395, 'Roypura UPO', 1630, 28),
(396, 'Saidabad', 1630, 28),
(397, 'Sapmara', 1630, 28),
(398, 'Kohinoor Jute Mills', 1630, 28),
(399, 'Kataghat Bazar', 1630, 28),
(400, 'Amlar', 1630, 28),
(401, 'Bakher Nagar', 1630, 28),
(402, 'Barachar', 1630, 28),
(403, 'Bashbari', 1630, 28),
(404, 'Bater Char', 1630, 28),
(405, 'Sreenidhi', 1630, 28),
(406, 'Charmadhura', 1630, 28),
(407, 'Dulalkandi', 1630, 28),
(408, 'Hasimpur Moulavi Bazar', 1630, 28),
(409, 'Hossenpur', 1630, 28),
(410, 'Jessore', 1630, 28),
(411, 'Joynagar', 1630, 28),
(412, 'Bazar Hasnabad EDSO', 1631, 28),
(413, 'Radhagonj Bazar EDSO', 1632, 28),
(414, 'Boilab', 1620, 29),
(415, 'Dakshin Sadharchar', 1620, 29),
(416, 'Dulalpur', 1620, 29),
(417, 'Duttergaon', 1620, 29),
(418, 'Ekduria', 1620, 29),
(419, 'Khayra', 1620, 29),
(420, 'Satpara', 1620, 29),
(421, 'Shakarchar', 1620, 29),
(422, 'Shibpur  UPO', 1620, 29),
(423, 'Vaoal Baria', 1700, 30),
(424, 'Narun Bazar', 1700, 30),
(425, 'Kumul', 1700, 30),
(426, 'Kalni Madrasa', 1700, 30),
(427, 'Kalmeshware Board Bazar', 1700, 30),
(428, 'Jaydebpur Main Post Office', 1700, 30),
(429, 'Gachha', 1700, 30),
(430, 'Basudebpur', 1700, 30),
(431, 'Bangladesh Research Institute', 1701, 30),
(432, 'Chandana', 1702, 30),
(433, 'Fulbaria', 1703, 30),
(434, 'Tea Garden Bazar', 1703, 30),
(435, 'Shakeshware', 1703, 30),
(436, 'Salna', 1703, 30),
(437, 'Roali', 1703, 30),
(438, 'Raghunathpur', 1703, 30),
(439, 'Piroj Ali', 1703, 30),
(440, 'Mirzapur Bazar', 1703, 30),
(441, 'Factory SO', 1703, 30),
(442, 'Bangladesh Ordinance', 1703, 30),
(443, 'Araigonj Hatkhola', 1750, 31),
(444, 'Safipur', 1750, 31),
(445, 'Mouchak Scout Camp', 1750, 31),
(446, 'Kuripara Bazar', 1750, 31),
(447, 'Kaliakoir UPO', 1750, 31),
(448, 'Bashtali', 1750, 31),
(449, 'Barai Bari', 1750, 31),
(450, 'Baliadi', 1750, 31),
(451, 'Shahabajpur', 1750, 31),
(452, 'Sakhipur Ansar Taining Center', 1751, 31),
(453, 'Adi Jangalia', 1720, 32),
(454, 'Vaoal Bahmangaon', 1720, 32),
(455, 'Ulukhola', 1720, 32),
(456, 'Somnutan Bazar', 1720, 32),
(457, 'Putina', 1720, 32),
(458, 'Khasdaudpur', 1720, 32),
(459, 'Kaligonj UPO', 1720, 32),
(460, 'Fuldi Bazar', 1720, 32),
(461, 'Durbati Madrasa', 1720, 32),
(462, 'Danga Bazar', 1720, 32),
(463, 'Birabo', 1720, 32),
(464, 'Baktarpur', 1720, 32),
(465, 'Atlapur', 1720, 32),
(466, 'Pubail EDSO', 1721, 32),
(467, 'Vaoal Jamalpur EDSO', 1723, 32),
(468, 'Aral Bazar', 1730, 33),
(469, 'Vaoal Chandpur', 1730, 33),
(470, 'Taragonj', 1730, 33),
(471, 'Taragaon', 1730, 33),
(472, 'Sulmania', 1730, 33),
(473, 'Singura', 1730, 33),
(474, 'Raonat', 1730, 33),
(475, 'Ranigonj Bazar', 1730, 33),
(476, 'Pak Basia', 1730, 33),
(477, 'Pabur', 1730, 33),
(478, 'Narottompur', 1730, 33),
(479, 'Khirati', 1730, 33),
(480, 'Khamer', 1730, 33),
(481, 'Kapasia UPO', 1730, 33),
(482, 'Kamargaon', 1730, 33),
(483, 'Hasanpur', 1730, 33),
(484, 'Gaghutia', 1730, 33),
(485, 'Ekuria', 1730, 33),
(486, 'Vaoal Narayanpur', 1730, 33),
(487, 'Ashkona Bazar', 1710, 35),
(488, 'Azampur', 1710, 35),
(489, 'Harbaid', 1710, 35),
(490, 'Haydarabad Madrasa', 1710, 35),
(491, 'Kachkura', 1710, 35),
(492, 'Mannu Nagar UPO', 1710, 35),
(493, 'Uttar Khan', 1710, 35),
(494, 'Nishat Nagar Sub Office', 1711, 35),
(495, 'Gila Beraid', 1740, 36),
(496, 'Sreepur UPO', 1740, 36),
(497, 'Gazipur', 1740, 36),
(498, 'Gasinga', 1740, 36),
(499, 'Topa', 1740, 36),
(500, 'Maona', 1740, 36),
(501, 'Bairagir Chala', 1740, 36),
(502, 'Vhabanipur', 1740, 36),
(503, 'Tengra', 1740, 36),
(504, 'Singhasree', 1743, 36),
(505, 'Tarakandi', 1743, 36),
(506, 'Toknayan Bazar', 1743, 36),
(507, 'Amaraid', 1743, 36),
(508, 'Ulusaya', 1743, 36),
(509, 'Verar Chala', 1743, 36),
(510, 'Shekhergaon', 1743, 36),
(511, 'Vuleshware', 1743, 36),
(512, 'Rayed', 1743, 36),
(513, 'Nigori Trimohan Bazar', 1743, 36),
(514, 'Kurchai', 1743, 36),
(515, 'Kapaleshware', 1743, 36),
(516, 'Aralia', 1743, 36),
(517, 'Barishabo', 1743, 36),
(518, 'Barmi SO', 1743, 36),
(519, 'Satkhamar EDSO', 1744, 36),
(520, 'Baldigaht', 1745, 36),
(521, 'Kaoraid SO', 1745, 36),
(522, 'Joydebpur Dargah Bazar', 1745, 36),
(523, 'Rajendrapur UDSO', 1741, 37),
(524, 'Rajendrapur Cantonment SO', 1742, 37),
(525, 'Vaoal Rajbari', 1742, 37),
(526, 'Char Mastul', 1860, 38),
(527, 'Char Mirpur', 1860, 38),
(528, 'Daulatpur UPO', 1860, 38),
(529, 'Bangla', 1840, 39),
(530, 'Baratia', 1840, 39),
(531, 'Ghior UPO', 1840, 39),
(532, 'Terasree', 1840, 39),
(533, 'Laxmipur', 1830, 40),
(534, 'Harukandi', 1830, 40),
(535, 'Sutalari', 1830, 40),
(536, 'Ibrahimpur', 1830, 40),
(537, 'Jatrapur', 1830, 40),
(538, 'Purba Khalilpur', 1830, 40),
(539, 'Natakhola', 1830, 40),
(540, 'Lesragonj UPO', 1830, 40),
(541, 'Ramkrishnapur', 1831, 40),
(542, 'Maluchi', 1831, 40),
(543, 'Diabari', 1831, 40),
(544, 'Kanchanpur', 1831, 40),
(545, 'Jhitka SO', 1831, 40),
(546, 'Hat Bijoy Nagar', 1831, 40),
(547, 'Uzanpara', 1831, 40),
(548, 'Trikaliakoir', 1800, 41),
(549, 'Naogaon Bazar', 1800, 41),
(550, 'Nabagram', 1800, 41),
(551, 'Muljan', 1800, 41),
(552, 'Mitra', 1800, 41),
(553, 'Matta', 1800, 41),
(554, 'Lamubari', 1800, 41),
(555, 'Khabashpur', 1800, 41),
(556, 'Kalia Bazar', 1800, 41),
(557, 'Pecharkanda Bazar', 1800, 41),
(558, 'Pukhuria', 1800, 41),
(559, 'Tilli', 1800, 41),
(560, 'Tara', 1800, 41),
(561, 'Shushundha', 1800, 41),
(562, 'Shakrail', 1800, 41),
(563, 'Shahbelishwor', 1800, 41),
(564, 'Sanora', 1800, 41),
(565, 'Salka', 1800, 41),
(566, 'Ramdianali', 1800, 41),
(567, 'Joy Nagar', 1800, 41),
(568, 'Janna Bazar', 1800, 41),
(569, 'Jamir', 1800, 41),
(570, 'Bongkhuri', 1800, 41),
(571, 'Boikanthapur', 1800, 41),
(572, 'Batila', 1800, 41),
(573, 'Barundi', 1800, 41),
(574, 'Baraid', 1800, 41),
(575, 'Barahir Char', 1800, 41),
(576, 'Bara Hat Kora', 1800, 41),
(577, 'Balra', 1800, 41),
(578, 'Balir Tek', 1800, 41),
(579, 'Butni', 1800, 41),
(580, 'Char Tilli', 1800, 41),
(581, 'Helachia Bazar', 1800, 41),
(582, 'Manikgonj Mainpost Office', 1800, 41),
(583, 'Gangutia', 1800, 41),
(584, 'Baliajuri', 1800, 41),
(585, 'Emtajgonj Hatkhola', 1800, 41),
(586, 'Dhankura', 1800, 41),
(587, 'Dhaki Jora Tarail', 1800, 41),
(588, 'Manikgonj Bazar EDSO', 1801, 41),
(589, 'Garpara EDSO', 1802, 41),
(590, 'Mahadebpur EDSO', 1803, 41),
(591, 'Barangail EDSO', 1804, 41),
(592, 'Apsavar', 1810, 42),
(593, 'Dargram', 1810, 42),
(594, 'Gopalpur', 1810, 42),
(595, 'Hargonj', 1810, 42),
(596, 'Saturia SO', 1810, 42),
(597, 'Balia', 1811, 42),
(598, 'Baliati CSO', 1811, 42),
(599, 'Dimurkhi', 1811, 42),
(600, 'Gram Amta', 1811, 42),
(601, 'Amdala', 1850, 43),
(602, 'Shibaloy UPO', 1850, 43),
(603, 'Rupsa', 1850, 43),
(604, 'Nayabari', 1850, 43),
(605, 'Nali', 1850, 43),
(606, 'Khalsi', 1850, 43),
(607, 'Char Bagutia', 1850, 43),
(608, 'Zafargonj', 1850, 43),
(609, 'Arichaghat SO', 1851, 43),
(610, 'Teota EDSO', 1852, 43),
(611, 'Uthli EDSO', 1853, 43),
(612, 'Atigram', 1820, 44),
(613, 'Singair UPO', 1820, 44),
(614, 'Paril Nayada', 1820, 44),
(615, 'Krishnapur', 1820, 44),
(616, 'Katigram', 1820, 44),
(617, 'Soapur', 1820, 44),
(618, 'Golaidanga', 1820, 44),
(619, 'Earta', 1820, 44),
(620, 'Baldara', 1820, 44),
(621, 'Delda', 1820, 44),
(622, 'Dakshin Jamsa', 1820, 44),
(623, 'Bayra EDSO', 1821, 44),
(624, 'Sahrail', 1822, 44),
(625, 'Roail', 1822, 44),
(626, 'Nannar', 1822, 44),
(627, 'Chandahar', 1822, 44),
(628, 'Joymontop CSO', 1822, 44),
(629, 'Jalsin', 1822, 44),
(630, 'Jamirtta', 1822, 44),
(631, 'Basail Upazila Post Office', 1920, 45),
(632, 'Chalkdaha', 1920, 45),
(633, 'Hatia Rajabari', 1920, 45),
(634, 'Hatibanda', 1920, 45),
(635, 'Kanchanpur', 1920, 45),
(636, 'Khaliajani', 1920, 45),
(637, 'Mirikpur', 1920, 45),
(638, 'Pekua', 1920, 45),
(639, 'Shunna', 1920, 45),
(640, 'Bagbari', 1960, 46),
(641, 'Balarampur', 1960, 46),
(642, 'Gabsara Rampur', 1960, 46),
(643, 'Gobindasi', 1960, 46),
(644, 'Nikla', 1960, 46),
(645, 'Royer Basalia', 1960, 46),
(646, 'Shialkol', 1960, 46),
(647, 'Vuapur Upazila Post Office', 1960, 46),
(648, 'Barni', 1910, 47),
(649, 'Bathuli', 1910, 47),
(650, 'Delduar Upazila Post Office', 1910, 47),
(651, 'Nallapara', 1911, 47),
(652, 'Jangalia SO', 1911, 47),
(653, 'Lal Hara', 1911, 47),
(654, 'Pathrail EDSO', 1912, 47),
(655, 'Abadpur', 1913, 47),
(656, 'Merua Khola', 1913, 47),
(657, 'Konda', 1913, 47),
(658, 'Kedarpur', 1913, 47),
(659, 'Ghonapara', 1913, 47),
(660, 'Elasin SO', 1913, 47),
(661, 'Putia Jani Bazar', 1913, 47),
(662, 'Hinganagar EDSO', 1914, 47),
(663, 'Lauhati EDSO', 1915, 47),
(664, 'Akhail Shimul', 1980, 48),
(665, 'Taragonj Bazar', 1980, 48),
(666, 'Sunutia', 1980, 48),
(667, 'Sonkhola', 1980, 48),
(668, 'Kolaho Gourangi', 1980, 48),
(669, 'Khilgati Etimkhana', 1980, 48),
(670, 'Ghatail Upazila Post Office', 1980, 48),
(671, 'Gala Bir Singha', 1980, 48),
(672, 'Chantara', 1980, 48),
(673, 'Choikhatta', 1980, 48),
(674, 'Zahidgonj EDSO', 1981, 48),
(675, 'Dayakandi Pakutia EDSO', 1982, 48),
(676, 'Dhalapara', 1983, 48),
(677, 'Pecharata', 1983, 48),
(678, 'Shahar Gobinpur', 1983, 48),
(679, 'Khupibari', 1983, 48),
(680, 'Kuripara', 1983, 48),
(681, 'Lohani Sagar Dighi SO', 1984, 48),
(682, 'Laxmadia', 1984, 48),
(683, 'Sona Nagar', 1984, 48),
(684, 'Kahalgaon', 1984, 48),
(685, 'Bara Chwna', 1984, 48),
(686, 'Sola Kura', 1984, 48),
(687, 'Alam Nagar', 1990, 49),
(688, 'Shajanpur', 1990, 49),
(689, 'Sayedpur', 1990, 49),
(690, 'Nabagram', 1990, 49),
(691, 'Mirzapur Uttar Para', 1990, 49),
(692, 'Kamaksha Mohanpur', 1990, 49),
(693, 'Suti', 1990, 49),
(694, 'Gopalpur Upazila Post Office', 1990, 49),
(695, 'Falda', 1990, 49),
(696, 'Dubail', 1990, 49),
(697, 'Baruria', 1990, 49),
(698, 'Jhaoil SO', 1991, 49),
(699, 'Bagua', 1991, 49),
(700, 'Nagda Shimula', 1991, 49),
(701, 'Satutia', 1991, 49),
(702, 'Arjuna', 1992, 49),
(703, 'Balua Bazar', 1992, 49),
(704, 'Charshushua', 1992, 49),
(705, 'Hemnagar SO', 1992, 49),
(706, 'Deopara', 1970, 50),
(707, 'Kadamtoli', 1970, 50),
(708, 'Endarjani', 1970, 50),
(709, 'Kalihati Upazila Post Office', 1970, 50),
(710, 'Barga', 1970, 50),
(711, 'Bangra', 1970, 50),
(712, 'Pach Charan', 1970, 50),
(713, 'Alauddin Siddiqui College', 1970, 50),
(714, 'Vabandatta', 1970, 50),
(715, 'Bagandali', 1970, 50),
(716, 'Razafair EDSO', 1971, 50),
(717, 'Nagbari EDSO', 1972, 50),
(718, 'Rampur Bazar CSO', 1973, 50),
(719, 'Varsorai', 1973, 50),
(720, 'Paikra', 1973, 50),
(721, 'Balla Bazar CSO', 1973, 50),
(722, 'Silimpur', 1973, 50),
(723, 'Kowljani', 1973, 50),
(724, 'Ratangonj Bazar', 1973, 50),
(725, 'Kaloha', 1973, 50),
(726, 'Kakrajani', 1973, 50),
(727, 'Abadat Nagar', 1973, 50),
(728, 'Code Dahara', 1973, 50),
(729, 'Bahera Toil', 1973, 50),
(730, 'Chinamura', 1974, 50),
(731, 'Salla', 1974, 50),
(732, 'Pojan', 1974, 50),
(733, 'Terki', 1974, 50),
(734, 'Alenga SO', 1974, 50),
(735, 'Patitapara', 1974, 50),
(736, 'Patal', 1974, 50),
(737, 'Fultala Kuchuti', 1974, 50),
(738, 'Jogipal', 1974, 50),
(739, 'Esapur', 1974, 50),
(740, 'Magra', 1974, 50),
(741, 'Palisha EDSO', 1975, 50),
(742, 'Malatipara', 1976, 50),
(743, 'Singuria', 1976, 50),
(744, 'Nagarbari SO', 1976, 50),
(745, 'Palisha Matikata', 1976, 50),
(746, 'Nikrail', 1976, 50),
(747, 'Deopur', 1976, 50),
(748, 'Shahi Anuhala', 1976, 50),
(749, 'Chohali Upazila Post Office', 1930, 51),
(750, 'Khshsahajani', 1930, 51),
(751, 'Mokor kol', 1930, 51),
(752, 'Jalchhatra', 1996, 53),
(753, 'Kuralia', 1996, 53),
(754, 'Laufula', 1996, 53),
(755, 'Golabari', 1996, 53),
(756, 'Gangail Bazar', 1996, 53),
(757, 'Madhupur Upazila Post Office', 1996, 53),
(758, 'Dari Hatil', 1996, 53),
(759, 'Kakrail Arunkhola', 1996, 53),
(760, 'Musudi', 1997, 53),
(761, 'Ramkrishna Bari', 1997, 53),
(762, 'Ambaria', 1997, 53),
(763, 'Hadira Bazar', 1997, 53),
(764, 'Dhanbari CSO', 1997, 53),
(765, 'Bhaighat', 1997, 53),
(766, 'Beer Kadamtali', 1997, 53),
(767, 'Vatkura', 1997, 53),
(768, 'Kurni', 1940, 54),
(769, 'Gohailbari', 1940, 54),
(770, 'Mirzapur Upazila Post Office', 1940, 54),
(771, 'Neohata', 1940, 54),
(772, 'Kanthalia', 1940, 54),
(773, 'Takia Kodma', 1940, 54),
(774, 'Tarafpur Madrasa', 1940, 54),
(775, 'Vatgram', 1940, 54),
(776, 'Vaora Paikhar', 1940, 54),
(777, 'Vaora', 1940, 54),
(778, 'Bahuria', 1940, 54),
(779, 'Gorai', 1941, 54),
(780, 'Chetteshwari', 1941, 54),
(781, 'M C College EDSO', 1942, 54),
(782, 'Rajapur', 1943, 54),
(783, 'Warshi Paikpara', 1943, 54),
(784, 'Kamarpara', 1943, 54),
(785, 'Chowhati', 1943, 54),
(786, 'Seoail', 1944, 54),
(787, 'Shuvallya', 1944, 54),
(788, 'Barati', 1944, 54),
(789, 'Tenguria Para', 1944, 54),
(790, 'Vabkhanda', 1944, 54),
(791, 'Atia Mahumudpur', 1944, 54),
(792, 'Atghari', 1944, 54),
(793, 'Armoista', 1944, 54),
(794, 'Chamri Fatepur', 1944, 54),
(795, 'Pakutia', 1944, 54),
(796, 'Kuralia Para', 1944, 54),
(797, 'Jamurkiso', 1944, 54),
(798, 'Agtarail', 1944, 54),
(799, 'Maishamura', 1944, 54),
(800, 'Dighulia', 1944, 54),
(801, 'Pakulla', 1944, 54),
(802, 'Baniara', 1945, 54),
(803, 'Habla', 1945, 54),
(804, 'Mohera SO', 1945, 54),
(805, 'Karail', 1945, 54),
(806, 'Thalpara', 1945, 54),
(807, 'Meghna Bazar', 1936, 55),
(808, 'Nagarpur Upazila Post Office', 1936, 55),
(809, 'Mirkutia', 1936, 55),
(810, 'Sahabatpur', 1936, 55),
(811, 'Masud Nagar', 1936, 55),
(812, 'Khushuria', 1936, 55),
(813, 'Khamar Dhalla', 1936, 55),
(814, 'Goyhata', 1936, 55),
(815, 'Salil Ara', 1936, 55),
(816, 'Dattakandi', 1936, 55),
(817, 'Chowdhury Vanga', 1936, 55),
(818, 'Batra', 1936, 55),
(819, 'Taluk Nagar', 1937, 55),
(820, 'Paishana', 1937, 55),
(821, 'Paikail', 1937, 55),
(822, 'Bachamara', 1937, 55),
(823, 'Duburia CSO', 1937, 55),
(824, 'Charkatari', 1937, 55),
(825, 'Vadra', 1937, 55),
(826, 'Salimabad EDSO', 1938, 55),
(827, 'Kalidas', 1950, 56),
(828, 'Naluaa', 1950, 56),
(829, 'Sakhipur Upazila Post Office', 1950, 56),
(830, 'Kachua EDSO', 1951, 56),
(831, 'Tangail Main Post Office', 1900, 57),
(832, 'Eisara', 1900, 57),
(833, 'Fulki Jhanjhania', 1900, 57),
(834, 'Gala', 1900, 57),
(835, 'Gharinda', 1900, 57),
(836, 'Gosai Joair', 1900, 57),
(837, 'Jashihati', 1900, 57),
(838, 'Kakua', 1900, 57),
(839, 'Koijri', 1900, 57),
(840, 'Mirer Betka', 1900, 57),
(841, 'Rasulpur', 1900, 57),
(842, 'Shanshagonj', 1900, 57),
(843, 'Shibpur', 1900, 57),
(844, 'Sholashata Jangalia', 1900, 57),
(845, 'Singuli', 1900, 57),
(846, 'Dighulia', 1900, 57),
(847, 'Dharerbari', 1900, 57),
(848, 'Bailla Madrasa', 1900, 57),
(849, 'Atia Dargah', 1900, 57),
(850, 'Ashekpur', 1900, 57),
(851, 'Bara Basalia', 1900, 57),
(852, 'Baghil', 1900, 57),
(853, 'Alalpur', 1900, 57),
(854, 'Char Pouli', 1900, 57),
(855, 'Bera Buchina', 1900, 57),
(856, 'Chowdhury Malancha', 1900, 57),
(857, 'Chalk Toil', 1900, 57),
(858, 'Kagmari EDSO', 1901, 57),
(859, 'Anuhola', 1902, 57),
(860, 'Chowbaria', 1902, 57),
(861, 'Binnyafair', 1902, 57),
(862, 'Sakrial', 1902, 57),
(863, 'Santosh', 1902, 57),
(864, 'Sthalchar Hatkhola', 1902, 57),
(865, 'Sthalballa', 1903, 57),
(866, 'Balia', 1903, 57),
(867, 'Kumulli Namdar', 1903, 57),
(868, 'Kashil', 1903, 57),
(869, 'Karati CSO', 1903, 57),
(870, 'Bathuli Sadi', 1903, 57),
(871, 'Vartia Vatkura', 1903, 57),
(872, 'Porabari EDSO', 1904, 57),
(873, 'Bahadurabad', 2030, 58),
(874, 'Shahajadpur', 2030, 58),
(875, 'Sanadbari', 2030, 58),
(876, 'Langkar Char', 2030, 58),
(877, 'Kharma', 2030, 58),
(878, 'kauliar Char', 2030, 58),
(879, 'Katharbill', 2030, 58),
(880, 'Farajipara', 2030, 58),
(881, 'Dewangonj Upazila PO', 2030, 58),
(882, 'Dewangonj RS', 2030, 58),
(883, 'Taratia Bazar', 2030, 58),
(884, 'Malamgonj', 2031, 58),
(885, 'Dewangonj Chinir Kal CSO', 2031, 58),
(886, 'Kulkandi', 2020, 59),
(887, 'Islampur Upazila Post Office', 2020, 59),
(888, 'Mosharafgonj', 2020, 59),
(889, 'Goaler Char', 2020, 59),
(890, 'Pulkanda', 2020, 59),
(891, 'Sirajabad', 2020, 59),
(892, 'Tengar Gar', 2020, 59),
(893, 'Belgachha', 2020, 59),
(894, 'Tanki Bazar', 2021, 59),
(895, 'Ambaria', 2021, 59),
(896, 'Kangalkusha', 2021, 59),
(897, 'Durmut SO', 2021, 59),
(898, 'Digreer Char', 2021, 59),
(899, 'Harsila Bazar', 2022, 59),
(900, 'Mukti Bazar', 2022, 59),
(901, 'Gilabari', 2022, 59),
(902, 'Chinatali', 2022, 59),
(903, 'Ulia Bazar', 2022, 59),
(904, 'Varuakhali', 2000, 60),
(905, 'Jamalpur Court RS', 2000, 60),
(906, 'Jamalpur Main Post Office', 2000, 60),
(907, 'Kalibari', 2000, 60),
(908, 'Kamal Khan Hat', 2000, 60),
(909, 'Langal Jora', 2000, 60),
(910, 'Muksudpur', 2000, 60),
(911, 'Narikeli', 2000, 60),
(912, 'Sayedpur', 2000, 60),
(913, 'Shahabajpur', 2000, 60),
(914, 'Sharifpur', 2000, 60),
(915, 'Hazipur', 2000, 60),
(916, 'Gopalpur Bazar', 2000, 60),
(917, 'Chandra', 2000, 60),
(918, 'Chalk Sahabdi', 2000, 60),
(919, 'Charghughurakandi', 2000, 60),
(920, 'Charsreepur', 2000, 60),
(921, 'Beltia Madrasa', 2000, 60),
(922, 'Dik Para', 2000, 60),
(923, 'Doatala', 2000, 60),
(924, 'Ghoradhap', 2000, 60),
(925, 'Solakuri', 2001, 60),
(926, 'Gorarkanda', 2001, 60),
(927, 'Sreepur Kumaria', 2001, 60),
(928, 'Sreerampur', 2001, 60),
(929, 'Tebir Char', 2001, 60),
(930, 'Tulsipur', 2001, 60),
(931, 'Central Valuka', 2001, 60),
(932, 'Chalk Bel Toil', 2001, 60),
(933, 'Rana Gachha', 2001, 60),
(934, 'Palash Tala', 2001, 60),
(935, 'Bashchara', 2001, 60),
(936, 'Nandina CSO', 2001, 60),
(937, 'Char Jatharthapur', 2001, 60),
(938, 'Lahiri kanda', 2001, 60),
(939, 'Jamira', 2001, 60),
(940, 'Narundi EDSO', 2002, 60),
(941, 'Momenabad', 2010, 61),
(942, 'Hajrabari', 2010, 61),
(943, 'Haripur', 2010, 61),
(944, 'Khashimara', 2010, 61),
(945, 'Shyampur', 2010, 61),
(946, 'Moslemabad', 2010, 61),
(947, 'Melanda Bazar Upazila PO', 2010, 61),
(948, 'Milon Bazar', 2010, 61),
(949, 'Mohisha Bathan', 2010, 61),
(950, 'Guneritala', 2010, 61),
(951, 'Tegharia', 2010, 61),
(952, 'Binad Tongi', 2010, 61),
(953, 'Boyra Danga', 2010, 61),
(954, 'Chakdaha', 2010, 61),
(955, 'Char Gobindi', 2010, 61),
(956, 'Char Suguna', 2010, 61),
(957, 'Thuri', 2010, 61),
(958, 'Dewla Bari', 2010, 61),
(959, 'Jamalpur EDSO', 2011, 61),
(960, 'Si Hata', 2012, 61),
(961, 'Vabki Bazar', 2012, 61),
(962, 'Bagha Doba', 2012, 61),
(963, 'Malancha SO', 2012, 61),
(964, 'Jhaugara', 2012, 61),
(965, 'Fulkocha', 2012, 61),
(966, 'Charpalisha', 2012, 61),
(967, 'Bel Toil Bazar', 2012, 61),
(968, 'Vangani Danga', 2012, 61),
(969, 'Mahumudpur EDSO', 2013, 61),
(970, 'Ful Jor', 2040, 62),
(971, 'Mathergonj Upazila Post Office', 2040, 62),
(972, 'Balijuri So', 2041, 62),
(973, 'Jonail', 2041, 62),
(974, 'Nayapara', 2041, 62),
(975, 'Gopal Digha', 2050, 63),
(976, 'Tarakandi', 2050, 63),
(977, 'Sarishabari Upazila PO', 2050, 63),
(978, 'Batikamari', 2050, 63),
(979, 'Bogarpar', 2050, 63),
(980, 'Espinjerpur', 2050, 63),
(981, 'Doail Kendua', 2050, 63),
(982, 'Chapar Kona', 2050, 63),
(983, 'Chargirish', 2050, 63),
(984, 'Guner Bari SO', 2051, 63),
(985, 'Palisha', 2051, 63),
(986, 'Patadaha', 2051, 63),
(987, 'AdarVita', 2051, 63),
(988, 'Ghosher Para', 2051, 63),
(989, 'Char Golabari', 2051, 63),
(990, 'Sontia Bazar', 2052, 63),
(991, 'Badli Ata', 2052, 63),
(992, 'Barai Patal', 2052, 63),
(993, 'Rashidpur', 2052, 63),
(994, 'Vatara', 2052, 63),
(995, 'Bousi Bangali SO', 2052, 63),
(996, 'Chandpur kasari', 2052, 63),
(997, 'Mesta', 2052, 63),
(998, 'Hosnabad', 2052, 63),
(999, 'Jagannathgonj Ghat EDSO', 2053, 63),
(1000, 'Goal Bathan', 2055, 63),
(1001, 'Sonai Bazar', 2055, 63),
(1002, 'Pingna SO', 2055, 63),
(1003, 'Vengula', 2055, 63),
(1004, 'Airmari', 2140, 64),
(1005, 'Ramrampur', 2140, 64),
(1006, 'Murar Para', 2140, 64),
(1007, 'Mirdha para', 2140, 64),
(1008, 'Merur Char', 2140, 64),
(1009, 'Matifata', 2140, 64),
(1010, 'Malamari', 2140, 64),
(1011, 'Laucha Para', 2140, 64),
(1012, 'Kathal Bill', 2140, 64),
(1013, 'Kamaler Barti', 2140, 64),
(1014, 'Kakila Kura', 2140, 64),
(1015, 'Joygonj Bazar', 2140, 64),
(1016, 'Gasir Para', 2140, 64),
(1017, 'Dhanua Kamalpur', 2140, 64),
(1018, 'Batajor Jinnah Bazar', 2140, 64),
(1019, 'Bakshigonj UPO', 2140, 64),
(1020, 'Alir Para', 2140, 64),
(1021, 'Surjanagar', 2140, 64),
(1022, 'Ahammad Nagar', 2120, 65),
(1023, 'Bakakora', 2120, 65),
(1024, 'Dhan Shail', 2120, 65),
(1025, 'Dudhnoi', 2120, 65),
(1026, 'Haldi Gram', 2120, 65),
(1027, 'Jhinaigati UPO', 2120, 65),
(1028, 'Dhankusha', 2150, 66),
(1029, 'Dukria', 2150, 66),
(1030, 'Gordour', 2150, 66),
(1031, 'Laykha Hasan Khila', 2150, 66),
(1032, 'Nakla UPO', 2150, 66),
(1033, 'Baneswari', 2151, 66),
(1034, 'Ganapaddi SO', 2151, 66),
(1035, 'Nalitabari Bazar', 2110, 67),
(1036, 'Dhudhara', 2110, 67),
(1037, 'Fakir Para', 2110, 67),
(1038, 'Gailara', 2110, 67),
(1039, 'Nayabil', 2110, 67),
(1040, 'Nalitabari UPO', 2110, 67),
(1041, 'Nishchintapur', 2111, 67),
(1042, 'Nanni', 2111, 67),
(1043, 'Baramari', 2111, 67),
(1044, 'Hatibanda Sub Office', 2111, 67),
(1045, 'Baramari', 2111, 67),
(1046, 'Pachgaon', 2111, 67),
(1047, 'Alina Para', 2100, 68),
(1048, 'Khar Kharia', 2100, 68),
(1049, 'Kurikahnia', 2100, 68),
(1050, 'Kusumhati', 2100, 68),
(1051, 'Langar para', 2100, 68),
(1052, 'Munsir Char', 2100, 68),
(1053, 'Nalbaid', 2100, 68),
(1054, 'Paikura', 2100, 68),
(1055, 'Parajrida', 2100, 68),
(1056, 'Ramnerchar', 2100, 68),
(1057, 'Rampur para', 2100, 68),
(1058, 'Sankanda', 2100, 68),
(1059, 'Sapmari', 2100, 68),
(1060, 'Sherpur Development Center', 2100, 68),
(1061, 'Sherpur Town Main Post Office', 2100, 68),
(1062, 'Vatpur Bazar', 2100, 68),
(1063, 'Karua', 2100, 68),
(1064, 'Kamarer Char', 2100, 68),
(1065, 'Bajit Khila', 2100, 68),
(1066, 'Banuarchar', 2100, 68),
(1067, 'Chaitajani', 2100, 68),
(1068, 'Chandek Nagar Kohakanda', 2100, 68),
(1069, 'Char Jangaldi', 2100, 68),
(1070, 'Char para Khunua', 2100, 68),
(1071, 'Charsherpur', 2100, 68),
(1072, 'Dhiarpar', 2100, 68),
(1073, 'Dubar Char', 2100, 68),
(1074, 'Gaibandha', 2100, 68),
(1075, 'Gazir Khamar', 2100, 68),
(1076, 'Jalgaon', 2100, 68),
(1077, 'Jhagrar Char', 2100, 68),
(1078, 'Jhinia', 2100, 68),
(1079, 'Jogini Mura', 2100, 68),
(1080, 'Vatshala', 2100, 68),
(1081, 'Aynapur', 2130, 69),
(1082, 'Gilgachha', 2130, 69),
(1083, 'Ranishimul', 2130, 69),
(1084, 'Sreebardi UPO', 2130, 69),
(1085, 'Varera', 2130, 69),
(1086, 'Vaya Danga', 2130, 69),
(1087, 'Velua', 2130, 69),
(1088, 'Angarpara', 2240, 70),
(1089, 'Medoari', 2240, 70),
(1090, 'Miraka', 2240, 70),
(1091, 'Nisinda', 2240, 70),
(1092, 'Panashail Bazar', 2240, 70),
(1093, 'Paragaon', 2240, 70),
(1094, 'Parura', 2240, 70),
(1095, 'Uthura Bazar', 2240, 70),
(1096, 'Valuka UPO', 2240, 70),
(1097, 'Mallik Bari', 2240, 70),
(1098, 'Kathali', 2240, 70),
(1099, 'Bankua', 2240, 70),
(1100, 'Baraid Bazar', 2240, 70),
(1101, 'Batajor', 2240, 70),
(1102, 'Dakatia', 2240, 70),
(1103, 'Dheetpur Bazar', 2240, 70),
(1104, 'Jamait Bazar', 2240, 70),
(1105, 'Kachina Bazar', 2240, 70),
(1106, 'Kalmegh', 2240, 70),
(1107, 'Vara Doba', 2240, 70),
(1108, 'Alimpur', 2216, 71),
(1109, 'Fulbari UPO', 2216, 71),
(1110, 'Funkandabad', 2216, 71),
(1111, 'Jagathgonj', 2216, 71),
(1112, 'Joypur', 2216, 71),
(1113, 'Kaladaha', 2216, 71),
(1114, 'Kushmail', 2216, 71),
(1115, 'Siddiquia Etimkhana', 2216, 71),
(1116, 'Teligram', 2216, 71),
(1117, 'Enayetpur', 2216, 71),
(1118, 'Debgram', 2216, 71),
(1119, 'Asim', 2216, 71),
(1120, 'Babugonj Bazar', 2216, 71),
(1121, 'Bailajan', 2216, 71),
(1122, 'Bakta', 2216, 71),
(1123, 'Balughat', 2216, 71),
(1124, 'Barbil Bazar', 2216, 71),
(1125, 'Biddyananda', 2216, 71),
(1126, 'Borka Puran Bazar', 2216, 71),
(1127, 'Vabanipur', 2216, 71),
(1128, 'Atharadana', 2230, 72),
(1129, 'Joyedabad', 2230, 72),
(1130, 'Kandi', 2230, 72),
(1131, 'Vaoalia Bazu', 2230, 72),
(1132, 'Mashakhali', 2230, 72),
(1133, 'Meer Bari', 2230, 72),
(1134, 'Mukhi', 2230, 72),
(1135, 'Namanamudpur', 2230, 72),
(1136, 'Pachua', 2230, 72),
(1137, 'Panchbag', 2230, 72),
(1138, 'Rozai', 2230, 72),
(1139, 'Uthuri', 2230, 72),
(1140, 'Joydharkhali', 2230, 72),
(1141, 'Jamira Para', 2230, 72),
(1142, 'Charam Salanda', 2230, 72),
(1143, 'Durgasia', 2230, 72),
(1144, 'Birunia', 2230, 72),
(1145, 'Gafargaon UPO', 2230, 72),
(1146, 'Birkharua', 2230, 72),
(1147, 'Halimabad', 2230, 72),
(1148, 'Hosenshai', 2230, 72),
(1149, 'Shibgonj EDSO', 2231, 72),
(1150, 'Usthi EDSO', 2232, 72),
(1151, 'Satarbari', 2233, 72),
(1152, 'Toingara', 2233, 72),
(1153, 'Baruihati', 2233, 72),
(1154, 'Sarpachapila', 2233, 72),
(1155, 'Sadua Bazar', 2233, 72),
(1156, 'Basia', 2233, 72),
(1157, 'Pagla Bazar', 2233, 72),
(1158, 'Dubsia', 2233, 72),
(1159, 'Maizbari', 2233, 72),
(1160, 'Kandipara SO', 2233, 72),
(1161, 'Lamkain', 2233, 72),
(1162, 'Datter Bazar EDSO', 2234, 72),
(1163, 'Bhouhakhali', 2270, 73),
(1164, 'Shahagonj', 2270, 73),
(1165, 'Sakhua Majherchar', 2270, 73),
(1166, 'Maoha', 2270, 73),
(1167, 'Killatazpur', 2270, 73),
(1168, 'Gouripur UPO', 2270, 73),
(1169, 'Gouripur RS', 2270, 73),
(1170, 'Gitausha', 2270, 73),
(1171, 'Vabanipur', 2270, 73),
(1172, 'Ram Gopalpur SO', 2271, 73),
(1173, 'Baghaitala', 2260, 74),
(1174, 'Rangra Para', 2260, 74),
(1175, 'Mazra Kura', 2260, 74),
(1176, 'Latifpur', 2260, 74),
(1177, 'Kumaruli', 2260, 74),
(1178, 'Kala Pagla Bazar', 2260, 74),
(1179, 'Haluaghat UPO', 2260, 74),
(1180, 'Gazir Vita', 2260, 74),
(1181, 'Dhurail', 2260, 74),
(1182, 'Budua Para', 2260, 74),
(1183, 'Satugaon', 2260, 74),
(1184, 'Dhara EDSO', 2261, 74),
(1185, 'Munsir Hat EDSO', 2262, 74),
(1186, 'Barahit', 2280, 75),
(1187, 'Tarundia', 2280, 75),
(1188, 'Sayed Vakuri', 2280, 75),
(1189, 'Nahara Bazar', 2280, 75),
(1190, 'Konapara', 2280, 75),
(1191, 'Jithen', 2280, 75),
(1192, 'Jatia', 2280, 75),
(1193, 'Ishwargonj UPO', 2280, 75),
(1194, 'Ishwargonj R/S', 2280, 75),
(1195, 'Gofaria', 2280, 75),
(1196, 'Gafuria Madrasa', 2280, 75),
(1197, 'Charjithar', 2280, 75),
(1198, 'Bholar Algi', 2280, 75),
(1199, 'Barajora', 2280, 75),
(1200, 'Uchakhila', 2280, 75),
(1201, 'Sohagi EDSO', 2281, 75),
(1202, 'Ataharul Ulum Madrasa', 2210, 76),
(1203, 'Ramvadrapur', 2210, 76),
(1204, 'Ragunathpur', 2210, 76),
(1205, 'Padarbari', 2210, 76),
(1206, 'Muktagachha UPO', 2210, 76),
(1207, 'Mogaltula', 2210, 76),
(1208, 'Kat Boula', 2210, 76),
(1209, 'Joyda', 2210, 76),
(1210, 'Jhanka Bazar', 2210, 76),
(1211, 'Haydarpur', 2210, 76),
(1212, 'Ghoga', 2210, 76),
(1213, 'Gabtoli', 2210, 76),
(1214, 'Chechua', 2210, 76),
(1215, 'Charadh Pakhia', 2210, 76),
(1216, 'Battala Bazar', 2210, 76),
(1217, 'Ban Bangla', 2210, 76),
(1218, 'Simla', 2210, 76),
(1219, 'Boilar', 2200, 77),
(1220, 'Churkhai', 2200, 77),
(1221, 'Dapunia', 2200, 77),
(1222, 'Dhanikhola', 2200, 77),
(1223, 'Kheruajani', 2200, 77),
(1224, 'Marichar Char', 2200, 77),
(1225, 'Fatema Nagar', 2200, 77),
(1226, 'Mantala Hat', 2200, 77),
(1227, 'Hiranpur', 2200, 77),
(1228, 'Khicha', 2200, 77),
(1229, 'Katakhali', 2200, 77),
(1230, 'Kazir Shimla', 2200, 77),
(1231, 'Char Ghagra', 2200, 77),
(1232, 'Modahardi', 2200, 77),
(1233, 'Sutiakhali', 2200, 77),
(1234, 'Alin Nagar', 2200, 77),
(1235, 'Sapura', 2200, 77),
(1236, 'Anantagonj', 2200, 77),
(1237, 'Politechnic Institute', 2200, 77),
(1238, 'Bhabkhali', 2200, 77),
(1239, 'Nasirabad Collegiate School', 2200, 77),
(1240, 'Namakatlasen', 2200, 77),
(1241, 'Bishka', 2200, 77),
(1242, 'Mymensingh ', 2200, 77),
(1243, 'Mohammad Nagar', 2200, 77),
(1244, 'Keoatkhali SO', 2201, 77),
(1245, 'Agricultural University SO', 2202, 77),
(1246, 'Shambhugonj EDSO', 2203, 77),
(1247, 'Khamarer Bazar', 2204, 77),
(1248, 'Ambikagonj', 2204, 77),
(1249, 'Biddyagonj SO', 2204, 77),
(1250, 'Borerchar Kasari', 2204, 77),
(1251, 'Begunbari', 2204, 77),
(1252, 'Kajai kata', 2205, 77),
(1253, 'Roha', 2205, 77),
(1254, 'Shailer Kanda', 2205, 77),
(1255, 'Piarpur Bazar SO', 2205, 77),
(1256, 'Piarpur Bazar', 2205, 77),
(1257, 'Bibir Char', 2205, 77),
(1258, 'Narayankhola', 2205, 77),
(1259, 'Chandrakona', 2205, 77),
(1260, 'Etail Bazar', 2205, 77),
(1261, 'Goadanga', 2205, 77),
(1262, 'Dukher Char', 2205, 77),
(1263, 'Al-Amin Ethimkhana', 2205, 77),
(1264, 'Kismat Bangram', 2290, 78),
(1265, 'Singrail', 2290, 78),
(1266, 'Gosai Chandura', 2290, 78),
(1267, 'Hemgonj Bazar', 2290, 78),
(1268, 'Kelesta', 2290, 78),
(1269, 'Khamar Gaon', 2290, 78),
(1270, 'Pachurkki', 2290, 78),
(1271, 'Nandail UPO', 2290, 78),
(1272, 'Sandail', 2291, 78),
(1273, 'Pachdarilya', 2291, 78),
(1274, 'Baraigram Madrasa', 2291, 78),
(1275, 'Gangail SO', 2291, 78),
(1276, 'Changta', 2291, 78),
(1277, 'Uluhati', 2291, 78),
(1278, 'Anwarabad', 2250, 79),
(1279, 'Ramnathpur', 2250, 79),
(1280, 'Dafulia Bazar', 2250, 79),
(1281, 'Fulpur UPO', 2250, 79),
(1282, 'Gomgaon', 2250, 79),
(1283, 'Janadhara Bazar', 2250, 79),
(1284, 'Payari', 2250, 79),
(1285, 'Katuli', 2250, 79),
(1286, 'Nasulla Bazar', 2250, 79),
(1287, 'Nabigonj', 2250, 79),
(1288, 'Nagla', 2250, 79),
(1289, 'Rupashi', 2250, 79),
(1290, 'Shalia', 2250, 79),
(1291, 'Atoajangal', 2250, 79),
(1292, 'Azampur', 2250, 79),
(1293, 'Bahadurpur', 2250, 79),
(1294, 'Bahir Shimul', 2250, 79),
(1295, 'Nal Chapra', 2250, 79),
(1296, 'Baitkandi', 2250, 79),
(1297, 'Swadeshi', 2250, 79),
(1298, 'Singhesware', 2250, 79),
(1299, 'Beltia Balia EDSO', 2251, 79),
(1300, 'Taldighi', 2252, 79),
(1301, 'Tarakanda SO', 2252, 79),
(1302, 'Rahimgonj', 2252, 79),
(1303, 'Matiali', 2252, 79),
(1304, 'Bagir Para', 2252, 79),
(1305, 'Bakshimul', 2252, 79),
(1306, 'Balikha', 2252, 79),
(1307, 'Batta Vatpara', 2252, 79),
(1308, 'Changnapara', 2252, 79),
(1309, 'Charkharicha', 2252, 79),
(1310, 'Dadra', 2252, 79),
(1311, 'Kakali', 2252, 79),
(1312, 'Kamaria Bazar', 2252, 79),
(1313, 'Tilatia Madrasa', 2252, 79),
(1314, 'Makhyapur', 2220, 80),
(1315, 'Hadder Vita', 2220, 80),
(1316, 'Gafakuri Bazar', 2220, 80),
(1317, 'Ranigonj', 2220, 80),
(1318, 'Dhalia', 2220, 80),
(1319, 'Kandania', 2220, 80),
(1320, 'Darila', 2220, 80),
(1321, 'Sanki Vanga', 2220, 80),
(1322, 'Shekh Bazar', 2220, 80),
(1323, 'Chalkrampur', 2220, 80),
(1324, 'Chalk Pachpara', 2220, 80),
(1325, 'Kashigonj', 2220, 80),
(1326, 'Kathal Bazar', 2220, 80),
(1327, 'Trishal UPO', 2220, 80),
(1328, 'Bagan', 2220, 80),
(1329, 'Akharail', 2220, 80),
(1330, 'Harirampur', 2220, 80),
(1331, 'Ahammadbad EDSO', 2221, 80),
(1332, 'Ram Amritagonj', 2222, 80),
(1333, 'Rasulpur', 2223, 80),
(1334, 'Tamat Bazar', 2223, 80),
(1335, 'Tazpur', 2223, 80),
(1336, 'Sakhua', 2223, 80),
(1337, 'Mahesbura', 2223, 80),
(1338, 'Kharua', 2223, 80),
(1339, 'Bara Baria', 2223, 80),
(1340, 'Beerfamat Khali', 2223, 80),
(1341, 'Betagoir', 2223, 80),
(1342, 'Charipara', 2223, 80),
(1343, 'Charpara', 2223, 80),
(1344, 'Dhala SO', 2223, 80),
(1345, 'Dheetpur', 2223, 80),
(1346, 'Hazipur', 2223, 80),
(1347, 'Kamalpur', 2223, 80),
(1348, 'Uttar Noapara', 2223, 80),
(1349, 'Bajitpur UPO', 2336, 81),
(1350, 'Patuli', 2336, 81),
(1351, 'Khaliardi', 2336, 81),
(1352, 'Hurmaipur', 2336, 81),
(1353, 'Dilalpur', 2336, 81),
(1354, 'Halimpur', 2337, 81),
(1355, 'Hilachia', 2337, 81),
(1356, 'Doaigaon', 2337, 81),
(1357, 'Sararchar SO', 2337, 81),
(1358, 'Ramdi', 2337, 81),
(1359, 'Domrakanda', 2338, 81),
(1360, 'Bir Kashim Nagar', 2338, 81),
(1361, 'Nal Baid', 2338, 81),
(1362, 'Lohajuri', 2338, 81),
(1363, 'Laxmipur SO', 2338, 81),
(1364, 'Uzan Abdullapur', 2338, 81),
(1365, 'Aganagar', 2350, 82),
(1366, 'Bashbari', 2350, 82),
(1367, 'Jagannathpur', 2350, 82),
(1368, 'Kalika Prasad', 2350, 82),
(1369, 'Shimulkandi', 2350, 82),
(1370, 'Vairab UPO', 2350, 82),
(1371, 'Char Kaona', 2320, 83),
(1372, 'Harenja', 2320, 83),
(1373, 'Hosenpur UPO', 2320, 83),
(1374, 'Jangalia', 2320, 83),
(1375, 'Kurimara', 2320, 83),
(1376, 'Sahidal', 2320, 83),
(1377, 'Tarakandi', 2320, 83),
(1378, 'Alongjari', 2390, 84),
(1379, 'Dhanpur', 2390, 84),
(1380, 'Itna UPO', 2390, 84),
(1381, 'Jaysiddhi', 2390, 84),
(1382, 'Mriga', 2390, 84),
(1383, 'Pachhat', 2390, 84),
(1384, 'Badla', 2310, 85),
(1385, 'Krimgonj UPO', 2310, 85),
(1386, 'Niamatpur', 2310, 85),
(1387, 'Achmita', 2330, 86),
(1388, 'Rampura Bazar', 2330, 86),
(1389, 'Mumurdia', 2330, 86),
(1390, 'Mashua', 2330, 86),
(1391, 'Maddhyapara', 2330, 86),
(1392, 'Khidirpur', 2330, 86),
(1393, 'Katiadi UPO', 2330, 86),
(1394, 'Union Jalalpur', 2330, 86),
(1395, 'Kaladia', 2330, 86),
(1396, 'Betal', 2330, 86),
(1397, 'Char Mandalia', 2330, 86),
(1398, 'Barudia', 2330, 86),
(1399, 'Bangram', 2331, 86),
(1400, 'Paradiakul', 2331, 86),
(1401, 'Jaraitala', 2331, 86),
(1402, 'Manikkhali', 2331, 86),
(1403, 'Chatal', 2331, 86),
(1404, 'Gochihata CSO', 2331, 86),
(1405, 'Kargaon Bazar', 2331, 86),
(1406, 'Barpara', 2300, 87),
(1407, 'Kishoregonj Bazar', 2300, 87),
(1408, 'Kishoregonj Main Post Office', 2300, 87),
(1409, 'Kodalia', 2300, 87),
(1410, 'Mathia', 2300, 87),
(1411, 'Musulli', 2300, 87),
(1412, 'Nansree', 2300, 87),
(1413, 'Pomdi', 2300, 87),
(1414, 'Shukhia', 2300, 87),
(1415, 'Surati', 2300, 87),
(1416, 'Taljanga', 2300, 87),
(1417, 'Joyka', 2300, 87),
(1418, 'Jasodal', 2300, 87),
(1419, 'Jangalbari', 2300, 87),
(1420, 'Boulai', 2300, 87),
(1421, 'Brahman Kachari', 2300, 87),
(1422, 'Charpumdi', 2300, 87),
(1423, 'Chouddashata', 2300, 87),
(1424, 'Dewldanga', 2300, 87),
(1425, 'Dhargaon', 2300, 87),
(1426, 'Gobindapur', 2300, 87),
(1427, 'Gojadia', 2300, 87),
(1428, 'Gongatia', 2300, 87),
(1429, 'Jahangirpur', 2300, 87),
(1430, 'Vattacharja Para', 2300, 87),
(1431, 'Kishorgonj Sugar Mill', 2301, 87),
(1432, 'Maijhati EDSO', 2302, 87),
(1433, 'Nilgonj', 2303, 87),
(1434, 'Kapashtia', 2340, 88),
(1435, 'Kuliarchar UPO', 2340, 88),
(1436, 'Osmanpur', 2340, 88),
(1437, 'Sadekpur', 2340, 88),
(1438, 'Soysuti SO', 2341, 88),
(1439, 'Dhaki', 2370, 89),
(1440, 'Gopal Dighi', 2370, 89),
(1441, 'Mithamoin UPO', 2370, 89),
(1442, 'Abdullahpur SO', 2371, 89),
(1443, 'Kadamchal', 2371, 89),
(1444, 'Kanchanpur', 2371, 89),
(1445, 'Katakhal Bazar', 2371, 89),
(1446, 'Kumari Durgapur', 2371, 89),
(1447, 'Vati Ghaghra', 2371, 89),
(1448, 'Dampara', 2360, 90),
(1449, 'Nikli Dampara UPO', 2360, 90),
(1450, 'Shaharmul', 2360, 90),
(1451, 'Shingpur Bazar', 2360, 90),
(1452, 'Astagram UPO', 2380, 91),
(1453, 'Bangalpara', 2380, 91),
(1454, 'Angiadi', 2326, 92),
(1455, 'Bahadia', 2326, 92),
(1456, 'Hosendi', 2326, 92),
(1457, 'Laxmia', 2326, 92),
(1458, 'Mathkhola', 2326, 92),
(1459, 'Pakundia UPO', 2326, 92),
(1460, 'Pangkachair', 2326, 92),
(1461, 'Purba Naranadi', 2326, 92),
(1462, 'Damia', 2316, 93),
(1463, 'Jaoar', 2316, 93),
(1464, 'Jhanail', 2316, 93),
(1465, 'Purbadari Jahangirpur', 2316, 93),
(1466, 'Purura', 2316, 93),
(1467, 'Sekandar Nagar', 2316, 93),
(1468, 'Tarail UPO', 2316, 93),
(1469, 'Anandapur Bazar', 2420, 94),
(1470, 'Kalsidpur', 2420, 94),
(1471, 'Krishnapur', 2420, 94),
(1472, 'Kumadgonj', 2420, 94),
(1473, 'Lengura', 2420, 94),
(1474, 'Mou', 2420, 94),
(1475, 'Nazirpur', 2420, 94),
(1476, 'Ranigha', 2420, 94),
(1477, 'Ransinghapur', 2420, 94),
(1478, 'Kalikapur', 2420, 94),
(1479, 'Jagirpara', 2420, 94),
(1480, 'Hat Gobindapur', 2420, 94),
(1481, 'Baluchara', 2420, 94),
(1482, 'Barua Kona', 2420, 94),
(1483, 'Birisiri', 2420, 94),
(1484, 'Chaita', 2420, 94),
(1485, 'Chandigar', 2420, 94),
(1486, 'Gazir kona', 2420, 94),
(1487, 'Ghoshgaon', 2420, 94),
(1488, 'Gobindapur', 2420, 94),
(1489, 'Susong Upazila PO', 2420, 94),
(1490, 'Atpara Upazila Post Office', 2470, 95),
(1491, 'Barabari Sunai', 2470, 95),
(1492, 'Deogaon', 2470, 95),
(1493, 'Paharpur', 2470, 95),
(1494, 'Barhatta Upazila Post Office', 2440, 96),
(1495, 'Chandapur', 2440, 96),
(1496, 'Chiram', 2440, 96),
(1497, 'Demura', 2440, 96),
(1498, 'Gaverkanda', 2440, 96),
(1499, 'Hazigonj Bazar', 2440, 96),
(1500, 'Jitam', 2440, 96),
(1501, 'Manas', 2440, 96),
(1502, 'Badshagonj', 2450, 97),
(1503, 'Deola', 2450, 97),
(1504, 'Dharampasha UPO', 2450, 97),
(1505, 'Golakpur', 2450, 97),
(1506, 'Jaysree', 2450, 97),
(1507, 'Paikurati', 2450, 97),
(1508, 'Razapur', 2450, 97),
(1509, 'Selimgonj Bazar', 2450, 97),
(1510, 'Sukhair', 2450, 97),
(1511, 'Dhobaura UPO', 2416, 98),
(1512, 'Sakuai EDSO', 2417, 98),
(1513, 'Barkapan', 2430, 99),
(1514, 'Bisherpasha', 2430, 99),
(1515, 'Gunar Parua', 2430, 99),
(1516, 'Kamlakanda UPO', 2430, 99),
(1517, 'Ramnathpur Madrasa', 2430, 99),
(1518, 'Boirati', 2480, 100),
(1519, 'Sajiura', 2480, 100),
(1520, 'Roail Bari', 2480, 100),
(1521, 'Rajtala', 2480, 100),
(1522, 'Noapara', 2480, 100),
(1523, 'Mozaffarpur', 2480, 100),
(1524, 'Keshjani', 2480, 100),
(1525, 'Kendua UPO', 2480, 100),
(1526, 'Kaitail', 2480, 100),
(1527, 'Gogbazar', 2480, 100),
(1528, 'Chirang Bazar', 2480, 100),
(1529, 'Sarapara', 2480, 100),
(1530, 'Adampur Goalbari', 2460, 101),
(1531, 'Jagannathpur', 2460, 101),
(1532, 'Khaliajuri UPO', 2460, 101),
(1533, 'Krishna Kallyanpur', 2460, 101),
(1534, 'Shaladigha EDSO', 2462, 101),
(1535, 'Balali', 2490, 102),
(1536, 'Fatepur', 2490, 102),
(1537, 'Jahangirpur', 2490, 102),
(1538, 'Kadamsree', 2490, 102),
(1539, 'Madan UPO', 2490, 102),
(1540, 'Sukhari', 2490, 102),
(1541, 'Teyashree', 2490, 102),
(1542, 'Vaghber', 2490, 102),
(1543, 'Abid Nagar', 2456, 103),
(1544, 'Bangshikunda', 2456, 103),
(1545, 'Kartikpur', 2456, 103),
(1546, 'Maddhya Nagar UPO', 2456, 103),
(1547, 'Saudpara', 2456, 103),
(1548, 'Atitpur', 2446, 104),
(1549, 'Tetulia', 2446, 104),
(1550, 'Sekhupur Palgaon', 2446, 104),
(1551, 'Samaj', 2446, 104),
(1552, 'Noorpur Boalia', 2446, 104),
(1553, 'Mokimpur', 2446, 104),
(1554, 'Mohangonj Upazila Post Office', 2446, 104),
(1555, 'Makhan', 2446, 104),
(1556, 'Madhukhali', 2446, 104),
(1557, 'Luneshware', 2446, 104),
(1558, 'Khurshimul', 2446, 104),
(1559, 'Khila', 2446, 104),
(1560, 'Khalua', 2446, 104),
(1561, 'Karchapur', 2446, 104),
(1562, 'Joypur', 2446, 104),
(1563, 'Joinpur', 2446, 104),
(1564, 'Gaglajur', 2446, 104),
(1565, 'Balli', 2446, 104),
(1566, 'Trimohani', 2446, 104),
(1567, 'Anantapur', 2400, 105),
(1568, 'K. Amtala', 2400, 105),
(1569, 'Kailati', 2400, 105),
(1570, 'Kumarpara', 2400, 105),
(1571, 'Laxmigonj', 2400, 105),
(1572, 'Madanpur', 2400, 105),
(1573, 'Naria Para', 2400, 105),
(1574, 'Netrakona Main Post Office', 2400, 105),
(1575, 'Rejvia Etimkhana', 2400, 105),
(1576, 'Roypur', 2400, 105),
(1577, 'Rupgonj Bazar', 2400, 105),
(1578, 'Sahata', 2400, 105),
(1579, 'Teligati', 2400, 105),
(1580, 'Telulia Mirpur', 2400, 105),
(1581, 'Fakirer Bazar', 2400, 105),
(1582, 'Deeara', 2400, 105),
(1583, 'Dashdhar', 2400, 105),
(1584, 'Ashuzia', 2400, 105),
(1585, 'Avoypasha', 2400, 105),
(1586, 'Bangla', 2400, 105),
(1587, 'Barawari', 2400, 105),
(1588, 'Betati', 2400, 105),
(1589, 'Bilkawshi', 2400, 105),
(1590, 'Burijhuri', 2400, 105),
(1591, 'Challisha Bazar', 2400, 105),
(1592, 'Charpatia', 2400, 105),
(1593, 'Chuchua', 2400, 105),
(1594, 'Dakshin Bishiura', 2400, 105),
(1595, 'Dalparmpur', 2400, 105),
(1596, 'Thakurakona', 2400, 105),
(1597, 'Bekhir Hati SO', 2401, 105),
(1598, 'Agia Bazar', 2410, 106),
(1599, 'Jatrabari', 2410, 106),
(1600, 'Khalishapur', 2410, 106),
(1601, 'Khapra', 2410, 106),
(1602, 'Mekhashimul', 2410, 106),
(1603, 'Narayan Dahar', 2410, 106),
(1604, 'Pattra', 2410, 106),
(1605, 'Purakandulia', 2410, 106),
(1606, 'Purbadhala UPO', 2410, 106),
(1607, 'Roydom Rouha', 2410, 106),
(1608, 'Sattyati Bazar', 2410, 106),
(1609, 'Teu Dokan', 2410, 106),
(1610, 'Hogla', 2410, 106),
(1611, 'Vadrakanda', 2410, 106),
(1612, 'Boula', 2410, 106),
(1613, 'Goatala', 2410, 106),
(1614, 'Biljora', 2410, 106),
(1615, 'Echuhulia Bazar', 2410, 106),
(1616, 'Dhakua', 2410, 106),
(1617, 'Bata Bazar', 2411, 106),
(1618, 'Sarishtala', 2411, 106),
(1619, 'Shyamgonj Sub Office', 2411, 106),
(1620, 'Sidhla', 2411, 106),
(1621, 'Alampur', 2411, 106),
(1622, 'Pailatia', 2411, 106),
(1623, 'Pabai', 2411, 106),
(1624, 'Gobindapur', 2411, 106),
(1625, 'Kutragaon', 2411, 106),
(1626, 'Naba Balijuri', 2411, 106),
(1627, 'Charia Bazar', 2411, 106),
(1628, 'Bishampur', 2412, 106),
(1629, 'Bakal Jora', 2412, 106),
(1630, 'Dhalamal Gaon', 2412, 106),
(1631, 'Kakair Gara', 2412, 106),
(1632, 'Jaria Jhanjail Sub Office', 2412, 106),
(1633, 'Kora', 2412, 106),
(1634, 'Bishwambarpur Upazila Po', 3010, 107),
(1635, 'Narshingpur', 3080, 108),
(1636, 'Chhatak Upazila PO', 3080, 108),
(1637, 'Dohalia Bazar', 3081, 108),
(1638, 'Chhatak Cement Factory SO', 3081, 108),
(1639, 'Chhatak Paper Mills LTD. SO', 3082, 108),
(1640, 'Peergonj Bazar', 3083, 108),
(1641, 'Parganar Bazar', 3083, 108),
(1642, 'Munsirgao', 3083, 108),
(1643, 'Binodpur Bazar', 3083, 108),
(1644, 'Rampur Bazar', 3083, 108),
(1645, 'Sathpur Alia Madrasa', 3083, 108),
(1646, 'Gobindagonj  SO', 3083, 108),
(1647, 'Dolar Bazar', 3083, 108),
(1648, 'Natun Bangla Bazar', 3083, 108),
(1649, 'Gobindagonj  Naya Bazar SO', 3084, 108),
(1650, 'Burairgaon', 3084, 108),
(1651, 'Khurma EDSO', 3085, 108),
(1652, 'Moinpur SO', 3086, 108),
(1653, 'Mira Bazar TSO', 3086, 108),
(1654, 'Madanmohan College TSO', 3086, 108),
(1655, 'Zahidpur EDSO', 3087, 108),
(1656, 'Islamabad EDSO', 3088, 108),
(1657, 'Balbazar', 3040, 109),
(1658, 'Brojendragonj', 3040, 109),
(1659, 'Chrnarchar', 3040, 109),
(1660, 'Dirai Chandpur Upazila PO', 3040, 109),
(1661, 'Harnagar', 3040, 109),
(1662, 'kaliar Kapan', 3040, 109),
(1663, 'Rafinagar', 3040, 109),
(1664, 'Taral', 3040, 109),
(1665, 'Jagdal EDSO', 3041, 109),
(1666, 'Asir Nagar', 3070, 110),
(1667, 'Banglabazar', 3070, 110);
INSERT INTO `sms_post_office` (`id`, `name`, `post_code`, `thana_id`) VALUES
(1668, 'Doara Bazar Upazila PO', 3070, 110),
(1669, 'Laxmipur', 3070, 110),
(1670, 'Mugiargaon Upazila PO', 3050, 111),
(1671, 'Aralia Bazar', 3060, 112),
(1672, 'Raoail', 3060, 112),
(1673, 'Ranigonj', 3060, 112),
(1674, 'Pailgao', 3060, 112),
(1675, 'Narikel Tala', 3060, 112),
(1676, 'Mohammadgonj Bazar', 3060, 112),
(1677, 'Tarapasha', 3060, 112),
(1678, 'Kubazpur', 3060, 112),
(1679, 'Jagannathpur Upazila PO', 3060, 112),
(1680, 'Haydarpur', 3060, 112),
(1681, 'Hatia', 3060, 112),
(1682, 'Baudharan', 3060, 112),
(1683, 'Gobinda Bazar', 3060, 112),
(1684, 'Chilaura', 3060, 112),
(1685, 'Shahar Par', 3061, 112),
(1686, 'Sayedpur SO', 3061, 112),
(1687, 'Mantali Bhog', 3061, 112),
(1688, 'Atuajan Bara Kapan SO', 3062, 112),
(1689, 'Hasan Fatemapur SO', 3063, 112),
(1690, 'Lamatuker Bazar', 3063, 112),
(1691, 'Rasulgonj Bazar SO', 3064, 112),
(1692, 'Lama Rasulgonj', 3064, 112),
(1693, 'Patli Minhazpur', 3064, 112),
(1694, 'Shreeramshree SO', 3065, 112),
(1695, 'Beheli', 3020, 113),
(1696, 'Fatehpur ', 3020, 113),
(1697, 'Sachna Upazila PO', 3020, 113),
(1698, 'VeemKhali', 3020, 113),
(1699, 'Ambari', 3000, 114),
(1700, 'Ujanigaon', 3000, 114),
(1701, 'Ratargaon', 3000, 114),
(1702, 'Pourarong', 3000, 114),
(1703, 'Nayakhali Bazar', 3000, 114),
(1704, 'Narayantala', 3000, 114),
(1705, 'Meruakhala', 3000, 114),
(1706, 'Mangalkata', 3000, 114),
(1707, 'Joynagar', 3000, 114),
(1708, 'Janigaon', 3000, 114),
(1709, 'Bitgonj Bazar', 3000, 114),
(1710, 'Chinarkandi Bazar', 3000, 114),
(1711, 'Birgaon', 3001, 114),
(1712, 'Sheoterpara', 3001, 114),
(1713, 'Tajgonj Bazar', 3001, 114),
(1714, 'Pagla SO', 3001, 114),
(1715, 'Badgaon', 3001, 114),
(1716, 'Damodar', 3001, 114),
(1717, 'Dungria', 3001, 114),
(1718, 'Durgapasha', 3001, 114),
(1719, 'Gachhia Bazar', 3002, 114),
(1720, 'Rajanigonj Bazar', 3002, 114),
(1721, 'Pathria SO', 3002, 114),
(1722, 'Noapara Doulatpur', 3002, 114),
(1723, 'Vatipara', 3002, 114),
(1724, 'Badaghat Bazar ', 3030, 115),
(1725, 'Shreepur', 3030, 115),
(1726, 'Tahirpur Upazila PO', 3030, 115),
(1727, 'Tekerghat', 3030, 115),
(1728, 'Balagonj Upazila PO', 3120, 116),
(1729, 'Taltoli', 3120, 116),
(1730, 'Mokam Bazar', 3120, 116),
(1731, 'Boaljur Bazar', 3120, 116),
(1732, 'Kurua SO', 3121, 116),
(1733, 'Khalpar', 3121, 116),
(1734, 'Latibpur', 3122, 116),
(1735, 'Brahman Shasan SO', 3122, 116),
(1736, 'Usmanpur', 3123, 116),
(1737, 'Tajpur SO', 3123, 116),
(1738, 'Dulali Madhabpur', 3123, 116),
(1739, 'Goala Bazar SO', 3124, 116),
(1740, 'Nijburunga', 3124, 116),
(1741, 'Muktarpur', 3124, 116),
(1742, 'Sunapur', 3124, 116),
(1743, 'Bara Hazipur', 3125, 116),
(1744, 'Begumpur SO', 3125, 116),
(1745, 'chatalpar', 3125, 116),
(1746, 'Golmukapan', 3125, 116),
(1747, 'Mollapara', 3126, 116),
(1748, 'Umarpur SO', 3126, 116),
(1749, 'Kathal Khair SO', 3127, 116),
(1750, 'Karimabad', 3127, 116),
(1751, 'Jahirpur', 3127, 116),
(1752, 'Tilak', 3127, 116),
(1753, 'Dattarai Bazar', 3127, 116),
(1754, 'Angura', 3170, 117),
(1755, 'Patan', 3170, 117),
(1756, 'Shaleshware', 3170, 117),
(1757, 'Gobindahree', 3170, 117),
(1758, 'Shreedhara', 3170, 117),
(1759, 'Teradal Bazar', 3170, 117),
(1760, 'Boiragi Bazar', 3170, 117),
(1761, 'Biani Bazar Upazila PO', 3170, 117),
(1762, 'Angura Mohammodpur', 3170, 117),
(1763, 'Nidonpur', 3170, 117),
(1764, 'Chandragram', 3171, 117),
(1765, 'Jaldup SO', 3171, 117),
(1766, 'Bahadurpur', 3171, 117),
(1767, 'Mathiura Bazar SO', 3172, 117),
(1768, 'Tilpara', 3172, 117),
(1769, 'Dasura Bazar', 3172, 117),
(1770, 'Kurar Bazar EDSO', 3173, 117),
(1771, 'Selia Bazar EDSO', 3174, 117),
(1772, 'Munshigonj Bazar', 3175, 117),
(1773, 'Churkhai CSO', 3175, 117),
(1774, 'Roykali', 3130, 118),
(1775, 'Razagonj Bazar', 3130, 118),
(1776, 'Rampasha', 3130, 118),
(1777, 'Ramdhana Bazar', 3130, 118),
(1778, 'Kaligonj Bazar', 3130, 118),
(1779, 'Hara Bazar', 3130, 118),
(1780, 'Alongkari', 3130, 118),
(1781, 'Ashugonj Bazar', 3130, 118),
(1782, 'Bishwanath Upazila PO', 3130, 118),
(1783, 'Dashghar SO', 3131, 118),
(1784, 'Mandaruka', 3131, 118),
(1785, 'Doulatpur SO', 3132, 118),
(1786, 'Naya Sarak EDSO', 3133, 118),
(1787, 'Primary Education TSO', 3133, 118),
(1788, 'Dargha Sharif TSO', 3133, 118),
(1789, 'Deokals SO', 3133, 118),
(1790, 'Singer Kach Bazar', 3134, 118),
(1791, 'Singer Katch SO', 3134, 118),
(1792, 'Aligonj Bazar', 3134, 118),
(1793, 'Lakeshware Bazar', 3134, 118),
(1794, 'Buraiya Bazar', 3134, 118),
(1795, 'Sylhet Medical College TSO', 3134, 118),
(1796, 'Dekapur', 3116, 119),
(1797, 'Dhanaram', 3116, 119),
(1798, 'Fenchugonj Upazila PO', 3116, 119),
(1799, 'Judhistirpur', 3116, 119),
(1800, 'Malikona', 3116, 119),
(1801, 'Satish', 3116, 119),
(1802, 'Endeshware', 3117, 119),
(1803, 'Fenchugonj Sar Karkhana SO', 3117, 119),
(1804, 'Naluar Mukh', 3117, 119),
(1805, 'Goainghat Upazila PO', 3150, 120),
(1806, 'Hadar Par', 3150, 120),
(1807, 'Zaflong SO', 3151, 120),
(1808, 'Chiknagol EDSO', 3152, 120),
(1809, 'Chouhatta TSO', 3152, 120),
(1810, 'Ania Bazar ', 3160, 121),
(1811, 'Ranakeli', 3160, 121),
(1812, 'Bagha', 3160, 121),
(1813, 'Golabgonj Upazila PO', 3160, 121),
(1814, 'Kadam Rasul', 3160, 121),
(1815, 'East Vadeshware', 3161, 121),
(1816, 'Meherpur', 3161, 121),
(1817, 'Mirgonj Bazar', 3161, 121),
(1818, 'Mollar Chhak', 3161, 121),
(1819, 'North Vadeshware', 3161, 121),
(1820, 'Dhaka Dakshin CSO', 3161, 121),
(1821, 'Barput Madrasa', 3161, 121),
(1822, 'Deputi Bazar', 3161, 121),
(1823, 'Budhbari Bazar', 3161, 121),
(1824, 'Asirgonj Bazar', 3161, 121),
(1825, 'Bahargram', 3161, 121),
(1826, 'Dakshin Vadeshware EDSO', 3162, 121),
(1827, 'Ranaping SO', 3163, 121),
(1828, 'Razagonj Union', 3163, 121),
(1829, 'Banigram SO', 3164, 121),
(1830, 'Dewlgram', 3164, 121),
(1831, 'Chandrapur SO', 3165, 121),
(1832, 'Jointapur Upazila PO', 3156, 123),
(1833, 'Tamabil', 3156, 123),
(1834, 'Atgram', 3190, 124),
(1835, 'Thana Bazar', 3190, 124),
(1836, 'Sonasar', 3190, 124),
(1837, 'Sherulbag', 3190, 124),
(1838, 'Sharifgonj Bazar ', 3190, 124),
(1839, 'Munsi Para', 3190, 124),
(1840, 'Khalachhara', 3190, 124),
(1841, 'Gongajal Hosenia Alia Madrasa', 3190, 124),
(1842, 'Brahman Gram', 3190, 124),
(1843, 'Birshree', 3190, 124),
(1844, 'Bara Thakuri', 3190, 124),
(1845, 'Balaut Madrasa', 3190, 124),
(1846, 'Zakigonj Upazila PO', 3190, 124),
(1847, 'Echhamati SO', 3191, 124),
(1848, 'Birdal', 3180, 125),
(1849, 'Suraighat', 3180, 125),
(1850, 'Rahimia Sinior Madrasa', 3180, 125),
(1851, 'Lovachhara', 3180, 125),
(1852, 'Lakharigram', 3180, 125),
(1853, 'Kanaighat Upazila PO', 3180, 125),
(1854, 'July', 3180, 125),
(1855, 'Dona Bazar', 3180, 125),
(1856, 'Chatul Bazar SO', 3181, 125),
(1857, 'Manikgonj Bazar', 3182, 125),
(1858, 'Umargonj Bazar', 3182, 125),
(1859, 'Gachhbari SO', 3183, 125),
(1860, 'Companigonj Upazila', 3140, 126),
(1861, 'Kulaura Night PO', 3140, 126),
(1862, 'Zafrabad', 3100, 127),
(1863, 'Lakhaura', 3100, 127),
(1864, 'Kumarpara', 3100, 127),
(1865, 'Kharavara', 3100, 127),
(1866, 'Khandakar Bazar', 3100, 127),
(1867, 'Shiber Bazar', 3100, 127),
(1868, 'Sonatala', 3100, 127),
(1869, 'Kaudia', 3100, 127),
(1870, 'Star T Estate', 3100, 127),
(1871, 'Kakura', 3100, 127),
(1872, 'Jauar Bazar', 3100, 127),
(1873, 'Shabag', 3100, 127),
(1874, 'Savur Teki', 3100, 127),
(1875, 'Ramdha Bazar', 3100, 127),
(1876, 'Sadimapur', 3100, 127),
(1877, 'Pashchim Bhag', 3100, 127),
(1878, 'Nurpur', 3100, 127),
(1879, 'Salutikar', 3100, 127),
(1880, 'Nazira Bazar', 3100, 127),
(1881, 'Mullargaon', 3100, 127),
(1882, 'Mohammadpur', 3100, 127),
(1883, 'Mazumdari', 3100, 127),
(1884, 'Saraker Bazar', 3100, 127),
(1885, 'Jatua ', 3100, 127),
(1886, 'Jalabad', 3100, 127),
(1887, 'Charmahalla Bazar', 3100, 127),
(1888, 'Akhalia', 3100, 127),
(1889, 'Dubhaj Bazar', 3100, 127),
(1890, 'Alinagar', 3100, 127),
(1891, 'Balinga Bazar', 3100, 127),
(1892, 'Baradesh Bazar', 3100, 127),
(1893, 'Charia', 3100, 127),
(1894, 'Baranagar', 3100, 127),
(1895, 'Betsandi Munsi Bazar', 3100, 127),
(1896, 'Fulbari', 3100, 127),
(1897, ' Tuker Bazar', 3100, 127),
(1898, ' Darbast', 3100, 127),
(1899, 'Islampur', 3100, 127),
(1900, 'Indistrial Estate', 3100, 127),
(1901, ' Dayameer', 3100, 127),
(1902, 'Hetimgonj', 3100, 127),
(1903, 'Haripur Bazar', 3100, 127),
(1904, ' Telibai', 3100, 127),
(1905, 'Ganipur', 3100, 127),
(1906, 'Barhal', 3100, 127),
(1907, 'Sylhet Night TSO', 3101, 127),
(1908, 'Renga Hazigonj bazar SO', 3101, 127),
(1909, 'Sylhet Foreign Post SO', 3101, 127),
(1910, 'Sylhet Cadate College TSO', 3101, 127),
(1911, 'Sylhet Court TSO', 3101, 127),
(1912, 'Sylhet Airport TSO', 3102, 127),
(1913, 'Govt. College TSO', 3103, 127),
(1914, 'Khadim Nagar SO', 3103, 127),
(1915, 'Khojar Khola EDSO', 3103, 127),
(1916, 'Jalabad Cant. SO', 3104, 127),
(1917, 'Silam SO', 3105, 127),
(1918, 'Bir Rahimpur SO', 3106, 127),
(1919, 'Jalalpur EDSO', 3107, 127),
(1920, 'Rakhalgonj', 3108, 127),
(1921, 'Chowdhury Bazar', 3108, 127),
(1922, 'Elahigonj Bazar', 3108, 127),
(1923, 'Renga Daudpur', 3108, 127),
(1924, 'Khalmukh Bazar', 3108, 127),
(1925, 'Laxmipasha', 3108, 127),
(1926, 'Magla Bazar SO', 3108, 127),
(1927, 'Nimadal', 3108, 127),
(1928, 'Kadamtali', 3111, 127),
(1929, 'Kamal Bazar SO', 3112, 127),
(1930, 'Kazir Bazar TSO', 3112, 127),
(1931, 'Lala Bazar TSO', 3113, 127),
(1932, 'Baralekha Upazila PO', 3250, 128),
(1933, 'Hakalaki Tahshil', 3250, 128),
(1934, 'Daser Bazar', 3250, 128),
(1935, 'Sujaul Madrasa', 3250, 128),
(1936, 'Barni', 3250, 128),
(1937, 'Butily', 3251, 128),
(1938, 'Shilua Bazar', 3251, 128),
(1939, 'Fultala', 3251, 128),
(1940, 'Juri SO', 3251, 128),
(1941, 'Sagar Nal', 3251, 128),
(1942, 'Nayabazar Madrasa', 3251, 128),
(1943, 'Sujanagar', 3252, 128),
(1944, 'Kathaltoli', 3252, 128),
(1945, 'Dakshinbhag CSO', 3252, 128),
(1946, 'Purba Shabajpur SO', 3253, 128),
(1947, 'East Maria', 3253, 128),
(1948, 'Doulatpur Bazar', 3253, 128),
(1949, 'Kamalgonj Upazila PO', 3220, 129),
(1950, 'Keramat Nagar Vanugachh CSO', 3221, 129),
(1951, 'Adampur', 3222, 129),
(1952, 'Adampur  Bazar', 3222, 129),
(1953, 'Patrakhola CSO', 3222, 129),
(1954, 'South Surma SO', 3223, 129),
(1955, 'Samseer Nagar', 3223, 129),
(1956, 'Potneshware', 3223, 129),
(1957, 'Manu', 3223, 129),
(1958, 'Hazipur', 3223, 129),
(1959, 'Bhuigaon', 3223, 129),
(1960, 'Telibil', 3223, 129),
(1961, 'Munshi Bazar CSO', 3224, 129),
(1962, 'Brindabanpur', 3224, 129),
(1963, 'Chhakapan', 3230, 130),
(1964, 'Rongirkul', 3230, 130),
(1965, 'Kulaura Upazila PO', 3230, 130),
(1966, 'Koula Chowdhuri Bazar', 3230, 130),
(1967, 'Vugshimoil', 3230, 130),
(1968, 'Kadipur', 3230, 130),
(1969, 'Hingazia', 3230, 130),
(1970, 'Gourishangkar', 3230, 130),
(1971, 'Tilagaon SO', 3231, 130),
(1972, 'Longla CSO', 3232, 130),
(1973, 'Sayedbari', 3233, 130),
(1974, 'Prithim Pasha CSO', 3233, 130),
(1975, 'Nartan', 3233, 130),
(1976, 'Koudia', 3233, 130),
(1977, 'Kazal Dhara CSO', 3234, 130),
(1978, 'Vujbal', 3200, 131),
(1979, 'Jargathsi', 3200, 131),
(1980, 'Kadam Hata', 3200, 131),
(1981, 'Kamalpur Bazar', 3200, 131),
(1982, 'Sadhuhati', 3200, 131),
(1983, 'Karim Nagar', 3200, 131),
(1984, 'Katagonj', 3200, 131),
(1985, 'Kazir Bazar', 3200, 131),
(1986, 'Lamua', 3200, 131),
(1987, 'Matar Kapan', 3200, 131),
(1988, 'Monsur Nagar', 3200, 131),
(1989, 'Moulavi Bazar Court', 3200, 131),
(1990, 'Paguria', 3200, 131),
(1991, 'Itsingkapan', 3200, 131),
(1992, 'Sampagi', 3200, 131),
(1993, 'Alha', 3200, 131),
(1994, 'Amtoli', 3200, 131),
(1995, 'Uluail', 3200, 131),
(1996, 'Baidyajati', 3200, 131),
(1997, 'Balisahasra', 3200, 131),
(1998, 'Sabandar', 3200, 131),
(1999, 'Baurbag', 3200, 131),
(2000, 'Sathal', 3200, 131),
(2001, 'Buddhimastapur', 3200, 131),
(2002, 'Dulu Upar', 3200, 131),
(2003, 'Dashkahania', 3200, 131),
(2004, 'Barakapan SO', 3201, 131),
(2005, 'Manumukh CSO', 3202, 131),
(2006, 'Moulavi Bazar Naisha PO', 3202, 131),
(2007, 'Sadrabad', 3203, 131),
(2008, 'Sunaettya Madhabpur', 3203, 131),
(2009, 'Kamargaon', 3203, 131),
(2010, 'Kalnirchar', 3203, 131),
(2011, 'Gurarai', 3203, 131),
(2012, 'Bazar Saiyadpur', 3203, 131),
(2013, 'Barapechi Bazar', 3203, 131),
(2014, 'Aorangpur', 3203, 131),
(2015, 'Afrozgonj SO', 3203, 131),
(2016, 'Banigram', 3240, 132),
(2017, 'Kamarchak', 3240, 132),
(2018, 'Margaon', 3240, 132),
(2019, 'Panchgaon', 3240, 132),
(2020, 'Raznagar Upazila PO', 3240, 132),
(2021, 'Tarapasha', 3240, 132),
(2022, 'Tengra Bazar', 3240, 132),
(2023, 'Gias Nagar ', 3210, 133),
(2024, 'Hamid Nagar Madrasa', 3210, 133),
(2025, 'Jagchhara', 3210, 133),
(2026, 'Janaura', 3210, 133),
(2027, 'Shreemangal Upazila PO', 3210, 133),
(2028, 'Shreemangal   Naisha SO', 3210, 133),
(2029, 'Narain Chhara CSO', 3211, 133),
(2030, 'Mohammadpur', 3211, 133),
(2031, 'Kalighat CSO', 3212, 133),
(2032, 'Khejurichhara CSO', 3213, 133),
(2033, 'Samsergonj ', 3214, 133),
(2034, 'Samsergonj Bazar', 3214, 133),
(2035, 'Satgaon CSO', 3214, 133),
(2036, 'Kanabala', 3214, 133),
(2037, 'Siska', 3214, 133),
(2038, 'Vunbir', 3214, 133),
(2039, 'Azmirigonj Upazila PO', 3360, 134),
(2040, 'Bikhangal', 3360, 134),
(2041, 'Kakail Seo', 3360, 134),
(2042, 'Paharpur Bazar', 3360, 134),
(2043, 'Salla', 3360, 134),
(2044, 'Shibpasha', 3360, 134),
(2045, 'Shreehail', 3360, 134),
(2046, 'Bahubal Upazila PO', 3310, 135),
(2047, 'Deopara', 3310, 135),
(2048, 'Doulatnagar', 3310, 135),
(2049, 'Dubai Bazar', 3310, 135),
(2050, 'Logao', 3310, 135),
(2051, 'Putijuri', 3310, 135),
(2052, 'Roygonj Bazar', 3310, 135),
(2053, 'Sadarghat', 3310, 135),
(2054, 'Baniachang Upazila PO', 3350, 136),
(2055, 'Kagapasha', 3350, 136),
(2056, 'Muadpur', 3350, 136),
(2057, 'Natun Bazar', 3350, 136),
(2058, 'Jatrapasha SO', 3351, 136),
(2059, 'Kandirgonj SO', 3352, 136),
(2060, 'Chunarughat Upazila PO', 3320, 137),
(2061, 'Majhishail', 3320, 137),
(2062, 'Chandpur Bagan CSO', 3321, 137),
(2063, 'Narapati EDSO', 3322, 137),
(2064, 'Adampur', 3300, 138),
(2065, 'Kaliar Danga', 3300, 138),
(2066, 'Karab', 3300, 138),
(2067, 'Khagaura', 3300, 138),
(2068, 'Madna', 3300, 138),
(2069, 'Mandarkandi', 3300, 138),
(2070, 'Uttar Sangar', 3300, 138),
(2071, 'Muriauk', 3300, 138),
(2072, 'pail', 3300, 138),
(2073, 'Pukra', 3300, 138),
(2074, 'Richi', 3300, 138),
(2075, 'Ratanpur', 3300, 138),
(2076, 'Jalsukha', 3300, 138),
(2077, 'Sikandarpur', 3300, 138),
(2078, 'Ratishal', 3300, 138),
(2079, 'Bekiteka', 3300, 138),
(2080, 'Bahula', 3300, 138),
(2081, 'Tegria', 3300, 138),
(2082, 'Sunaru', 3300, 138),
(2083, 'Aushpara', 3300, 138),
(2084, 'Hiala', 3300, 138),
(2085, 'Sujatpur', 3300, 138),
(2086, 'Hobigonj Kalibari', 3300, 138),
(2087, 'Ekran', 3300, 138),
(2088, 'Sakir Mohammad', 3301, 138),
(2089, 'Satiajuri', 3301, 138),
(2090, 'Semimnagar', 3301, 138),
(2091, 'Tungechware', 3301, 138),
(2092, 'Sharifabad', 3301, 138),
(2093, 'Shayestagonj SO', 3301, 138),
(2094, 'Shyestagonj', 3301, 138),
(2095, 'Sughar', 3301, 138),
(2096, 'Razar Bazar', 3301, 138),
(2097, 'Rashidpur', 3301, 138),
(2098, 'Gazipur', 3301, 138),
(2099, 'Gochapara', 3301, 138),
(2100, 'Hobigonj Court Town SO', 3301, 138),
(2101, 'Hobigonj Naisha SO', 3301, 138),
(2102, 'Hobigonj Naisha SO', 3301, 138),
(2103, 'Laskarpur', 3301, 138),
(2104, 'Mirashi', 3301, 138),
(2105, 'Mirpur Bazar', 3301, 138),
(2106, 'Muchikandi', 3301, 138),
(2107, 'Nandanpur', 3301, 138),
(2108, 'Ramshree', 3301, 138),
(2109, 'Fakirabad', 3301, 138),
(2110, 'Gopaya EDSO', 3302, 138),
(2111, 'Barmoi', 3340, 139),
(2112, 'Manpur', 3340, 139),
(2113, 'Kalauk Upazila PO', 3340, 139),
(2114, 'Doulatpur', 3341, 139),
(2115, 'Ramchandrapur SO', 3341, 139),
(2116, 'Patallakandi', 3341, 139),
(2117, 'Pashchim Chapitala', 3341, 139),
(2118, 'Burburia', 3341, 139),
(2119, 'Lakhai CSO', 3341, 139),
(2120, 'Chander Char', 3341, 139),
(2121, 'Ganiar Char', 3341, 139),
(2122, 'Fardabad', 3341, 139),
(2123, 'Ramkrishnapur', 3341, 139),
(2124, 'Madhabpur Upazila PO', 3330, 140),
(2125, 'Etakhola CSO', 3331, 140),
(2126, 'Gobindapur', 3331, 140),
(2127, 'Harrashpur', 3331, 140),
(2128, 'Adaoer', 3331, 140),
(2129, 'Mantala', 3331, 140),
(2130, 'Moujpur', 3331, 140),
(2131, 'Nayapara', 3331, 140),
(2132, 'Satian', 3331, 140),
(2133, 'Dharmaghar', 3331, 140),
(2134, 'Chowmuhani', 3331, 140),
(2135, 'Ahammadpur', 3331, 140),
(2136, 'Anindaura', 3331, 140),
(2137, 'Auliabad', 3331, 140),
(2138, 'Bahara', 3331, 140),
(2139, 'Bejura', 3331, 140),
(2140, 'Bulla', 3331, 140),
(2141, 'Teliapara', 3331, 140),
(2142, 'Baghasura', 3332, 140),
(2143, 'Brahmandura', 3332, 140),
(2144, 'Shahajir Bazar SO', 3332, 140),
(2145, 'Surabai', 3332, 140),
(2146, 'Aushkandi Hiragonj', 3370, 141),
(2147, 'Raiyapur', 3370, 141),
(2148, 'Nabigonj Upozila PO', 3370, 141),
(2149, 'Haridharpur', 3370, 141),
(2150, 'Sayedgonj Bazar', 3370, 141),
(2151, 'Gopalar Bazar EDSO', 3371, 141),
(2152, 'Gulduba EDSO', 3372, 141),
(2153, 'Dighalbag SO', 3373, 141),
(2154, 'Bagaura', 3374, 141),
(2155, 'Balla Jagannathpur', 3374, 141),
(2156, 'Lipegonj Bazar', 3374, 141),
(2157, 'Kazigonj Bazar', 3374, 141),
(2158, 'Katia', 3374, 141),
(2159, 'Burhanpur', 3374, 141),
(2160, 'Gopalgonj', 3374, 141),
(2161, 'Enamgonj SO', 3374, 141),
(2162, 'Akhaura Bazar', 3450, 142),
(2163, 'Khar Mandal', 3450, 142),
(2164, 'Kharampur Kalla Sharif', 3450, 142),
(2165, 'kodda', 3450, 142),
(2166, 'Merasani', 3450, 142),
(2167, 'Mukundapur', 3450, 142),
(2168, 'Pak Hareshpur', 3450, 142),
(2169, 'Satgaon', 3450, 142),
(2170, 'Shadebpur', 3450, 142),
(2171, 'Shreepur', 3450, 142),
(2172, 'Singar Bill', 3450, 142),
(2173, 'Hirapur', 3450, 142),
(2174, 'Vatshala', 3450, 142),
(2175, 'Basudebpur', 3450, 142),
(2176, 'Bishnupur', 3450, 142),
(2177, 'Akhaura Upazila Post Office', 3450, 142),
(2178, 'Daudpur Ichhapur', 3450, 142),
(2179, 'Akhaura Check Post', 3450, 142),
(2180, 'Ghatiara', 3450, 142),
(2181, 'Azimpur EDSO', 3451, 142),
(2182, 'Soiyadabad', 3452, 142),
(2183, 'Satura Sharif', 3452, 142),
(2184, 'Badir', 3452, 142),
(2185, 'Ruti', 3452, 142),
(2186, 'Cornel Bazar', 3452, 142),
(2187, 'Gangasagar SO', 3452, 142),
(2188, 'Karmamath', 3452, 142),
(2189, 'Gulkhar', 3452, 142),
(2190, 'Bancharampur Upazila PO', 3420, 143),
(2191, 'Daria Doulat', 3420, 143),
(2192, 'Mirpur Bazar', 3420, 143),
(2193, 'Salimabad', 3420, 143),
(2194, 'Sonarampur', 3420, 143),
(2195, 'Tal Shahar EDSO', 3401, 144),
(2196, 'Arai Sidha', 3402, 144),
(2197, 'Ashugonj SO', 3402, 144),
(2198, 'Bahadurpur', 3402, 144),
(2199, 'Bertola Bazar', 3402, 144),
(2200, 'Birgaon', 3402, 144),
(2201, 'lalpur', 3402, 144),
(2202, 'Sharifpur', 3402, 144),
(2203, 'Patan EDSO', 3404, 144),
(2204, 'Taltola', 3460, 145),
(2205, 'Kheora', 3460, 145),
(2206, 'Kosba Upazila PO', 3460, 145),
(2207, 'Mehari', 3460, 145),
(2208, 'Mir Sahapur', 3460, 145),
(2209, 'Paniarup', 3460, 145),
(2210, 'Shimrail', 3460, 145),
(2211, 'Siddirgonj', 3460, 145),
(2212, 'Sikarpur', 3460, 145),
(2213, 'Kharera', 3460, 145),
(2214, 'Jamsherpur', 3460, 145),
(2215, 'Ganger Court', 3460, 145),
(2216, 'Delir Bazar', 3460, 145),
(2217, 'Kandughar', 3461, 145),
(2218, 'Pundughar', 3461, 145),
(2219, 'Pak Deura', 3461, 145),
(2220, 'Baizkhar', 3461, 145),
(2221, 'Madhabpur', 3461, 145),
(2222, 'Kuti CSO', 3461, 145),
(2223, 'Korbanpur', 3461, 145),
(2224, 'Bishnuuri', 3462, 145),
(2225, 'Chandidyar SO', 3462, 145),
(2226, 'Barai', 3462, 145),
(2227, 'Baur Khanda', 3463, 145),
(2228, 'Raitola', 3463, 145),
(2229, 'Chargach SO', 3463, 145),
(2230, 'Mulgram', 3463, 145),
(2231, 'Gopinathpur SO', 3464, 145),
(2232, 'Binauthi', 3464, 145),
(2233, 'Nemtabad', 3464, 145),
(2234, 'Moniandha', 3464, 145),
(2235, 'Nabinagar Upazila PO', 3410, 146),
(2236, 'Pak Bangara', 3410, 146),
(2237, 'Kanikara', 3410, 146),
(2238, 'Pak Hazipur', 3410, 146),
(2239, 'Jindpur', 3410, 146),
(2240, 'Ibrahimpur', 3410, 146),
(2241, 'Gopalpur', 3410, 146),
(2242, 'Bholachang', 3410, 146),
(2243, 'Shreerampur', 3410, 146),
(2244, 'Laur Fatepur EDSO', 3411, 146),
(2245, 'Rasullabad EDSO', 3412, 146),
(2246, 'Nasirabad', 3413, 146),
(2247, 'Shyamgram SO', 3413, 146),
(2248, 'Phariakandi Bazar', 3413, 146),
(2249, 'Salimgonj', 3413, 146),
(2250, 'Rupsaddi', 3413, 146),
(2251, 'Barikandi', 3413, 146),
(2252, 'Tejkhali', 3413, 146),
(2253, 'Choufallakandi', 3413, 146),
(2254, 'Dakshin Shabajpur', 3413, 146),
(2255, 'Darikandi', 3413, 146),
(2256, 'Kalgara Bazar', 3413, 146),
(2257, 'Marichakandi', 3413, 146),
(2258, 'Ratanpur EDSO', 3414, 146),
(2259, 'Mulla', 3415, 146),
(2260, 'Chandnail', 3415, 146),
(2261, 'Shahapur SO', 3415, 146),
(2262, 'Shahagoda', 3415, 146),
(2263, 'Satmura', 3415, 146),
(2264, 'Bitghar', 3417, 146),
(2265, 'Kaitala SO', 3417, 146),
(2266, 'Ashurail', 3440, 147),
(2267, 'Nasirnagar Upazila PO', 3440, 147),
(2268, 'Purbabag Bazar', 3440, 147),
(2269, 'Burirshawar', 3441, 147),
(2270, 'Chapartala', 3441, 147),
(2271, 'Fandauk CSO', 3441, 147),
(2272, 'Aruail ', 3430, 148),
(2273, 'Sarail Upazila PO', 3430, 148),
(2274, 'Sarail Noagaon', 3430, 148),
(2275, 'Kunda', 3430, 148),
(2276, 'Kalikachchha', 3430, 148),
(2277, 'Jethagram', 3430, 148),
(2278, 'Shakhati', 3430, 148),
(2279, 'Gokan', 3430, 148),
(2280, 'Chunta', 3430, 148),
(2281, 'Chatalpar', 3430, 148),
(2282, 'Bhola Court', 3430, 148),
(2283, 'Majlishpur', 3431, 148),
(2284, 'Shahabazpur SO', 3431, 148),
(2285, 'Pashchimpara ', 3431, 148),
(2286, 'Birpasha', 3432, 148),
(2287, 'East Islampur', 3432, 148),
(2288, 'Buban Madrasa', 3432, 148),
(2289, 'Chandura SO', 3432, 148),
(2290, 'Guniyak', 3432, 148),
(2291, 'Harinber', 3432, 148),
(2292, 'Adda Bazar', 3560, 149),
(2293, 'Sonaimuri Bazar', 3560, 149),
(2294, 'Shashaiya Bazar', 3560, 149),
(2295, 'Shakpur', 3560, 149),
(2296, 'Sarabati Market', 3560, 149),
(2297, 'Perpesti', 3560, 149),
(2298, 'Kadba Deora', 3560, 149),
(2299, 'Jayag', 3560, 149),
(2300, 'Jalam', 3560, 149),
(2301, 'Bataichari', 3560, 149),
(2302, 'Deoatali', 3560, 149),
(2303, 'Danishware', 3560, 149),
(2304, 'Barura Upazila Post Office', 3560, 149),
(2305, 'Adra', 3561, 149),
(2306, 'Babul Chowdhury Bari', 3561, 149),
(2307, 'Ekbaria', 3561, 149),
(2308, 'Poyalgachha SO', 3561, 149),
(2309, 'Sudra', 3561, 149),
(2310, 'Mudaffargonj SO', 3562, 149),
(2311, 'Bangura', 3526, 150),
(2312, 'Bardumiya', 3526, 150),
(2313, 'Bejora', 3526, 150),
(2314, 'Brahman Para Upazila Post Offi', 3526, 150),
(2315, 'Burichong Upazila Post Office', 3520, 151),
(2316, 'Jiruin', 3520, 151),
(2317, 'Kharatoiya Gazipur', 3520, 151),
(2318, 'Madrasa Jagatpur', 3520, 151),
(2319, 'Nanuan Bazar', 3520, 151),
(2320, 'Peer Jatrapur', 3520, 151),
(2321, 'Purnamati ', 3520, 151),
(2322, 'Sahebabad', 3520, 151),
(2323, 'Maynamati SO', 3521, 151),
(2324, 'Abidpur', 3510, 152),
(2325, 'Korchap', 3510, 152),
(2326, 'Maheshpur', 3510, 152),
(2327, 'Mahichail', 3510, 152),
(2328, 'Mohanpur Bazar', 3510, 152),
(2329, 'Nur Manikchar', 3510, 152),
(2330, 'Purba Shahapur', 3510, 152),
(2331, 'Rammohan Bazar', 3510, 152),
(2332, 'Satbaria Munsibari', 3510, 152),
(2333, 'Soygharia', 3510, 152),
(2334, 'Kongsai', 3510, 152),
(2335, 'Khoshbas', 3510, 152),
(2336, 'Kaduti Bazar', 3510, 152),
(2337, 'Ambarpur', 3510, 152),
(2338, 'Baichhara', 3510, 152),
(2339, 'Bara Haripur', 3510, 152),
(2340, 'Barera', 3510, 152),
(2341, 'Chandina Upazila Post Office', 3510, 152),
(2342, 'Chhotna', 3510, 152),
(2343, 'Chilor Bazar', 3510, 152),
(2344, 'Dollai Nawabpur', 3510, 152),
(2345, 'Galai', 3510, 152),
(2346, 'Vomarkandi', 3510, 152),
(2347, 'Madhaia Bazar SO', 3511, 152),
(2348, 'Banggodda Bazar', 3550, 153),
(2349, 'Khiron Shal', 3550, 153),
(2350, 'Golpasha', 3550, 153),
(2351, 'Choumuhani Bazar', 3550, 153),
(2352, 'Chouddagram Upazila PO', 3550, 153),
(2353, 'Meshtala Bazar', 3550, 153),
(2354, 'Malapara', 3551, 153),
(2355, 'Languchou', 3551, 153),
(2356, 'Shahi Ramchandrapur', 3551, 153),
(2357, 'Khalilpur', 3551, 153),
(2358, 'Kangsha Nagar', 3551, 153),
(2359, 'Madrasa Sultanpur', 3551, 153),
(2360, 'Ganga Mandal SO', 3551, 153),
(2361, 'Batisa EDSO', 3551, 153),
(2362, 'Dulalpur', 3551, 153),
(2363, 'Egara Gram', 3551, 153),
(2364, 'Elahabad', 3551, 153),
(2365, 'Fatehabad', 3551, 153),
(2366, 'Fultali', 3551, 153),
(2367, 'Subil', 3551, 153),
(2368, 'Dharkara', 3552, 153),
(2369, 'Cheura SO', 3552, 153),
(2370, 'Ziapur', 3500, 154),
(2371, 'Rampur', 3500, 154),
(2372, 'Rammala', 3500, 154),
(2373, 'Pipulia Bazar', 3500, 154),
(2374, 'Payat', 3500, 154),
(2375, 'Patashta', 3500, 154),
(2376, 'Nuton Bazar', 3500, 154),
(2377, 'Nimsar', 3500, 154),
(2378, 'Nalmar Bazar', 3500, 154),
(2379, 'Nagaish', 3500, 154),
(2380, 'Moinpur Bazar', 3500, 154),
(2381, 'Mia Bazar', 3500, 154),
(2382, 'Mandabag', 3500, 154),
(2383, 'Lalmai Bazar', 3500, 154),
(2384, 'Lalbag', 3500, 154),
(2385, 'Lagnasar Bazar', 3500, 154),
(2386, 'Keshanpar', 3500, 154),
(2387, 'Kemtali', 3500, 154),
(2388, 'Razapara', 3500, 154),
(2389, 'Roshnabad', 3500, 154),
(2390, 'Zamukhura', 3500, 154),
(2391, 'Wapda Building', 3500, 154),
(2392, 'Varella', 3500, 154),
(2393, 'Uttar Gazipur', 3500, 154),
(2394, 'Syampur', 3500, 154),
(2395, 'Sreepurbari', 3500, 154),
(2396, 'Silmuri', 3500, 154),
(2397, 'Sidlai', 3500, 154),
(2398, 'Shankachail Bazar', 3500, 154),
(2399, 'Shait Shala', 3500, 154),
(2400, 'Shahpur Dorga Sharif', 3500, 154),
(2401, 'Seempur', 3500, 154),
(2402, 'Sashidal', 3500, 154),
(2403, 'Salda Nadi', 3500, 154),
(2404, 'Safura Madrasa', 3500, 154),
(2405, 'Sadar Rasulpur', 3500, 154),
(2406, 'Sadar Isapur', 3500, 154),
(2407, 'Kashinagar', 3500, 154),
(2408, 'Ahmed Nagar', 3500, 154),
(2409, 'Chalk Laxmipur', 3500, 154),
(2410, 'Bijra Bazar', 3500, 154),
(2411, 'Bijoypur', 3500, 154),
(2412, 'Bibir Bazar', 3500, 154),
(2413, 'Bhubanghar', 3500, 154),
(2414, 'Bazar Jagatpur', 3500, 154),
(2415, 'Bauksar Bazar', 3500, 154),
(2416, 'Banasua', 3500, 154),
(2417, 'Bamisha', 3500, 154),
(2418, 'Bamil', 3500, 154),
(2419, 'Balurchar', 3500, 154),
(2420, 'Balikhara', 3500, 154),
(2421, 'Baksimul', 3500, 154),
(2422, 'Bagichhagaon', 3500, 154),
(2423, 'Anandpur', 3500, 154),
(2424, 'Amratali', 3500, 154),
(2425, 'Amjad Nagar', 3500, 154),
(2426, 'Chandla', 3500, 154),
(2427, 'Chapapur', 3500, 154),
(2428, 'Charanal', 3500, 154),
(2429, 'Kalikapur', 3500, 154),
(2430, 'Kadir Bazar', 3500, 154),
(2431, 'Kabila Bazar', 3500, 154),
(2432, 'Harimangal', 3500, 154),
(2433, 'Palimpur', 3500, 154),
(2434, 'Fakir Bazar', 3500, 154),
(2435, 'Durgapur', 3500, 154),
(2436, 'Eklashpur', 3500, 154),
(2437, 'Bazar Choara', 3500, 154),
(2438, 'Dhanpur', 3500, 154),
(2439, 'Choumuhani Bazar', 3500, 154),
(2440, 'Comilla Main Post Office', 3500, 154),
(2441, 'Kalirhat', 3501, 154),
(2442, 'Kalakachua', 3501, 154),
(2443, 'Walipur', 3501, 154),
(2444, 'Comilla Cantonment CSO', 3501, 154),
(2445, 'Sharath Nagar', 3501, 154),
(2446, 'Rajendrapur', 3501, 154),
(2447, 'Halima Nagar TSO', 3502, 154),
(2448, 'Court Bari TSO', 3503, 154),
(2449, 'Elahipur', 3503, 154),
(2450, 'Shalban Bihar', 3503, 154),
(2451, 'Soyagonj EDSO', 3504, 154),
(2452, 'Sree Royer Char', 3516, 155),
(2453, 'Hasanpur College', 3516, 155),
(2454, 'Hasan Bari', 3516, 155),
(2455, 'Goubindapur', 3516, 155),
(2456, 'Goalmari', 3516, 155),
(2457, 'Mirza Nagar', 3516, 155),
(2458, 'Mollakandi', 3516, 155),
(2459, 'Dhangoda Bazar', 3516, 155),
(2460, 'Daudkandi Upazila Post Office', 3516, 155),
(2461, 'Shib Nagar', 3516, 155),
(2462, 'Jurainpur', 3516, 155),
(2463, 'Chandanpur', 3516, 155),
(2464, 'Pach Gachhia', 3516, 155),
(2465, 'Uttar Padua', 3516, 155),
(2466, 'Pitambardi', 3517, 155),
(2467, 'Majidpur', 3517, 155),
(2468, 'Rafardia', 3517, 155),
(2469, 'Katara Para', 3517, 155),
(2470, 'Karikandi', 3517, 155),
(2471, 'Noiair', 3517, 155),
(2472, 'Kawadi', 3517, 155),
(2473, 'Chinamura', 3517, 155),
(2474, 'Chammak Nagar', 3517, 155),
(2475, 'Chargoali', 3517, 155),
(2476, 'Gouipur SO', 3517, 155),
(2477, 'Barakouta School', 3517, 155),
(2478, 'Masimpur', 3517, 155),
(2479, 'Amirabad', 3517, 155),
(2480, 'Jagathpur', 3517, 155),
(2481, 'Batakandi', 3517, 155),
(2482, 'Pach Pukuria', 3519, 155),
(2483, 'Kalasona', 3519, 155),
(2484, 'Saillakandi', 3519, 155),
(2485, 'Shaharpar', 3519, 155),
(2486, 'Kadamtali', 3519, 155),
(2487, 'Neyamatkandi', 3519, 155),
(2488, 'Islamabad', 3519, 155),
(2489, 'Gramrai Pur', 3519, 155),
(2490, 'Hatkhola', 3519, 155),
(2491, 'Gantra', 3519, 155),
(2492, 'Mohammadpur', 3519, 155),
(2493, 'Eliotgonj CSO', 3519, 155),
(2494, 'Nagarpar', 3519, 155),
(2495, 'Narandia', 3519, 155),
(2496, 'Roy Nagar', 3519, 155),
(2497, 'Balibari Dayra Sharif', 3530, 156),
(2498, 'Vallabpur', 3530, 156),
(2499, 'Unjuti', 3530, 156),
(2500, 'Masikara', 3530, 156),
(2501, 'Gunaighar', 3530, 156),
(2502, 'Wahidpur', 3530, 156),
(2503, 'Banguri', 3530, 156),
(2504, 'Debidar Upazila Post Office', 3530, 156),
(2505, 'Char Bakar', 3530, 156),
(2506, 'Languchou', 3531, 156),
(2507, 'Madrasa Sultanpur', 3531, 156),
(2508, 'Malapara', 3531, 156),
(2509, 'Shai Ramchandrapur', 3531, 156),
(2510, 'Subil', 3531, 156),
(2511, 'Khalilpur', 3531, 156),
(2512, 'Kangshanagar', 3531, 156),
(2513, 'Dulalpur', 3531, 156),
(2514, 'Egargram', 3531, 156),
(2515, 'Elahabad', 3531, 156),
(2516, 'Fatehabad', 3531, 156),
(2517, 'Fultali', 3531, 156),
(2518, 'Gangamandal SO', 3531, 156),
(2519, 'Bara Shalghar EDSO', 3532, 156),
(2520, 'Maricha', 3533, 156),
(2521, 'Maddhya Nagar', 3533, 156),
(2522, 'Duaria Bazar', 3533, 156),
(2523, 'Dhamati Madrasa SO', 3533, 156),
(2524, 'Bijoy Nagar', 3546, 157),
(2525, 'Dhariar Char Bazar', 3546, 157),
(2526, 'Dulalpur Bazar', 3546, 157),
(2527, 'Homna Upazila SO', 3546, 157),
(2528, 'Matha Bhanga', 3546, 157),
(2529, 'Uzanchar Bazar', 3546, 157),
(2530, 'Ajgara Bazar', 3570, 158),
(2531, 'Jukti Khola', 3570, 158),
(2532, 'Laksam Upazila Post Office', 3570, 158),
(2533, 'Mella Bazar', 3570, 158),
(2534, 'Nather Petua', 3570, 158),
(2535, 'Panch Thubi   ', 3570, 158),
(2536, 'Pashchim Gaon', 3570, 158),
(2537, 'Pujkara', 3570, 158),
(2538, 'Ram Ballabpur', 3570, 158),
(2539, 'Razapur', 3570, 158),
(2540, 'Roy Gobindapur', 3570, 158),
(2541, 'Sandail', 3570, 158),
(2542, 'Saraspur', 3570, 158),
(2543, 'Satghar Esapara', 3570, 158),
(2544, 'Sesapara', 3570, 158),
(2545, 'Shreeyang', 3570, 158),
(2546, 'Tulatoli Belghar', 3570, 158),
(2547, 'Uttarda', 3570, 158),
(2548, 'Iqbal Nagar', 3570, 158),
(2549, 'Hesakhal Bazar', 3570, 158),
(2550, 'Hazipur', 3570, 158),
(2551, 'Alishwar', 3570, 158),
(2552, 'Aushpara', 3570, 158),
(2553, 'Bagmara', 3570, 158),
(2554, 'Belgar Gosai Bazar', 3570, 158),
(2555, 'Bernaiya', 3570, 158),
(2556, 'Bhogai Bazar', 3570, 158),
(2557, 'Bhor Jogathpur', 3570, 158),
(2558, 'Chandgaon', 3570, 158),
(2559, 'Chhota Sharifpur', 3570, 158),
(2560, 'Dakshin Chandpur', 3570, 158),
(2561, 'Hajatkhola', 3570, 158),
(2562, 'Goir Vanga', 3570, 158),
(2563, 'Ghora Moyda', 3570, 158),
(2564, 'Gazipura', 3570, 158),
(2565, 'Duria Bishnapur', 3570, 158),
(2566, 'Dosa Baria', 3570, 158),
(2567, 'Uttarda Howla', 3570, 158),
(2568, 'Laxmanpur EDSO', 3571, 158),
(2569, 'Bipuleshwar EDSO', 3572, 158),
(2570, 'Makrabpur', 3580, 159),
(2571, 'Mantali Bazar', 3580, 159),
(2572, 'Mohini Bazar', 3580, 159),
(2573, 'Hesakhal Dayem Sati', 3580, 159),
(2574, 'Moyura', 3580, 159),
(2575, 'Nangal Court Upazila PO', 3580, 159),
(2576, 'Peria', 3580, 159),
(2577, 'Belta', 3580, 159),
(2578, 'Toagram', 3580, 159),
(2579, 'Bara Shangirshur', 3580, 159),
(2580, 'Ashar Kouta', 3580, 159),
(2581, 'Sondail', 3582, 159),
(2582, 'Volain Bazar', 3582, 159),
(2583, 'Jadda Bazar', 3582, 159),
(2584, 'Ghora Moydan', 3582, 159),
(2585, 'Dakshin Rajapara SO', 3582, 159),
(2586, 'Kanka Pait', 3583, 159),
(2587, 'Baradain', 3583, 159),
(2588, 'Sukchail', 3583, 159),
(2589, 'Bijoy Kara', 3583, 159),
(2590, 'Satbaria', 3583, 159),
(2591, 'Sangior', 3583, 159),
(2592, 'Padua', 3583, 159),
(2593, 'Gunbati CSO', 3583, 159),
(2594, 'Hoch Samia', 3583, 159),
(2595, 'Merkoota', 3583, 159),
(2596, 'Manora', 3583, 159),
(2597, 'Jagnath Dighi', 3583, 159),
(2598, 'Alkara', 3583, 159),
(2599, 'Panch Kitta Bazar', 3540, 160),
(2600, 'Kasimpur', 3540, 160),
(2601, 'Ghorashal Madrasa', 3540, 160),
(2602, 'Krishnapur', 3540, 160),
(2603, 'Monipur', 3540, 160),
(2604, 'Darora', 3540, 160),
(2605, 'Sahapur', 3540, 160),
(2606, 'Sureshwardi', 3540, 160),
(2607, 'Brindarampur', 3540, 160),
(2608, 'Bashkait', 3540, 160),
(2609, 'Sushanda', 3540, 160),
(2610, 'Murad Nagar Upazila Post Offic', 3540, 160),
(2611, 'Kamalla', 3540, 160),
(2612, 'Peer Maheshpur', 3542, 160),
(2613, 'Projapati', 3542, 160),
(2614, 'Rasulpur', 3542, 160),
(2615, 'Tanki', 3542, 160),
(2616, 'Baira', 3542, 160),
(2617, 'Pak Gazipur', 3542, 160),
(2618, 'Yusufpur', 3542, 160),
(2619, 'Nabipur', 3542, 160),
(2620, 'Bakharnagar', 3542, 160),
(2621, 'Jatrapur', 3542, 160),
(2622, 'Chapitalla', 3542, 160),
(2623, 'Companygonj SO', 3542, 160),
(2624, 'Bangra SO', 3543, 160),
(2625, 'Pakbali Ghar', 3543, 160),
(2626, 'Purba Kheir', 3543, 160),
(2627, 'Peer Kashimpur', 3543, 160),
(2628, 'Dhanpati Khala', 3544, 160),
(2629, 'Roachala', 3544, 160),
(2630, 'Sonakanda SO', 3544, 160),
(2631, 'Sreekail', 3544, 160),
(2632, 'Dighirpar', 3544, 160),
(2633, 'Panti Bazar SO', 3545, 160),
(2634, 'Raza Meher', 3545, 160),
(2635, 'Algi Pachgao', 3600, 161),
(2636, 'Veduria', 3600, 161),
(2637, 'Lodpara', 3600, 161),
(2638, 'Mahamaya', 3600, 161),
(2639, 'Maishadi', 3600, 161),
(2640, 'Master Bazar', 3600, 161),
(2641, 'Nauri Bazar', 3600, 161),
(2642, 'Nayahat', 3600, 161),
(2643, 'Pathan Bazar', 3600, 161),
(2644, 'Razar Gaon', 3600, 161),
(2645, 'Safarmali', 3600, 161),
(2646, 'Saheb Bazar', 3600, 161),
(2647, 'Shatnal', 3600, 161),
(2648, 'Sreepur Bazar', 3600, 161),
(2649, 'Haripur', 3600, 161),
(2650, 'Forkabad', 3600, 161),
(2651, 'Beltali', 3600, 161),
(2652, 'Bishnudi', 3600, 161),
(2653, 'Bakharpur', 3600, 161),
(2654, 'Chandpur Main Post Office', 3600, 161),
(2655, 'Darus Salam', 3600, 161),
(2656, 'Dhanua', 3600, 161),
(2657, 'Farazi Kandi', 3600, 161),
(2658, 'Bagan Bari', 3600, 161),
(2659, 'Baharia', 3601, 161),
(2660, 'Razrajeshware', 3601, 161),
(2661, 'Puran Bazar CSO', 3601, 161),
(2662, 'Gubindia', 3601, 161),
(2663, 'Ibrahimpur', 3601, 161),
(2664, 'Hanar Char', 3601, 161),
(2665, 'Harna', 3601, 161),
(2666, 'Boalia', 3602, 161),
(2667, 'Lalpur', 3602, 161),
(2668, 'Manohar Khadi', 3602, 161),
(2669, 'Baradia', 3602, 161),
(2670, 'Babur Hat SO', 3602, 161),
(2671, 'Ashikati', 3602, 161),
(2672, 'Aronga Bazar', 3602, 161),
(2673, 'Munshir Hat', 3602, 161),
(2674, 'Sahatali EDSO', 3603, 161),
(2675, 'Kaonia', 3650, 162),
(2676, 'Sahebgonj', 3650, 162),
(2677, 'Faridgonj Upazila Post Office', 3650, 162),
(2678, 'Kalir Bazar', 3650, 162),
(2679, 'Purba Gazipur', 3651, 162),
(2680, 'Paikpara', 3651, 162),
(2681, 'Karaitali', 3651, 162),
(2682, 'Balithuba', 3651, 162),
(2683, 'Islampur Shah Islamia Madrasa ', 3651, 162),
(2684, 'Chandra SO', 3651, 162),
(2685, 'Dakshin Balithuba', 3651, 162),
(2686, 'Rupsha SO', 3652, 162),
(2687, 'Daichara', 3652, 162),
(2688, 'Lautali', 3652, 162),
(2689, 'Gupatri', 3652, 162),
(2690, 'Singergaon', 3652, 162),
(2691, 'Grid Kalindia EDSO', 3653, 162),
(2692, 'Rampur Bazar EDSO', 3654, 162),
(2693, 'Ahammadpur Bazar', 3610, 163),
(2694, 'Khan Suhilpur', 3610, 163),
(2695, 'Khilpara', 3610, 163),
(2696, 'Mantala', 3610, 163),
(2697, 'Nasir Court', 3610, 163),
(2698, 'Pak Sreerampur EDSO', 3610, 163),
(2699, 'Palishara', 3610, 163),
(2700, 'Payali', 3610, 163),
(2701, 'Raghunathpur', 3610, 163),
(2702, 'Sadra Madrasa', 3610, 163),
(2703, 'Saiyedpur Bazar', 3610, 163),
(2704, 'Sendra', 3610, 163),
(2705, 'Solla', 3610, 163),
(2706, 'Subidhpur', 3610, 163),
(2707, 'Toara Munsir Hat', 3610, 163),
(2708, 'Tulpai Fatepur', 3610, 163),
(2709, 'Kashimpur Puran', 3610, 163),
(2710, 'Kashimpur', 3610, 163),
(2711, 'Kashimabad', 3610, 163),
(2712, 'Bakila', 3610, 163),
(2713, 'Balia', 3610, 163),
(2714, 'Baraful', 3610, 163),
(2715, 'Chowdhury Bazar', 3610, 163),
(2716, 'Debpur', 3610, 163),
(2717, 'Dhadda', 3610, 163),
(2718, 'Gallak Bazar', 3610, 163),
(2719, 'Ghania', 3610, 163),
(2720, 'Golbahar', 3610, 163),
(2721, 'Hatila Tangir Par', 3610, 163),
(2722, 'Hazigonj Upazila Post Office', 3610, 163),
(2723, 'Kalacho', 3610, 163),
(2724, 'Kamranga', 3610, 163),
(2725, 'Kamta Bazar', 3610, 163),
(2726, 'Uaruk', 3610, 163),
(2727, 'Bala Khal SO', 3611, 163),
(2728, 'Aligar Bazar', 3660, 164),
(2729, 'Bajapti', 3660, 164),
(2730, 'Char Vairabi', 3660, 164),
(2731, 'Haimchar Upazila Post Office', 3660, 164),
(2732, 'Pashchim Char Krishnapur', 3660, 164),
(2733, 'Algi Durgapur', 3661, 164),
(2734, 'Birampur', 3661, 164),
(2735, 'Gandamara SO', 3661, 164),
(2736, 'Santoshpur', 3661, 164),
(2737, 'Uzani', 3630, 165),
(2738, 'Tetulia', 3630, 165),
(2739, 'Sahedapur', 3630, 165),
(2740, 'Manpura', 3630, 165),
(2741, 'Kailain', 3630, 165),
(2742, 'Dumuria', 3630, 165),
(2743, 'Kachua Upazila Post Office', 3630, 165),
(2744, 'Rahima Nagar SO', 3632, 165),
(2745, 'Khajuria Laxmipur', 3632, 165),
(2746, 'Aingiri', 3632, 165),
(2747, 'Ashrafpur', 3632, 165),
(2748, 'Aliara Razbari', 3633, 165),
(2749, 'Singadda', 3633, 165),
(2750, 'Sachar SO', 3633, 165),
(2751, 'Atghora', 3633, 165),
(2752, 'Palakhal', 3633, 165),
(2753, 'Baradail Mazumdar', 3633, 165),
(2754, 'Majhigachha', 3633, 165),
(2755, 'Baraiya Krishnapur', 3633, 165),
(2756, 'Bayek', 3633, 165),
(2757, 'Achalchila', 3640, 166),
(2758, 'Nishchintapur', 3640, 166),
(2759, 'Nayergaon', 3640, 166),
(2760, 'Narayanpur', 3640, 166),
(2761, 'Nandalalpur', 3640, 166),
(2762, 'Matlabgonj Upazila Post Office', 3640, 166),
(2763, 'Maddhya Naogaon', 3640, 166),
(2764, 'Ladhua', 3640, 166),
(2765, 'Khidirpur', 3640, 166),
(2766, 'Khadrergaon', 3640, 166),
(2767, 'Anayetgonj', 3640, 166),
(2768, 'Induria', 3640, 166),
(2769, 'Ashrinpur', 3640, 166),
(2770, 'Chengar Char', 3641, 166),
(2771, 'Eklashpur', 3641, 166),
(2772, 'Mohanpur SO', 3641, 166),
(2773, 'Gajra', 3641, 166),
(2774, 'Panchani', 3641, 166),
(2775, 'Kalipura Bazar EDSO', 3642, 166),
(2776, 'Naringpur', 3620, 167),
(2777, 'Pak Bijoypur', 3620, 167),
(2778, 'Pak Fatepur', 3620, 167),
(2779, 'Kaliapara', 3620, 167),
(2780, 'Mehar', 3620, 167),
(2781, 'Rageoi', 3620, 167),
(2782, 'Shahrasti Upazila Post Office', 3620, 167),
(2783, 'Gandhabpur', 3620, 167),
(2784, 'Sorsak', 3620, 167),
(2785, 'Suchipara', 3620, 167),
(2786, 'Unkila', 3620, 167),
(2787, 'Balshid Chingachal', 3620, 167),
(2788, 'Khil Bazar EDSO', 3621, 167),
(2789, 'West Kherihar Jamea Islamia SO', 3622, 167),
(2790, 'Noagaon', 3623, 167),
(2791, 'Pomgaon', 3623, 167),
(2792, 'Narharipur', 3623, 167),
(2793, 'Basihgaon', 3623, 167),
(2794, 'Chitoshi CSO', 3623, 167),
(2795, 'Dadghar', 3623, 167),
(2796, 'Hasnabad', 3623, 167),
(2797, 'Huria', 3623, 167),
(2798, 'Kadra', 3623, 167),
(2799, 'Kashipur Madrasa', 3623, 167),
(2800, 'Kherihar', 3623, 167),
(2801, 'Manohargonj', 3623, 167),
(2802, 'Amtoli', 3623, 167),
(2803, 'Sebagram', 3730, 168),
(2804, 'Nuria Madrasa', 3730, 168),
(2805, 'Ramdayal Bazar', 3730, 168),
(2806, 'Char Badam ', 3730, 168),
(2807, 'Char Aleckjandar Upazila PO', 3730, 168),
(2808, 'Sayed Nagar', 3730, 168),
(2809, 'Charjagabandhu', 3731, 168),
(2810, 'Charsita', 3731, 168),
(2811, 'Karunanagar', 3731, 168),
(2812, 'Ludua Palkan', 3731, 168),
(2813, 'Hazir Hat SO', 3731, 168),
(2814, 'Ramgatir Hat SO', 3732, 168),
(2815, 'Kalamia Panditer Hat', 3732, 168),
(2816, 'Char Afzal Fakira', 3732, 168),
(2817, 'Bibir Hat', 3732, 168),
(2818, 'Kasher Hat', 3700, 169),
(2819, 'Pak Bijoynagar', 3700, 169),
(2820, 'Jabbar Miar Hat', 3700, 169),
(2821, 'Laxymipur Main PO', 3700, 169),
(2822, 'Parbati Nagar', 3700, 169),
(2823, 'Piarpur', 3700, 169),
(2824, 'Khil Baiza', 3700, 169),
(2825, 'Selimbag', 3700, 169),
(2826, 'Torabgonj ', 3700, 169),
(2827, 'Tumchar Madrasa', 3700, 169),
(2828, 'Jaksin Hat', 3700, 169),
(2829, 'Gangapur', 3701, 169),
(2830, 'Joynalgonj', 3701, 169),
(2831, 'Dalal Bazar SO', 3701, 169),
(2832, 'Kazir Dighirpar', 3701, 169),
(2833, 'Rasulganj', 3701, 169),
(2834, 'Kapilatali', 3701, 169),
(2835, 'Islamgonj', 3701, 169),
(2836, 'Hiraman Bazar', 3702, 169),
(2837, 'Vabaniganj SO', 3702, 169),
(2838, 'Ramanandi', 3702, 169),
(2839, 'Jahurabad', 3703, 169),
(2840, 'Mandari SO', 3703, 169),
(2841, 'Moslimabad', 3703, 169),
(2842, 'Dakshin Mandari', 3703, 169),
(2843, 'Digli Bazar', 3703, 169),
(2844, 'Keramatgonj SO', 3704, 169),
(2845, 'Charchamita', 3704, 169),
(2846, 'Baraitala', 3704, 169),
(2847, 'Purba Saiyedpur', 3705, 169),
(2848, 'Khajuria', 3705, 169),
(2849, 'Kupurdia', 3705, 169),
(2850, 'Pakrampur', 3705, 169),
(2851, 'Rupachara SO', 3705, 169),
(2852, 'Radhapur', 3706, 169),
(2853, 'Ramarkhil', 3706, 169),
(2854, 'Rasipur Miazi Bari', 3706, 169),
(2855, 'Birahimpur', 3706, 169),
(2856, 'Sobanpur', 3706, 169),
(2857, 'Basikpur', 3706, 169),
(2858, 'Uttar Joypur', 3706, 169),
(2859, 'Poddar Bazar', 3706, 169),
(2860, 'Kallyan Nagar', 3706, 169),
(2861, 'Hasandi', 3706, 169),
(2862, 'Dewanji Bari', 3706, 169),
(2863, 'Nandigram', 3706, 169),
(2864, 'Dattapara SO', 3706, 169),
(2865, 'Choupalli EDSO', 3707, 169),
(2866, 'Nurullapur', 3708, 169),
(2867, 'Gabindrerkhil Pathan Bari', 3708, 169),
(2868, 'Chandragonj SO', 3708, 169),
(2869, 'Deliai', 3708, 169),
(2870, 'Panchpara', 3708, 169),
(2871, 'Charshai', 3708, 169),
(2872, 'Islampur', 3708, 169),
(2873, 'Amani Laxmipur EDSO', 3709, 169),
(2874, 'Vadur', 3720, 170),
(2875, 'Miazi Bari', 3720, 170),
(2876, 'Naniapara', 3720, 170),
(2877, 'Naogaon Bazar', 3720, 170),
(2878, 'Paniala', 3720, 170),
(2879, 'Patwari Bari', 3720, 170),
(2880, 'Ramgonj Upazila Post Office', 3720, 170),
(2881, 'Roysree Rampur', 3720, 170),
(2882, 'Sader Khil', 3720, 170),
(2883, 'Shefali Para', 3720, 170),
(2884, 'Kethari', 3720, 170),
(2885, 'Kaulia Danga', 3720, 170),
(2886, 'Kashim Nagar', 3720, 170),
(2887, 'Balora', 3720, 170),
(2888, 'Chandipur Manasa', 3720, 170),
(2889, 'Kamar Hat', 3720, 170),
(2890, 'Harichar Dargah Sharif', 3720, 170),
(2891, 'Choumuhani Bazar', 3720, 170),
(2892, 'Daspara', 3720, 170),
(2893, 'Alipur EDSO', 3721, 170),
(2894, 'Pan Para EDSO', 3722, 170),
(2895, 'Kanchanpur EDSO', 3723, 170),
(2896, 'Rashid Vila', 3724, 170),
(2897, 'Nagmud SO', 3724, 170),
(2898, 'Badra', 3724, 170),
(2899, 'Dalta SO', 3725, 170),
(2900, 'Ashrafgonj', 3710, 171),
(2901, 'Raypura Upazila PO', 3710, 171),
(2902, 'Purba Keroa', 3710, 171),
(2903, 'Nurnagar', 3710, 171),
(2904, 'Mollar Hat', 3710, 171),
(2905, 'Keroa Hazibari', 3710, 171),
(2906, 'Uttar Keroa', 3710, 171),
(2907, 'Dakshin Roypura', 3710, 171),
(2908, 'Charpata', 3710, 171),
(2909, 'Ulfat Nagar', 3711, 171),
(2910, 'Rakhalia Bazar SO', 3711, 171),
(2911, 'Nager Dighirpar EDSO', 3712, 171),
(2912, 'Cemper Hat', 3713, 171),
(2913, 'Charbangshi', 3713, 171),
(2914, 'Haydargonj SO', 3713, 171),
(2915, 'Bhuiyanbari EDSO', 3714, 171),
(2916, 'Abu Majhir Hat', 3850, 172),
(2917, 'Peshker Hat', 3850, 172),
(2918, 'Patwari Hat', 3850, 172),
(2919, 'Nabipur', 3850, 172),
(2920, 'Musapur', 3850, 172),
(2921, 'Mujib College', 3850, 172),
(2922, 'Kenchatoli Tajumiar Hat', 3850, 172),
(2923, 'Char kakra', 3850, 172),
(2924, 'Chander Hat', 3850, 172),
(2925, 'Bhuiyarer Hat', 3850, 172),
(2926, 'Batya', 3850, 172),
(2927, 'Basur Hat Upazila PO', 3850, 172),
(2928, 'Bamia', 3850, 172),
(2929, 'Sirajpur', 3850, 172),
(2930, 'Char Hazari EDSO', 3851, 172),
(2931, 'Begumgonj Upazila Post Office', 3820, 173),
(2932, 'Sahebr Hate', 3821, 173),
(2933, 'Nazirpul', 3821, 173),
(2934, 'Zirtali Bazar', 3821, 173),
(2935, 'Rafiqpur', 3821, 173),
(2936, 'Kabilpur', 3821, 173),
(2937, 'Kazirkhil', 3821, 173),
(2938, 'Kendrabag', 3821, 173),
(2939, 'Mirer Hat', 3821, 173),
(2940, 'Khanpur', 3821, 173),
(2941, 'Pak Munsir hat', 3821, 173),
(2942, 'Kutuber Hat', 3821, 173),
(2943, 'Kutubpur', 3821, 173),
(2944, 'Miralipur', 3821, 173),
(2945, 'Nateshware', 3821, 173),
(2946, 'Muradpur', 3821, 173),
(2947, 'Hazipur', 3821, 173),
(2948, 'Samir Munsir Hat', 3821, 173),
(2949, 'Sharifpur', 3821, 173),
(2950, 'Babupur', 3821, 173),
(2951, 'Choumuhani SO', 3821, 173),
(2952, 'Sebar Hat', 3821, 173),
(2953, 'Anayetpur', 3821, 173),
(2954, 'Ghatla', 3821, 173),
(2955, 'Sultanpur', 3821, 173),
(2956, 'Talua Chandpur', 3821, 173),
(2957, 'Setubhanga', 3821, 173),
(2958, 'Bangla Bazar SO', 3822, 173),
(2959, 'Pannabazar', 3822, 173),
(2960, 'Mirwarishpur EDSO', 3823, 173),
(2961, 'Bazra SO', 3824, 173),
(2962, 'Nayahat', 3824, 173),
(2963, 'Ghoshkanta', 3824, 173),
(2964, 'Jamidar Hat SO', 3825, 173),
(2965, 'Ambar Nagar', 3825, 173),
(2966, 'Sonaimuri SO', 3827, 173),
(2967, 'Sarkanta', 3827, 173),
(2968, 'Pachgaon', 3827, 173),
(2969, 'Porkara', 3827, 173),
(2970, 'Rashidpur', 3827, 173),
(2971, 'Pach Baria', 3827, 173),
(2972, 'Jondpur', 3827, 173),
(2973, 'Amlaki Bazar', 3827, 173),
(2974, 'Nilam Hat', 3827, 173),
(2975, 'Anadpur', 3827, 173),
(2976, 'Padipara', 3828, 173),
(2977, 'Gopalpur SO', 3828, 173),
(2978, 'Joy Narayanpur EDSO', 3829, 173),
(2979, 'Alaiarpur EDSO', 3831, 173),
(2980, 'Tangir Pahar Batika EDSO', 3832, 173),
(2981, 'Khelapat Bazar SO', 3833, 173),
(2982, 'Royer Hat', 3834, 173),
(2983, 'Rajgonj SO', 3834, 173),
(2984, 'Ram Ballavpur', 3834, 173),
(2985, 'Kaliclean Ousadhaloy', 3834, 173),
(2986, 'Khoazpur', 3834, 173),
(2987, 'Madhabshing', 3834, 173),
(2988, 'Wasekpur SO', 3835, 173),
(2989, 'Boikunthapur', 3837, 173),
(2990, 'Vabani Jibanpur SO', 3837, 173),
(2991, 'Hirapur', 3837, 173),
(2992, 'Rudrapur', 3837, 173),
(2993, 'Kamalpur', 3837, 173),
(2994, 'Maheshgonj EDSO', 3838, 173),
(2995, 'Nadna EDSO', 3839, 173),
(2996, 'Nandia Para SO', 3841, 173),
(2997, 'Khalishpur EDSO', 3842, 173),
(2998, 'Amirabad', 3843, 173),
(2999, 'Deuti SO', 3843, 173),
(3000, 'Darga Bazar', 3844, 173),
(3001, 'Pitambarpur', 3844, 173),
(3002, 'Joyag SO', 3844, 173),
(3003, 'Mohammadpur', 3845, 173),
(3004, 'Thanar Hat SO', 3845, 173),
(3005, 'Taltala', 3870, 174),
(3006, 'Chatkhil Upazila PO', 3870, 174),
(3007, 'Naranpur', 3870, 174),
(3008, 'Noakhola', 3870, 174),
(3009, 'Amin Bag', 3870, 174),
(3010, 'Palla EDSO', 3871, 174),
(3011, 'Sonachaka', 3872, 174),
(3012, 'Sreepur', 3872, 174),
(3013, 'Sudharami', 3872, 174),
(3014, 'Mallika Dhigir Par', 3872, 174),
(3015, 'Abir Para', 3872, 174),
(3016, 'Khilpara SO', 3872, 174),
(3017, 'Ahmadpur', 3872, 174),
(3018, 'Badal Court SO', 3873, 174),
(3019, 'Rezzakpur SO', 3874, 174),
(3020, 'Kaliclenan Ousadhaloy', 3874, 174),
(3021, 'Solla EDSO', 3875, 174),
(3022, 'Karihati', 3877, 174),
(3023, 'Bhola Court', 3878, 174),
(3024, 'Nalchara', 3878, 174),
(3025, 'Dashgharia SO', 3878, 174),
(3026, 'Laxmidhar Par', 3878, 174),
(3027, 'Atakhara', 3878, 174),
(3028, 'Baish Sindur', 3878, 174),
(3029, 'Bansa Bazar EDSO', 3879, 174),
(3030, 'Sahapur SO', 3881, 174),
(3031, 'Dayra Sharif', 3881, 174),
(3032, 'Khalish  Para', 3881, 174),
(3033, 'Karpara', 3881, 174),
(3034, 'Lamchar', 3881, 174),
(3035, 'Maminpur', 3882, 174),
(3036, 'Sompara SO', 3882, 174),
(3037, 'Mafizia Chairman Bazar', 3890, 175),
(3038, 'Sahebanir Hat', 3890, 175),
(3039, 'Daser Hat', 3890, 175),
(3040, 'Ramcharan Bazar', 3890, 175),
(3041, 'Hatia Upazila PO', 3890, 175),
(3042, 'Nalchira', 3890, 175),
(3043, 'Manubeparir Hat', 3890, 175),
(3044, 'Saiyed Miar Bazar', 3891, 175),
(3045, 'Oskhali', 3891, 175),
(3046, 'Afazia Bazar SO', 3891, 175),
(3047, 'Dhanumiar Hat', 3891, 175),
(3048, 'Burir Char', 3891, 175),
(3049, 'Joar Khali', 3892, 175),
(3050, 'Jahazmara', 3892, 175),
(3051, 'Charchenga', 3892, 175),
(3052, 'Sonadia', 3892, 175),
(3053, 'Tamaraddi SO', 3892, 175),
(3054, 'Sujapur', 3800, 176),
(3055, 'Companyr Hat', 3800, 176),
(3056, 'Dana Miar Bazar', 3800, 176),
(3057, 'Niranjanpur', 3800, 176),
(3058, 'Mukbul Chowdhuryr Hat', 3800, 176),
(3059, 'Eklashpur Bazar', 3800, 176),
(3060, 'Maddhya Sondalpur', 3800, 176),
(3061, 'Harinarayanpur', 3800, 176),
(3062, 'Hasnar Hat', 3800, 176),
(3063, 'Karambox', 3800, 176),
(3064, 'Jamalpur', 3800, 176),
(3065, 'Kalamunshi Bazar', 3800, 176),
(3066, 'Noakhali Main Post Office', 3800, 176),
(3067, 'Sayedullapur', 3800, 176),
(3068, 'Poddar Hat', 3800, 176),
(3069, 'Abdulla Miar Hat', 3800, 176),
(3070, 'Bandatta', 3800, 176),
(3071, 'Shibpur', 3800, 176),
(3072, 'Binodpur', 3800, 176),
(3073, 'Brahmapur', 3800, 176),
(3074, 'Noakhali College SO', 3801, 176),
(3075, 'Santasita', 3802, 176),
(3076, 'Samir Hat', 3802, 176),
(3077, 'Sonapur SO', 3802, 176),
(3078, 'Uttar Wapda', 3802, 176),
(3079, 'Dharmapur', 3802, 176),
(3080, 'Charlaxmi', 3802, 176),
(3081, 'Charbata', 3802, 176),
(3082, 'Abdulla Miar Bari', 3802, 176),
(3083, 'Deen Manir Hat EDSO', 3803, 176),
(3084, 'Pak Kishoregonj EDSO', 3804, 176),
(3085, 'Mrirdhyar Hat EDSO', 3806, 176),
(3086, 'Kabirhat SO', 3807, 176),
(3087, 'Nuton Shahajir Hat', 3807, 176),
(3088, 'Farazir Bazar', 3807, 176),
(3089, 'Khalifar Hat SO', 3808, 176),
(3090, 'Karamulla Bazar', 3808, 176),
(3091, 'Islamia Madrasa', 3809, 176),
(3092, 'Shafigonj', 3809, 176),
(3093, 'Charmatua SO', 3809, 176),
(3094, 'Char Kaonia', 3809, 176),
(3095, 'Char Fakira', 3811, 176),
(3096, 'Char Alahi', 3811, 176),
(3097, 'Lamchi Prosad Nutan Bari', 3811, 176),
(3098, 'Chaprashir Hat SO', 3811, 176),
(3099, 'Char Jabbar EDSO', 3812, 176),
(3100, 'Astadron', 3860, 177),
(3101, 'Senbag Upazila PO', 3860, 177),
(3102, 'Samaspur', 3860, 177),
(3103, 'Protap Pur', 3860, 177),
(3104, 'Nazarpur', 3860, 177),
(3105, 'Mati Miar Hat', 3860, 177),
(3106, 'Manikpur', 3860, 177),
(3107, 'Mamura', 3860, 177),
(3108, 'Kalandi EDSO', 3861, 177),
(3109, 'Bijbag SO', 3862, 177),
(3110, 'Ludhua', 3863, 177),
(3111, 'Dolkha', 3863, 177),
(3112, 'Parikot', 3863, 177),
(3113, 'Gazir Hat', 3863, 177),
(3114, 'Matain', 3863, 177),
(3115, 'Kankir Hat SO', 3863, 177),
(3116, 'Keshabpara', 3863, 177),
(3117, 'Sattar Paiya SO', 3864, 177),
(3118, 'Basantapur', 3864, 177),
(3119, 'Siladi', 3864, 177),
(3120, 'Thanarpar Lemua SO', 3865, 177),
(3121, 'Chandgazi', 3910, 178),
(3122, 'Rezumiar Hat', 3910, 178),
(3123, 'Radhanagar', 3910, 178),
(3124, 'Niz Panua', 3910, 178),
(3125, 'Kuhuma Shantir Bazar', 3910, 178),
(3126, 'Dakshin Satar', 3910, 178),
(3127, 'Sagal Naiya Upazila PO', 3910, 178),
(3128, 'Maharajgonj EDSO', 3911, 178),
(3129, 'Karaiya Bazar', 3912, 178),
(3130, 'Peer Sultan', 3912, 178),
(3131, 'Darogar Hat SO', 3912, 178),
(3132, 'Purba Silua EDSO', 3913, 178),
(3133, 'Ayakubpur Atimkhana', 3920, 179),
(3134, 'Sekandarpur', 3920, 179),
(3135, 'Samir Bhuiyare Hat', 3920, 179),
(3136, 'Ram Nagar', 3920, 179),
(3137, 'Matubhuyan', 3920, 179),
(3138, 'Faziler Ghat', 3920, 179),
(3139, 'Dagon Bhuiyan Upazila PO', 3920, 179),
(3140, 'Chowdhuryr Hat', 3920, 179),
(3141, 'Boiragir Hat', 3920, 179),
(3142, 'Dudhmukha EDSO', 3921, 179),
(3143, 'Silonia Bazar EDSO', 3922, 179),
(3144, 'Razapur EDSO', 3923, 179),
(3145, 'Swarajpur', 3900, 180),
(3146, 'Gangadhar Majumdar Hat', 3900, 180),
(3147, 'Gazaria', 3900, 180),
(3148, 'Haripur', 3900, 180),
(3149, 'Hasnabad', 3900, 180),
(3150, 'Joar Kasar', 3900, 180),
(3151, 'Joy Laskara', 3900, 180),
(3152, 'Kalidaha', 3900, 180),
(3153, 'Karamiar Hat', 3900, 180),
(3154, 'Koishallya Darbesher Hat', 3900, 180),
(3155, 'Kutir Hat', 3900, 180),
(3156, 'Laxmiara', 3900, 180),
(3157, 'Lemua', 3900, 180),
(3158, 'Mamataz Miar Hat', 3900, 180),
(3159, 'Pathan Nagar', 3900, 180),
(3160, 'Takia Bazar', 3900, 180),
(3161, 'Sindurpur', 3900, 180),
(3162, 'Gabindapur Hazir Hat', 3900, 180),
(3163, 'Feni Main Post Office', 3900, 180),
(3164, 'Baktar Munsi', 3900, 180),
(3165, 'Birli Bazar', 3900, 180),
(3166, 'Aptabi Bazar', 3900, 180),
(3167, 'Anandpur', 3900, 180),
(3168, 'Dhalia', 3900, 180),
(3169, 'Dosttextile Mills', 3900, 180),
(3170, 'Ejjatpur', 3900, 180),
(3171, 'Fakir Hat', 3900, 180),
(3172, ' Miar Bazar', 3900, 180),
(3173, 'Balua Choumuhani', 3900, 180),
(3174, 'Shibpur Bhuiyare  Hat', 3901, 180),
(3175, 'Shuvapur', 3901, 180),
(3176, 'Niz Kuzra', 3901, 180),
(3177, 'Alam Bazar', 3901, 180),
(3178, 'Nababpur', 3901, 180),
(3179, 'Bhor Bazar', 3901, 180),
(3180, 'Fazilpur SO', 3901, 180),
(3181, 'Faradnagar', 3901, 180),
(3182, 'Doulatpur', 3901, 180),
(3183, 'Dharmapur', 3901, 180),
(3184, 'Khaiara', 3901, 180),
(3185, 'Chanua  Munsir Hat', 3901, 180),
(3186, 'Krishnamajumdar Hat', 3901, 180),
(3187, 'Sawdagar Bazar', 3901, 180),
(3188, 'Lashkor Hat EDSO', 3903, 180),
(3189, 'Battali', 3940, 181),
(3190, 'Salia', 3940, 181),
(3191, 'Parshuram Upazila PO', 3940, 181),
(3192, 'Guthuma', 3940, 181),
(3193, 'Noapur', 3940, 181),
(3194, 'Suar Bazar SO', 3941, 181),
(3195, 'Saldhar Bazar', 3942, 181),
(3196, 'Amjad Hat', 3942, 181),
(3197, 'Khandal Hat', 3942, 181),
(3198, 'Fulgazi Durgapur', 3942, 181),
(3199, 'Fulgachhi SO', 3942, 181),
(3200, 'Box Mahamud', 3942, 181),
(3201, 'Kaniakapur', 3943, 181),
(3202, 'Nutan Munsir Hat ', 3943, 181),
(3203, 'Purababasikpur', 3943, 181),
(3204, 'Munsir Hat SO', 3943, 181),
(3205, 'Bhuiyarer Hat', 3930, 182),
(3206, 'Sawdagar Hat', 3930, 182),
(3207, 'Sonagazi Upazila PO', 3930, 182),
(3208, 'Matigonj SO', 3931, 182),
(3209, 'Voirab Chowdhuyr Bazar', 3931, 182),
(3210, 'Ahammadpur SO', 3932, 182),
(3211, 'Kachari Pukur', 3933, 182),
(3212, 'Kazir Hat SO', 3933, 182);
INSERT INTO `sms_post_office` (`id`, `name`, `post_code`, `thana_id`) VALUES
(3213, 'Somobay Bazar', 3933, 182),
(3214, 'Anwara Upazila Post Office', 4376, 183),
(3215, 'Savar Hat', 4376, 183),
(3216, 'Peerkhain', 4376, 183),
(3217, 'Patnikota', 4376, 183),
(3218, 'Oskhain', 4376, 183),
(3219, 'Minnat Alir Hat', 4376, 183),
(3220, 'Koinpura', 4376, 183),
(3221, 'Jhiuri', 4376, 183),
(3222, 'Hail Dhar', 4376, 183),
(3223, 'Eastbaria', 4376, 183),
(3224, 'Dovashir Hat', 4376, 183),
(3225, 'Dekota', 4376, 183),
(3226, 'Chandrapara', 4376, 183),
(3227, 'Burumchhara', 4376, 183),
(3228, 'Boirag', 4376, 183),
(3229, 'Boalia', 4376, 183),
(3230, 'Toilardip', 4376, 183),
(3231, 'Parai Kora EDSO', 4377, 183),
(3232, 'Kanungo Para SO', 4363, 184),
(3233, 'Kharandip', 4363, 184),
(3234, 'Saroatali SO', 4364, 184),
(3235, 'Ahla Darbar Sharif', 4364, 184),
(3236, 'Iqbal Park SO', 4365, 184),
(3237, 'Boalkhali Upazila Post Office', 4366, 184),
(3238, 'Howla Sharif', 4366, 184),
(3239, 'Chander Hat', 4366, 184),
(3240, 'Pashchim Gomdandi', 4366, 184),
(3241, 'Bengura', 4367, 184),
(3242, 'Pashchim Shakpura', 4367, 184),
(3243, 'Manasa', 4367, 184),
(3244, 'Khitar Char', 4367, 184),
(3245, 'Shakpura SO', 4367, 184),
(3246, 'Karan Khain', 4367, 184),
(3247, 'Hulain', 4367, 184),
(3248, 'Charkanai', 4367, 184),
(3249, 'Kodhurkhil EDSO', 4368, 184),
(3250, 'Charandip SO', 4369, 184),
(3251, 'Chittagong GPO', 4000, 185),
(3252, 'Mahal Khan Bazar', 4000, 185),
(3253, 'Chittagong Fish Harbar', 4000, 185),
(3254, 'Pahartali TSO', 4202, 185),
(3255, 'Patenga TSO', 4204, 185),
(3256, 'Chittagong Airport TSO', 4205, 185),
(3257, 'Marine Academy TSO', 4206, 185),
(3258, 'Firoz Shah Colani TSO', 4207, 185),
(3259, 'Mohara TSO', 4208, 185),
(3260, 'Amin Jute Mills TSO', 4211, 185),
(3261, 'Chandgaon SO', 4212, 185),
(3262, 'Wajedia Madrasa SO', 4213, 185),
(3263, 'Jalalabad Saleh Bazar TSO', 4214, 185),
(3264, 'Anand Bazar EDSO', 4215, 185),
(3265, 'North Katuli SO', 4217, 185),
(3266, 'Chittagong Medical College TSO', 4218, 185),
(3267, 'Custom Academi SO', 4219, 185),
(3268, 'Chittagong Cantonment TSO', 4220, 185),
(3269, 'Al Amin Baria TSO', 4221, 185),
(3270, 'Middel Patenga Chowdhury Para', 4222, 185),
(3271, 'Chittagong Export Processing Z', 4223, 185),
(3272, 'East Joara Upazila PO', 4380, 186),
(3273, 'Hashimpur', 4381, 186),
(3274, 'Karunachhara', 4381, 186),
(3275, 'Kanchan Nagar', 4381, 186),
(3276, 'Joara', 4381, 186),
(3277, 'Gachhbaria SO', 4381, 186),
(3278, 'Khagria', 4382, 186),
(3279, 'Puran Ghar', 4382, 186),
(3280, 'Marfala Bazar', 4382, 186),
(3281, 'Dohajari SO', 4382, 186),
(3282, 'Dhopa Chhari', 4382, 186),
(3283, 'Dakshin Para', 4382, 186),
(3284, 'Shyam Moharir Hat', 4382, 186),
(3285, 'Satbaria', 4383, 186),
(3286, 'Pathandandi', 4383, 186),
(3287, 'Barma SO', 4383, 186),
(3288, 'Islamabad', 4383, 186),
(3289, 'Hazipara', 4383, 186),
(3290, 'Durduri', 4383, 186),
(3291, 'Boiltali', 4383, 186),
(3292, 'Suchia', 4383, 186),
(3293, 'Vujpur', 4350, 187),
(3294, 'Sanyasir Hat', 4350, 187),
(3295, 'Rangapania', 4350, 187),
(3296, 'Pai Dong', 4350, 187),
(3297, 'Mirzar Hat', 4350, 187),
(3298, 'Kanchanpur', 4350, 187),
(3299, 'Fenua', 4350, 187),
(3300, 'Fatikchhari Upazila Post Offic', 4350, 187),
(3301, 'Azimpur', 4350, 187),
(3302, 'Azadi Bazar', 4351, 187),
(3303, 'Thiram', 4351, 187),
(3304, 'Baktapur', 4351, 187),
(3305, 'Nanpur Obadia Madrasa', 4351, 187),
(3306, 'Dharmapur', 4351, 187),
(3307, 'Charalia Hat', 4352, 187),
(3308, 'Vandar Sharif SO', 4352, 187),
(3309, 'Paragalpur', 4352, 187),
(3310, 'Shah Nagar', 4353, 187),
(3311, 'Baidyer Hat Suabil', 4353, 187),
(3312, 'Nazir Hat SO', 4353, 187),
(3313, 'Fakir Hat ', 4353, 187),
(3314, 'Harual Chhari EDSO', 4354, 187),
(3315, 'Dat  Mara', 4355, 187),
(3316, 'Narayan Hat SO', 4355, 187),
(3317, 'Madan Hat', 4330, 188),
(3318, 'Sibatali', 4330, 188),
(3319, 'Meghal', 4330, 188),
(3320, 'Langal Mora', 4330, 188),
(3321, 'Rahimpur', 4330, 188),
(3322, 'Hat Hazari Upazila Post Office', 4330, 188),
(3323, 'Hat Hazari Darul Ulum Madrasa', 4330, 188),
(3324, 'Guman Mardhan', 4330, 188),
(3325, 'Sigatali Gausia Madrasa', 4330, 188),
(3326, 'East Mekhal', 4330, 188),
(3327, 'Charia', 4330, 188),
(3328, 'Pak Darbar Musabia', 4330, 188),
(3329, 'Chittagong University SO', 4331, 188),
(3330, 'Chittagong Govt College TSO', 4331, 188),
(3331, 'Parduara EDSo', 4332, 188),
(3332, 'Pak Darbar-E-Musabia', 4333, 188),
(3333, 'Nurali Miar Hat', 4333, 188),
(3334, 'Nishchintapur', 4333, 188),
(3335, 'Sadek Nagar', 4333, 188),
(3336, 'Anayetpur', 4333, 188),
(3337, 'Kathir Hat SO', 4333, 188),
(3338, 'Roshangiri', 4333, 188),
(3339, 'Mirzapur EDSO', 4334, 188),
(3340, 'Nandir Hat', 4335, 188),
(3341, 'Fateyabad SO', 4335, 188),
(3342, 'Yunus Nagar EDSO', 4338, 188),
(3343, 'Vadalia', 4390, 189),
(3344, 'Bara Sona', 4390, 189),
(3345, 'Purba Chambal', 4390, 189),
(3346, 'Shekher Khil', 4390, 189),
(3347, 'Pui Chhari', 4390, 189),
(3348, 'Napora Hat', 4390, 189),
(3349, 'Sanua', 4390, 189),
(3350, 'Jaldi Upazila PO', 4390, 189),
(3351, 'Mankichar', 4390, 189),
(3352, 'Khan Bahadur Bazar SO', 4391, 189),
(3353, 'Katharia', 4391, 189),
(3354, 'Saral', 4391, 189),
(3355, 'Ejjat Nagar', 4391, 189),
(3356, 'Gunagari EDSO', 4392, 189),
(3357, 'Tulatali', 4393, 189),
(3358, 'Sadhanpur', 4393, 189),
(3359, 'Raisatha', 4393, 189),
(3360, 'Momenshah', 4393, 189),
(3361, 'Elsa', 4393, 189),
(3362, 'Chapachhari', 4393, 189),
(3363, 'Belgaon', 4393, 189),
(3364, 'Banigram SO', 4393, 189),
(3365, 'Adhu Nagar', 4396, 190),
(3366, 'Shukkur Ali', 4396, 190),
(3367, 'Master Hat', 4396, 190),
(3368, 'Lohagara Upazila Post Office', 4396, 190),
(3369, 'Uzirer Hat', 4396, 190),
(3370, 'Alurghat', 4396, 190),
(3371, 'Sukh Chhari', 4397, 190),
(3372, 'Sodah', 4397, 190),
(3373, 'Padua SO', 4397, 190),
(3374, 'Mouhar Garkhar', 4397, 190),
(3375, 'Chramba', 4397, 190),
(3376, 'Karaiya Nagar', 4397, 190),
(3377, 'East Kalauzan', 4397, 190),
(3378, 'Chunti  EDSO', 4398, 190),
(3379, 'Choitanyer Hat', 0, 191),
(3380, 'Mirsarai Upazila PO', 4320, 191),
(3381, 'Mithachhara', 4320, 191),
(3382, 'Maliaish', 4320, 191),
(3383, 'Bartakia', 4320, 191),
(3384, 'Sufia Madrasa', 4320, 191),
(3385, 'Purba Maiani', 4321, 191),
(3386, 'Shayer Khali', 4321, 191),
(3387, 'Abutorab SO', 4321, 191),
(3388, 'Maiani', 4321, 191),
(3389, 'Daroga Hat EDSO', 4322, 191),
(3390, 'Mithanala', 4323, 191),
(3391, 'Vardaz Hat SO', 4323, 191),
(3392, 'Bangannur', 4323, 191),
(3393, 'Madober Hat', 4324, 191),
(3394, 'Temuhani', 4324, 191),
(3395, 'Bishu Miar Hat', 4324, 191),
(3396, 'Abur Hat', 4324, 191),
(3397, 'Joargonj SO', 4324, 191),
(3398, 'Matabbar Hat', 4324, 191),
(3399, 'Azampur EDSO', 4325, 191),
(3400, 'Hiyaku Bazar', 4327, 191),
(3401, 'Karer Hat SO', 4327, 191),
(3402, 'Oli Nagar', 4327, 191),
(3403, 'Al Jameatul Islamia Madrasaa', 4370, 192),
(3404, 'Vatikhain', 4370, 192),
(3405, 'Kelisholar', 4370, 192),
(3406, 'Khan Mohana', 4370, 192),
(3407, 'Moulavir Hat', 4370, 192),
(3408, 'Muzaffarbad', 4370, 192),
(3409, 'Naikhain', 4370, 192),
(3410, 'Olir Hat', 4370, 192),
(3411, 'Patia Main Post Office', 4370, 192),
(3412, 'Sanhara', 4370, 192),
(3413, 'Shovandandi', 4370, 192),
(3414, 'Haidgaon', 4370, 192),
(3415, 'Gairala', 4370, 192),
(3416, 'Chakra Shala', 4370, 192),
(3417, 'Dengapara', 4370, 192),
(3418, 'Dhalghat', 4370, 192),
(3419, 'Eakabdandi', 4370, 192),
(3420, 'Bagdandi', 4370, 192),
(3421, 'Ashia', 4370, 192),
(3422, 'Shikal Baha', 4371, 192),
(3423, 'Perpera', 4371, 192),
(3424, 'Bathua', 4371, 192),
(3425, 'Fakirnir Hat', 4371, 192),
(3426, 'Budhpara SO', 4371, 192),
(3427, 'Char Lakshya', 4371, 192),
(3428, 'Malithara', 4371, 192),
(3429, 'Kashiaish', 4371, 192),
(3430, 'Fajil Khar Hat', 4371, 192),
(3431, 'Jiri', 4371, 192),
(3432, 'Kalarpul', 4371, 192),
(3433, 'Alamsha Para', 4360, 193),
(3434, 'Swanirvar Rangunia', 4360, 193),
(3435, 'Shilak', 4360, 193),
(3436, 'Saraf Vata', 4360, 193),
(3437, 'Raza Bhaban', 4360, 193),
(3438, 'Rangunia Upazila PO', 4360, 193),
(3439, 'Pomra', 4360, 193),
(3440, 'Mogaler Hat', 4360, 193),
(3441, 'Mariam Nagar', 4360, 193),
(3442, 'Kodala', 4360, 193),
(3443, 'East Kodla', 4360, 193),
(3444, 'Uttar Padua', 4360, 193),
(3445, 'Dhamair Hat EDSO', 4361, 193),
(3446, 'Kadalpur', 4340, 194),
(3447, 'Joy Nagar', 4340, 194),
(3448, 'Hingala', 4340, 194),
(3449, 'Maddhyam Kadal Pur', 4340, 194),
(3450, 'Mohammadpur', 4340, 194),
(3451, 'Pathan Bagichha', 4340, 194),
(3452, 'Fakir Takia', 4340, 194),
(3453, 'Ramadan Alir Hat', 4340, 194),
(3454, 'Chittapara', 4340, 194),
(3455, 'Roujan Upazila Post Office', 4340, 194),
(3456, 'Thanda chhari', 4340, 194),
(3457, 'Sultanpur', 4340, 194),
(3458, 'Lelangera', 4341, 194),
(3459, 'Thakurbari', 4341, 194),
(3460, 'Binajuri SO', 4341, 194),
(3461, 'North Gujra', 4341, 194),
(3462, 'Nuton Bazar', 4341, 194),
(3463, 'Adhar Manik', 4341, 194),
(3464, 'Kundeshwari Bhaban SO', 4342, 194),
(3465, 'Janali Hat', 4342, 194),
(3466, 'Annapurna Bari', 4342, 194),
(3467, 'Nuton Hat', 4343, 194),
(3468, 'Chattar Hat', 4343, 194),
(3469, 'Nadimpur', 4343, 194),
(3470, 'Gahira SO', 4343, 194),
(3471, 'Fakir Tila', 4344, 194),
(3472, 'Uttar Satta', 4344, 194),
(3473, 'Jagannath Hat SO', 4344, 194),
(3474, 'Fatehpur SO', 4345, 194),
(3475, 'Gujra', 4346, 194),
(3476, 'Purba Gujra', 4346, 194),
(3477, 'Raghu Nandan Hat', 4346, 194),
(3478, 'Gujra Noapara SO', 4346, 194),
(3479, 'Nurali Bari SO', 4347, 194),
(3480, 'Dewanpur SO', 4347, 194),
(3481, 'Betagi', 4348, 194),
(3482, 'Mahanuni SO', 4348, 194),
(3483, 'Unasattar Para', 4348, 194),
(3484, 'Kouyepara', 4348, 194),
(3485, 'Chittagong Engineering College', 4349, 194),
(3486, 'Akbar Hat', 4300, 195),
(3487, 'North Mag Dhara', 4300, 195),
(3488, 'Osmania', 4300, 195),
(3489, 'Palasyar Bazar', 4300, 195),
(3490, 'Ranir Hat', 4300, 195),
(3491, 'Sandip Upazila Post Office', 4300, 195),
(3492, 'Santosh', 4300, 195),
(3493, 'Sarikait', 4300, 195),
(3494, 'Shola Shahar', 4300, 195),
(3495, 'Tukumunshir Bazar', 4300, 195),
(3496, 'Musapur', 4300, 195),
(3497, 'Moulavir Bazar', 4300, 195),
(3498, 'Might Vanga', 4300, 195),
(3499, 'Ali Miar Hat', 4300, 195),
(3500, 'Azizia', 4300, 195),
(3501, 'Baktar Hat', 4300, 195),
(3502, 'Bauria', 4300, 195),
(3503, 'Bhuiar Hat', 4300, 195),
(3504, 'Doza Nagar', 4300, 195),
(3505, 'Gachua', 4300, 195),
(3506, 'Kalapania', 4300, 195),
(3507, 'Magdhara', 4300, 195),
(3508, 'Shiber Hat EDSO', 4301, 195),
(3509, 'Urirchar SO', 4302, 195),
(3510, 'Amilais', 4386, 196),
(3511, 'Sener Hat', 4386, 196),
(3512, 'Satkania Upazila Post Office', 4386, 196),
(3513, 'Mirzarkhali', 4386, 196),
(3514, 'Manu Fakir Hat', 4386, 196),
(3515, 'Kanchana', 4386, 196),
(3516, 'Gerang Giya Madrasa', 4386, 196),
(3517, 'Gatidanga', 4386, 196),
(3518, 'Deodighi', 4386, 196),
(3519, 'Demsa', 4386, 196),
(3520, 'Chhota Pukuria', 4386, 196),
(3521, 'Bardona', 4386, 196),
(3522, 'Barahatia Camp', 4386, 196),
(3523, 'Vabanipur', 4386, 196),
(3524, 'Keranir Hat', 4387, 196),
(3525, 'Baitul Ijjat SO', 4387, 196),
(3526, 'Bajalia EDSO', 4388, 196),
(3527, 'Muradpur', 4310, 197),
(3528, 'Sitakunda Upazila Post Office', 4310, 197),
(3529, 'Zafar Nagar', 4310, 197),
(3530, 'Baliadi', 4311, 197),
(3531, 'Shekher Hat', 4311, 197),
(3532, 'Mahanagar', 4311, 197),
(3533, 'Kamar Ali', 4311, 197),
(3534, 'Kamaldaha', 4311, 197),
(3535, 'Haidkandi', 4311, 197),
(3536, 'Hadi Fakir Hat', 4311, 197),
(3537, 'Chhoto Darogar Hat', 4311, 197),
(3538, 'Baroia Dhala SO', 4311, 197),
(3539, 'Nizampur College', 4311, 197),
(3540, 'Barabkunda SO', 4312, 197),
(3541, 'Bashbaria SO', 4313, 197),
(3542, 'Sitalpur', 4314, 197),
(3543, 'Masjidda', 4314, 197),
(3544, 'Kumira SO', 4314, 197),
(3545, 'Hafez Jute Mills', 4314, 197),
(3546, 'Vatiari SO', 4315, 197),
(3547, 'Fouzdar Hat Cadet College SO', 4316, 197),
(3548, 'Zafrabad SO', 4317, 197),
(3549, 'Babuchhara', 4420, 198),
(3550, 'Baghaihat', 4420, 198),
(3551, 'Dighinala Upzila PO', 4420, 198),
(3552, 'Bhaibonchhara', 4400, 199),
(3553, 'Khagrachhari Main Post Office', 4400, 199),
(3554, 'Maischhari', 4400, 199),
(3555, 'Laxynchhari UPazila PO', 4470, 200),
(3556, 'Mohalchhari Upazila PO', 4430, 201),
(3557, 'Manik Chhari Upazila PO', 4460, 202),
(3558, 'Ajoddhya', 4450, 203),
(3559, 'Belchhari', 4450, 203),
(3560, 'Dewan Bazar', 4450, 203),
(3561, 'Matiranga Upazila PO', 4450, 203),
(3562, 'Tabalchhari', 4450, 203),
(3563, 'Panchhari Upazila PO', 4410, 204),
(3564, 'Bagan Bazar', 4440, 205),
(3565, 'Chikanchhara', 4440, 205),
(3566, 'Guimara', 4440, 205),
(3567, 'Kalabari', 4440, 205),
(3568, 'Nakana', 4440, 205),
(3569, 'Nalua', 4440, 205),
(3570, 'Barakal Upazila PO', 4570, 206),
(3571, 'Barai chhari Upazila PO', 4550, 207),
(3572, 'Bilaichhari Upazila PO', 4550, 207),
(3573, 'Jurachhari Upazila PO', 4550, 207),
(3574, 'Shilchhari', 4550, 207),
(3575, 'kamalgati Upazila PO', 4510, 209),
(3576, 'Betbunia SO', 4511, 209),
(3577, 'Kaptai Nutan Bazar SO', 4530, 210),
(3578, 'Chondraghona SO', 4531, 210),
(3579, 'Khondakar Para', 4531, 210),
(3580, 'Roykhali Bazar', 4531, 210),
(3581, 'Kaptai Project SO', 4532, 210),
(3582, 'Raingkhongmukh', 4532, 210),
(3583, 'Longgodhu Upazila PO', 4580, 211),
(3584, 'Marishya Upazila PO', 4590, 212),
(3585, 'Naniarchar Upazila PO', 4520, 213),
(3586, 'Rangamati Court TSO', 4540, 214),
(3587, 'Rangamati Education Office TSO', 4540, 214),
(3588, 'Razsthali Upazila PO', 4540, 214),
(3589, 'Burighat Bazar', 4500, 215),
(3590, 'Durchhari Bazar', 4500, 215),
(3591, 'Magra', 4500, 215),
(3592, 'Mainimukh', 4500, 215),
(3593, 'Pablakhali', 4500, 215),
(3594, 'Sublong', 4500, 215),
(3595, 'Ali Kadam Upazila Post Office', 4650, 216),
(3596, 'Aziz Nagar SO', 4600, 217),
(3597, 'Bandarban Main Post Office', 4600, 217),
(3598, 'Bar Bakia', 4600, 217),
(3599, 'Har Bang', 4600, 217),
(3600, 'Magnama', 4600, 217),
(3601, 'Pekua', 4600, 217),
(3602, 'Razakhali', 4600, 217),
(3603, 'Baishari', 4660, 218),
(3604, 'Bara Bil', 4660, 218),
(3605, 'Chakdala', 4660, 218),
(3606, 'Gorzania', 4660, 218),
(3607, 'Naikong Chhari Upazila PO', 4660, 218),
(3608, 'Roangchhari Upazila PO', 4610, 219),
(3609, 'Ruma Upazila PO', 4620, 220),
(3610, 'Thanchi Upazila PO', 4630, 221),
(3611, 'Shikdar Para', 4740, 222),
(3612, 'Shahar Bill', 4740, 222),
(3613, 'Chiringa Community Center UPO', 4740, 222),
(3614, 'Demshia', 4740, 222),
(3615, 'Makbulabad', 4740, 222),
(3616, 'Veola Manikchar', 4741, 222),
(3617, 'Paharchanda', 4741, 222),
(3618, 'Manikpur', 4741, 222),
(3619, 'Laxmar Char', 4741, 222),
(3620, 'Koiarbil', 4741, 222),
(3621, 'Khutakhali', 4741, 222),
(3622, 'Dula Hazra', 4741, 222),
(3623, 'Chiringa SO', 4741, 222),
(3624, 'Chakaria', 4741, 222),
(3625, 'Baroitoil', 4741, 222),
(3626, 'Badarkhali EDSO', 4742, 222),
(3627, 'Malumghat Hospital EDSO', 4743, 222),
(3628, 'Baharchhara', 4700, 223),
(3629, 'Rabeta Hospital', 4700, 223),
(3630, 'Patali Masuakhali', 4700, 223),
(3631, 'Matharbari', 4700, 223),
(3632, 'Maricha Palang', 4700, 223),
(3633, 'Khuruhkul', 4700, 223),
(3634, 'Dhalirchhara', 4700, 223),
(3635, 'Coxs Bazar Main Post Office', 4700, 223),
(3636, 'Shaplapur', 4700, 223),
(3637, 'Jhilonga EDSO', 4701, 223),
(3638, 'Eidgar', 4702, 223),
(3639, 'Eidgah SO', 4702, 223),
(3640, 'Pokkhali', 4702, 223),
(3641, 'Chaufal Dandi', 4702, 223),
(3642, 'Bara Meheskhali', 4710, 224),
(3643, 'Dhalaghata', 4710, 224),
(3644, 'Gorakghata Upazila Post Office', 4710, 224),
(3645, 'Hoanak', 4710, 224),
(3646, 'Kalarmar Chhara', 4710, 224),
(3647, 'Dhurung', 4720, 225),
(3648, 'Kutubdia Upazila Post Office', 4720, 225),
(3649, 'Joaria Nala', 4730, 226),
(3650, 'Khurulia', 4730, 226),
(3651, 'Ramu Upazila Post Office', 4730, 226),
(3652, 'Sabrang', 4760, 227),
(3653, 'Shah Paridip', 4760, 227),
(3654, 'Teknaph Upazila PO', 4760, 227),
(3655, 'Hrilla SO', 4761, 227),
(3656, 'Maddhyahrilla Nayapara ', 4761, 227),
(3657, 'Saint Martin SO', 4762, 227),
(3658, 'Balukhali Ghat', 4750, 228),
(3659, 'Chakboitha', 4750, 228),
(3660, 'Enani', 4750, 228),
(3661, 'Ratna Palang', 4750, 228),
(3662, 'Ukhia Upazila Post Office', 4750, 228),
(3663, 'Whykong', 4750, 228),
(3664, 'Arjimandal', 5010, 229),
(3665, 'Shaldanga', 5010, 229),
(3666, 'Sakoya', 5010, 229),
(3667, 'Pachpeer', 5010, 229),
(3668, 'Nayadighi', 5010, 229),
(3669, 'Natunhat', 5010, 229),
(3670, 'Moydan Dighi', 5010, 229),
(3671, 'Chandanbari', 5010, 229),
(3672, 'Boda Upazila Post Office', 5010, 229),
(3673, 'Bairati', 5010, 229),
(3674, 'Tepukuria', 5010, 229),
(3675, 'Atoari', 5040, 230),
(3676, 'Radhanagar', 5040, 230),
(3677, 'Patesshwari', 5040, 230),
(3678, 'Tareya', 5040, 230),
(3679, 'Kharibari', 5040, 230),
(3680, 'Chhoto Dab Upazila Post Office', 5040, 230),
(3681, 'Girgao', 5041, 230),
(3682, 'Mirzapur S O', 5041, 230),
(3683, 'Futki Bari', 5041, 230),
(3684, 'Magura', 5041, 230),
(3685, 'Bagdaha', 5020, 231),
(3686, 'Debigonj Upazila Post Office', 5020, 231),
(3687, 'Kaligonj', 5020, 231),
(3688, 'Mallikaadaha', 5020, 231),
(3689, 'Pamuli', 5020, 231),
(3690, 'Soonahar', 5020, 231),
(3691, 'Sundardighi', 5020, 231),
(3692, 'Amtala Kazipara', 5000, 232),
(3693, 'Tunirhat', 5000, 232),
(3694, 'Sat Mera', 5000, 232),
(3695, 'Panchagar Main Post Office', 5000, 232),
(3696, 'Kholapara', 5000, 232),
(3697, 'Jagdal', 5000, 232),
(3698, 'Haribhasha', 5000, 232),
(3699, 'Dhakka Mara', 5000, 232),
(3700, 'Debnagar', 5000, 232),
(3701, 'Chaklahat', 5000, 232),
(3702, 'Vitargar', 5000, 232),
(3703, 'Majhipara', 5030, 233),
(3704, 'Tetulia Upazila Post Office', 5030, 233),
(3705, 'Tirnai Hat', 5030, 233),
(3706, 'Vajanpur', 5030, 233),
(3707, 'Baliadangi Upazila P.O', 5140, 234),
(3708, 'Samirnagar', 5140, 234),
(3709, 'Moralhat', 5140, 234),
(3710, 'Kalmagh', 5140, 234),
(3711, 'Harinmari Hat', 5140, 234),
(3712, 'Haldibari Hat', 5140, 234),
(3713, 'Chota Palashbari', 5140, 234),
(3714, 'Bamunia', 5140, 234),
(3715, 'Sangaon', 5140, 234),
(3716, 'Lahiri EDSO', 5141, 234),
(3717, 'Amgaon', 5130, 235),
(3718, 'Dheer Gonj', 5130, 235),
(3719, 'Jibanpur Upazila Post Office', 5130, 235),
(3720, 'Banglagar', 5110, 236),
(3721, 'Vomradha', 5110, 236),
(3722, 'Peergonj Upazila P.O', 5110, 236),
(3723, 'Nasibgonj', 5110, 236),
(3724, 'Malgao', 5110, 236),
(3725, 'Kosharanigonj', 5110, 236),
(3726, 'Gogar', 5110, 236),
(3727, 'Khalashpeer', 5470, 236),
(3728, 'Kadirabad', 5470, 236),
(3729, 'Tukuria', 5470, 236),
(3730, 'Zafarpur', 5470, 236),
(3731, 'Bangaon', 5120, 237),
(3732, 'Bangaon Hat', 5120, 237),
(3733, 'Kamar Pukur', 5120, 237),
(3734, 'Kathaldangi', 5120, 237),
(3735, 'Mujahidabad Kaloni', 5120, 237),
(3736, 'Rani Songkail Upazila P.O', 5120, 237),
(3737, 'Nekmarad', 5121, 237),
(3738, 'Akha Nagar', 5100, 238),
(3739, 'Kishmat Kishore Bari', 5100, 238),
(3740, 'Maddhya Jhargaon', 5100, 238),
(3741, 'Matrahat', 5100, 238),
(3742, 'Naya Gareyahat', 5100, 238),
(3743, 'Noaapara', 5100, 238),
(3744, 'Palasbari', 5100, 238),
(3745, 'Rahimanpur', 5100, 238),
(3746, 'Salendar', 5100, 238),
(3747, 'Sator', 5100, 238),
(3748, 'Thakurgaon Main Post Office', 5100, 238),
(3749, 'Vaularhat', 5100, 238),
(3750, 'Velajan', 5100, 238),
(3751, 'Khalishakuri', 5100, 238),
(3752, 'Kaharpara', 5100, 238),
(3753, 'Bagunbari', 5100, 238),
(3754, 'Balia', 5100, 238),
(3755, 'Baragram', 5100, 238),
(3756, 'Velamuraripur', 5100, 238),
(3757, 'Danarhat', 5100, 238),
(3758, 'Dinajpur Division', 5100, 238),
(3759, 'Doulatpur', 5100, 238),
(3760, 'Farabari', 5100, 238),
(3761, 'Garea', 5100, 238),
(3762, 'Kachubari', 5100, 238),
(3763, 'Harinarayanpur', 5101, 238),
(3764, 'Thakurgaon Road', 5101, 238),
(3765, 'Shibgonj S.O', 5102, 238),
(3766, 'Baman Kumar', 5103, 238),
(3767, 'Barshalu Para', 5103, 238),
(3768, 'Khochabari Hat', 5103, 238),
(3769, 'Ruhia S.O', 5103, 238),
(3770, 'Bagjana', 5270, 239),
(3771, 'Putimari', 5270, 239),
(3772, 'Manshapur', 5270, 239),
(3773, 'Kotoalibag', 5270, 239),
(3774, 'Katlahat', 5270, 239),
(3775, 'Dnagapara', 5270, 239),
(3776, 'Dharangi', 5270, 239),
(3777, 'Boaldar', 5270, 239),
(3778, 'Banglahili Upazila Post Office', 5270, 239),
(3779, 'Satni Raotara', 5270, 239),
(3780, 'Akargram', 5210, 240),
(3781, 'Bazrapur', 5210, 240),
(3782, 'Biral Rice Mill', 5210, 240),
(3783, 'Biral Upazila Post Office', 5210, 240),
(3784, 'Dharmapur', 5210, 240),
(3785, 'Kazipara', 5210, 240),
(3786, 'Madhabbati', 5210, 240),
(3787, 'N.N. Bari', 5210, 240),
(3788, 'Sarangai Palashbari', 5210, 240),
(3789, 'Birampur Upazila Post Office', 5266, 241),
(3790, 'Erakfoyzabad', 5266, 241),
(3791, 'Ketrahat', 5266, 241),
(3792, 'Kundain Hat', 5266, 241),
(3793, 'Madhilahat', 5266, 241),
(3794, 'Melabari', 5266, 241),
(3795, 'Pukuri', 5266, 241),
(3796, 'Sreepur', 5266, 241),
(3797, 'Balarampur', 5220, 242),
(3798, 'Birgonj Upazila Post Office', 5220, 242),
(3799, 'Gopalgonj Hat', 5220, 242),
(3800, 'Kallyanihat', 5220, 242),
(3801, 'Sanka', 5220, 242),
(3802, 'Satkhamar', 5220, 242),
(3803, 'Vabki', 5220, 242),
(3804, 'Barabaul', 5240, 243),
(3805, 'Naokhoir', 5240, 243),
(3806, 'Nandrai', 5240, 243),
(3807, 'Khochna', 5240, 243),
(3808, 'Daxshin Palashbari', 5240, 243),
(3809, 'Chirirbandar Upazila Post Offi', 5240, 243),
(3810, 'Binnakuri', 5240, 243),
(3811, 'Basudebpur', 5240, 243),
(3812, 'Veyeil', 5240, 243),
(3813, 'Ranibandar EDSO', 5241, 243),
(3814, 'Baideshirhat', 5200, 244),
(3815, 'Kanchan', 5200, 244),
(3816, 'Kawga', 5200, 244),
(3817, 'Mangalpur', 5200, 244),
(3818, 'Mujahidpur', 5200, 244),
(3819, 'Muradpur', 5200, 244),
(3820, 'Nasipur', 5200, 244),
(3821, 'Paachbari', 5200, 244),
(3822, 'Rajnahar', 5200, 244),
(3823, 'Ramdubihat', 5200, 244),
(3824, 'Ranigonj', 5200, 244),
(3825, 'Shekhpara', 5200, 244),
(3826, 'Shikdargonj', 5200, 244),
(3827, 'Singuil', 5200, 244),
(3828, 'Sreechandarapur', 5200, 244),
(3829, 'Sundarpur', 5200, 244),
(3830, 'Uthrail', 5200, 244),
(3831, 'Kambedpur', 5200, 244),
(3832, 'Kamalpur', 5200, 244),
(3833, 'Brahmapur Amtoli', 5200, 244),
(3834, 'Cheradangi', 5200, 244),
(3835, 'Dinajpur Main Post Office', 5200, 244),
(3836, 'Farakhabad', 5200, 244),
(3837, 'Vabanipur', 5200, 244),
(3838, 'Kachinia', 5200, 244),
(3839, 'Jalalpur', 5200, 244),
(3840, 'Ghughudanga', 5200, 244),
(3841, 'Dinajpur Balubari TSO', 5201, 244),
(3842, 'Dinajpur Bazar TSO', 5201, 244),
(3843, 'Dinajpur Housing Estate EDSO', 5201, 244),
(3844, 'Dinajpur K. N Hall TSO', 5201, 244),
(3845, 'Dinajpur Kallitala TSO', 5201, 244),
(3846, 'Dinajpur Naisha TSO', 5201, 244),
(3847, 'Dinajpur P. E BoardTSO', 5201, 244),
(3848, 'Dinajpur Rajbati EDSO', 5201, 244),
(3849, 'Dinajpur Rajgonj TSO', 5201, 244),
(3850, 'Jharbari', 5230, 245),
(3851, 'Joygonj', 5230, 245),
(3852, 'Khansama Upazila Post Office', 5230, 245),
(3853, 'Tangua', 5230, 245),
(3854, 'Pakerhat EDSO', 5231, 245),
(3855, 'Bogdair Hat', 5226, 246),
(3856, 'Maharajgonj Upazila Post Offic', 5226, 246),
(3857, 'Ruddapur', 5226, 246),
(3858, 'Nababgonj Upazila Post Office', 5280, 247),
(3859, 'Beparitala', 5280, 247),
(3860, 'Binodnagar', 5280, 247),
(3861, 'Azampur', 5281, 247),
(3862, 'Deshbandi Hatshal', 5281, 247),
(3863, 'Daudpur SO', 5281, 247),
(3864, 'Dariya', 5281, 247),
(3865, 'Vaduria', 5281, 247),
(3866, 'Balgari', 5282, 247),
(3867, 'Gopalpur SO', 5282, 247),
(3868, 'Balahar', 5282, 247),
(3869, 'Hat Shyamgonj EDBO', 5290, 248),
(3870, 'Osmanpur Upazila Post Office', 5290, 248),
(3871, 'Aligram', 5291, 248),
(3872, 'Ayazabad', 5291, 248),
(3873, 'Birat', 5291, 248),
(3874, 'Dighirhat', 5291, 248),
(3875, 'Ghoraghat SO', 5291, 248),
(3876, 'Kamdia', 5291, 248),
(3877, 'Kashiabari', 5291, 248),
(3878, 'Aftafabad', 5250, 249),
(3879, 'Taznagar', 5250, 249),
(3880, 'Sardarpara', 5250, 249),
(3881, 'Parbatipur Upazila Post Office', 5250, 249),
(3882, 'Nurul Mazid', 5250, 249),
(3883, 'Nurul Huda', 5250, 249),
(3884, 'Mastafapur', 5250, 249),
(3885, 'Manthathpur', 5250, 249),
(3886, 'Khoyer Pukurhat', 5250, 249),
(3887, 'Jashai', 5250, 249),
(3888, 'Habra', 5250, 249),
(3889, 'Haaldibari', 5250, 249),
(3890, 'Gopinathpur', 5250, 249),
(3891, 'Durgapur Kalikapur', 5250, 249),
(3892, 'Belaichandi', 5250, 249),
(3893, 'Basupara', 5250, 249),
(3894, 'Vaabanipur', 5250, 249),
(3895, 'Aftabgonj', 5260, 250),
(3896, 'Middhyapara', 5260, 250),
(3897, 'Khayerbari', 5260, 250),
(3898, 'Khajabari', 5260, 250),
(3899, 'Jamgram', 5260, 250),
(3900, 'Fulbari Upazila Post Office', 5260, 250),
(3901, 'Bara Pukuria', 5260, 250),
(3902, 'Ananda Bazar', 5260, 250),
(3903, 'Ambari Daulatpur', 5260, 250),
(3904, 'Rajarampur', 5260, 250),
(3905, 'Amgaon', 5216, 251),
(3906, 'Setabgonj Upazila Post Office', 5216, 251),
(3907, 'Muraripur', 5216, 251),
(3908, 'Mollapara', 5216, 251),
(3909, 'Mahirpur', 5216, 251),
(3910, 'Maallikpur', 5216, 251),
(3911, 'Maadhabpur', 5216, 251),
(3912, 'Krishnapur', 5216, 251),
(3913, 'Karnai', 5216, 251),
(3914, 'Joynandahat', 5216, 251),
(3915, 'Baleya', 5216, 251),
(3916, 'Bairachuna', 5216, 251),
(3917, 'Baangaon', 5216, 251),
(3918, 'Sultanpur RS', 5216, 251),
(3919, 'Chapanir Hat', 5350, 252),
(3920, 'Dalia Bazar', 5350, 252),
(3921, 'Dimla Upazila Post Office', 5350, 252),
(3922, 'Goyakhari Bari', 5350, 252),
(3923, 'Kakra Bazar', 5350, 252),
(3924, 'Nootara', 5350, 252),
(3925, 'Sundarkhata', 5350, 252),
(3926, 'Khagakhari Bari SO', 5351, 252),
(3927, 'Mela Panga', 5340, 253),
(3928, 'Borgari', 5340, 253),
(3929, 'Sonaroy', 5340, 253),
(3930, 'Domar Upazila Post Office', 5340, 253),
(3931, 'Kachari Bazar', 5340, 253),
(3932, 'Mohammadia Madrasa', 5340, 253),
(3933, 'Teprigonj', 5341, 253),
(3934, 'Satnai', 5341, 253),
(3935, 'Muktir Hat', 5341, 253),
(3936, 'Mirzagonj', 5341, 253),
(3937, 'Bamunia', 5341, 253),
(3938, 'Gomnati', 5341, 253),
(3939, 'Darajgonj', 5341, 253),
(3940, 'Chilhati SO', 5341, 253),
(3941, 'Vaulagonj', 5341, 253),
(3942, 'Balagram', 5330, 254),
(3943, 'Golmaon', 5330, 254),
(3944, 'Gopal Jhar', 5330, 254),
(3945, 'Jaldhaka Upazila Post Office', 5330, 254),
(3946, 'Nekvakta', 5330, 254),
(3947, 'Uttar Daura Bari', 5330, 254),
(3948, 'Baravita', 5320, 255),
(3949, 'Chandakhana', 5320, 255),
(3950, 'Kalikapur', 5320, 255),
(3951, 'Kishorigonj Upazila Post Offic', 5320, 255),
(3952, 'Koimari', 5320, 255),
(3953, 'Panial Pukur', 5320, 255),
(3954, 'Ranchandi', 5320, 255),
(3955, 'Babri Jhar', 5300, 256),
(3956, 'Sangalshi', 5300, 256),
(3957, 'Ramkala', 5300, 256),
(3958, 'Porar Hat', 5300, 256),
(3959, 'Pachapukuri', 5300, 256),
(3960, 'Nilphamari Main Post Office', 5300, 256),
(3961, 'Mela Kachukata', 5300, 256),
(3962, 'Meergonj Hat', 5300, 256),
(3963, 'Khutamara', 5300, 256),
(3964, 'Gorgram', 5300, 256),
(3965, 'Daroani', 5300, 256),
(3966, 'Chayannagar', 5300, 256),
(3967, 'Vabananda Hat', 5300, 256),
(3968, 'Nilphamari Sugar Mill EDSO', 5301, 256),
(3969, 'Berakuti', 5310, 258),
(3970, 'Tar Shahar Hat', 5310, 258),
(3971, 'Sonakhuli', 5310, 258),
(3972, 'Sayedpur Upazila Post Office', 5310, 258),
(3973, 'Nitai', 5310, 258),
(3974, 'Laxmanpur', 5310, 258),
(3975, 'Kamar Pukur', 5310, 258),
(3976, 'Hazari Hat', 5310, 258),
(3977, 'Haasimpur', 5310, 258),
(3978, 'Goalhat', 5310, 258),
(3979, 'Goal Dihi', 5310, 258),
(3980, 'Ghantaghar Hat', 5310, 258),
(3981, 'Dilalpur', 5310, 258),
(3982, 'Dangar Hat', 5310, 258),
(3983, 'Burir Pukur Hat', 5310, 258),
(3984, 'Bhushir Bandar', 5310, 258),
(3985, 'Uttar Palashbari', 5310, 258),
(3986, 'Sayedpur Upashahar TSO', 5311, 258),
(3987, 'Badargonj Upazila Post Office', 5430, 259),
(3988, 'Radhanagar', 5430, 259),
(3989, 'Bishnupur', 5430, 259),
(3990, 'Shekher Hat', 5430, 259),
(3991, 'Rahamatpur', 5430, 259),
(3992, 'Kazir Hat', 5430, 259),
(3993, 'Palichara Hat', 5431, 259),
(3994, 'Rani Pukur', 5431, 259),
(3995, 'Ruknigonj', 5431, 259),
(3996, 'Salti Gopalpur', 5431, 259),
(3997, 'Shukurer Hat', 5431, 259),
(3998, 'Shympur SO', 5431, 259),
(3999, 'Nataram', 5431, 259),
(4000, 'Moyenpur Kadamtala', 5431, 259),
(4001, 'Bagduar', 5431, 259),
(4002, 'Balua', 5431, 259),
(4003, 'Bujrak Santoshpur', 5431, 259),
(4004, 'Chandanpat', 5431, 259),
(4005, 'Charan', 5431, 259),
(4006, 'Gopalpur', 5431, 259),
(4007, 'Khoragas', 5431, 259),
(4008, 'Kutubpur', 5431, 259),
(4009, 'Lohani Para', 5431, 259),
(4010, 'Vendabari', 5431, 259),
(4011, 'Alam Biditar', 5410, 260),
(4012, 'Barabil', 5410, 260),
(4013, 'Dakshin Panapukur', 5410, 260),
(4014, 'Gajghanta', 5410, 260),
(4015, 'Gangachara Upazila Post Office', 5410, 260),
(4016, 'Kolkanda', 5410, 260),
(4017, 'Mahipur', 5410, 260),
(4018, 'Barua Hat', 5440, 261),
(4019, 'Kawnia Upazila Post Office', 5440, 261),
(4020, 'Vutchara', 5440, 261),
(4021, 'Dhumerkuti Madrasa', 5441, 261),
(4022, 'Haragach SO', 5441, 261),
(4023, 'Moubhasha', 5441, 261),
(4024, 'Nazirdaha', 5441, 261),
(4025, 'Bairati Hat', 5460, 262),
(4026, 'Shaner Hat', 5460, 262),
(4027, 'Serudanga', 5460, 262),
(4028, 'Nankar', 5460, 262),
(4029, 'Mithapukur Upazila Post Office', 5460, 262),
(4030, 'Kafri Khal', 5460, 262),
(4031, 'Jaygirhat', 5460, 262),
(4032, 'Gurjipara', 5460, 262),
(4033, 'Girai', 5460, 262),
(4034, 'Fakir Hat', 5460, 262),
(4035, 'Baldi Pukur', 5460, 262),
(4036, 'Shatibari', 5460, 262),
(4037, 'Annadannagar', 5450, 263),
(4038, 'Etakumari', 5450, 263),
(4039, 'Paotanahat', 5450, 263),
(4040, 'Peergasa Upazila Post Office', 5450, 263),
(4041, 'Tambulpur', 5450, 263),
(4042, 'Tepamadhupur', 5450, 263),
(4043, 'Singer Gari', 5400, 264),
(4044, 'Paglapeer', 5400, 264),
(4045, 'Mirbag', 5400, 264),
(4046, 'Manimpur', 5400, 264),
(4047, 'Pakuria Sharif', 5400, 264),
(4048, 'Payrabandha', 5400, 264),
(4049, 'Khat Khatia', 5400, 264),
(4050, 'Khaleya', 5400, 264),
(4051, 'Keranir Hat', 5400, 264),
(4052, 'Haridebpur', 5400, 264),
(4053, 'Rangpur Magura', 5400, 264),
(4054, 'Dakshin Manimpur', 5400, 264),
(4055, 'Burir Hat Firm', 5400, 264),
(4056, 'Betgari', 5400, 264),
(4057, 'Rangpur Main Post Office', 5400, 264),
(4058, 'New Sahebgonj', 5400, 264),
(4059, 'Rangpur Upashahar TSO', 5401, 264),
(4060, 'Alamnagar TSO', 5402, 264),
(4061, 'Nagar Mirgonj', 5403, 264),
(4062, 'Madrasa Sayedpur', 5403, 264),
(4063, 'Deuti', 5403, 264),
(4064, 'Bara Dargahat', 5403, 264),
(4065, 'Azizulla', 5403, 264),
(4066, 'Mahigonj TSO', 5403, 264),
(4067, 'Burirhat', 5420, 265),
(4068, 'Ekarchali', 5420, 265),
(4069, 'Kellabari', 5420, 265),
(4070, 'Shyaamgonj', 5420, 265),
(4071, 'Taragonj Upazila Post Office', 5420, 265),
(4072, 'Aditmari Upazila Post Office', 5510, 266),
(4073, 'Kumrirhat', 5510, 266),
(4074, 'Mahish Kocha', 5510, 266),
(4075, 'Dakshin Parulia', 5530, 267),
(4076, 'Doikhaya', 5530, 267),
(4077, 'Hatibanda Upazila Post Office', 5530, 267),
(4078, 'Naodabs', 5530, 267),
(4079, 'Velabari', 5500, 269),
(4080, 'Kalmati', 5500, 269),
(4081, 'Tista Dovisional  BO', 5500, 269),
(4082, 'Lalmonirhat Main Post Office', 5500, 269),
(4083, 'Mahendranagar', 5500, 269),
(4084, 'Saptibari', 5500, 269),
(4085, 'Panga', 5500, 269),
(4086, 'Rajpur', 5500, 269),
(4087, 'Mogalhat SO', 5501, 269),
(4088, 'Durgapur', 5501, 269),
(4089, 'Kulaghat EDSO', 5502, 269),
(4090, 'Jagatber', 5540, 270),
(4091, 'Patgram Upazila Post Office', 5540, 270),
(4092, 'Dhabal Suti', 5540, 270),
(4093, 'Kauamari', 5540, 270),
(4094, 'Nij Guddimari', 5541, 270),
(4095, 'Barakhata', 5541, 270),
(4096, 'Baura SO', 5541, 270),
(4097, 'Sarkarer Hat', 5541, 270),
(4098, 'Islampur Madrasa', 5542, 270),
(4099, 'Burimari SO', 5542, 270),
(4100, 'Chapar Hat', 5520, 271),
(4101, 'Velagari', 5520, 271),
(4102, 'Tushvandar Upazila Post Office', 5520, 271),
(4103, 'Meher Nagar', 5520, 271),
(4104, 'Madati', 5520, 271),
(4105, 'Karimpur', 5520, 271),
(4106, 'Kakina', 5520, 271),
(4107, 'Goral', 5520, 271),
(4108, 'Ghongagachh', 5520, 271),
(4109, 'Dalgram', 5520, 271),
(4110, 'Dahuli', 5520, 271),
(4111, 'Votmari', 5520, 271),
(4112, 'Fulkumar', 5670, 272),
(4113, 'Shilkuri', 5670, 272),
(4114, 'Vurangamari Upazila Post Offic', 5670, 272),
(4115, 'Balabari Hat', 5630, 273),
(4116, 'Chilmari Ramna', 5630, 273),
(4117, 'Chilmari Upozila Post Office', 5630, 273),
(4118, 'Jorgachh S O', 5631, 273),
(4119, 'Buraburi', 5600, 274),
(4120, 'Mogal Basa', 5600, 274),
(4121, 'Vogdanga', 5600, 274),
(4122, 'Narayanpur', 5600, 274),
(4123, 'Neoashi', 5600, 274),
(4124, 'Nun Khaoa', 5600, 274),
(4125, 'Pachgasi', 5600, 274),
(4126, 'Payradanga', 5600, 274),
(4127, 'Shalmara', 5600, 274),
(4128, 'Shirishpur Matharganj', 5600, 274),
(4129, 'Tograi Hat', 5600, 274),
(4130, 'Vitarband', 5600, 274),
(4131, 'Kurigram Main Post Office', 5600, 274),
(4132, 'Khudirkuti', 5600, 274),
(4133, 'Khocharbari', 5600, 274),
(4134, 'Daikhaoor Char', 5600, 274),
(4135, 'Halokhana', 5600, 274),
(4136, 'Hasnabad', 5600, 274),
(4137, 'Chandijan', 5600, 274),
(4138, 'Jatrapur', 5600, 274),
(4139, 'Kanua', 5600, 274),
(4140, 'Kathalbari', 5600, 274),
(4141, 'Khalilgonj', 5600, 274),
(4142, 'Ghogadaha', 5600, 274),
(4143, 'Fakerhat', 5601, 274),
(4144, 'Pandua SO', 5601, 274),
(4145, 'Pachpeer', 5601, 274),
(4146, 'Phulbari Upazila Post Office', 5680, 274),
(4147, 'Rabai Tari', 5680, 274),
(4148, 'Gangar Hat', 5680, 274),
(4149, 'New Baravita', 5680, 274),
(4150, 'Naotara', 5680, 274),
(4151, 'Ansarhat', 5660, 276),
(4152, 'Paikarchara', 5660, 276),
(4153, 'Nakhargonj', 5660, 276),
(4154, 'Nagesshwari Bazar', 5660, 276),
(4155, 'Nagasshwari Upazila Post Offic', 5660, 276),
(4156, 'Nagarbandha', 5660, 276),
(4157, 'Kochakata', 5660, 276),
(4158, 'Kedar', 5660, 276),
(4159, 'Joymonirhat', 5660, 276),
(4160, 'Gagla', 5660, 276),
(4161, 'Beparihat', 5660, 276),
(4162, 'Bangla Sonahat', 5660, 276),
(4163, 'Baldia', 5660, 276),
(4164, 'Sukhyati', 5660, 276),
(4165, 'Baidyer Bazar', 5610, 277),
(4166, 'Sindurmati', 5610, 277),
(4167, 'Razarhat Upazila Post Office', 5610, 277),
(4168, 'Ratigram', 5610, 277),
(4169, 'Meererbari', 5610, 277),
(4170, 'Gharialdanga', 5610, 277),
(4171, 'Daldalia', 5610, 277),
(4172, 'Singer Dabrihat', 5610, 277),
(4173, 'Kadomtala', 5611, 277),
(4174, 'Nazim Kha SO', 5611, 277),
(4175, 'Jorsoyra', 5611, 277),
(4176, 'Kodalkati', 5650, 278),
(4177, 'Rajibpur Upazila Post Office', 5650, 278),
(4178, 'Charshoulmari', 5640, 279),
(4179, 'Datvanga', 5640, 279),
(4180, 'Gendar Alga', 5640, 279),
(4181, 'Jadurchar', 5640, 279),
(4182, 'Nayerhat', 5640, 279),
(4183, 'Rowmari Upazila Post Office', 5640, 279),
(4184, 'Shoulmari', 5640, 279),
(4185, 'Teparchar', 5640, 279),
(4186, 'Bagua', 5620, 280),
(4187, 'Ulipur Upazila Post Office', 5620, 280),
(4188, 'Tabakpur', 5620, 280),
(4189, 'Satdarga Madrasa', 5620, 280),
(4190, 'Ranigonj', 5620, 280),
(4191, 'Patoari', 5620, 280),
(4192, 'Nuton Anantapur', 5620, 280),
(4193, 'Narikelbari', 5620, 280),
(4194, 'Mandalerhat', 5620, 280),
(4195, 'Kurigram Bazar', 5620, 280),
(4196, 'Jumarhat', 5620, 280),
(4197, 'Hinjuli', 5620, 280),
(4198, 'Hazirhat', 5620, 280),
(4199, 'Dharanibari', 5620, 280),
(4200, 'Dhamsreni', 5620, 280),
(4201, 'Bakarerhat', 5620, 280),
(4202, 'Vabanagar', 5620, 280),
(4203, 'Kashim Bazar', 5621, 280),
(4204, 'Bazrahat SO', 5621, 280),
(4205, 'Bodiakhali', 5750, 281),
(4206, 'Bonarpara Upazila Post Office', 5750, 281),
(4207, 'Padum Shahar', 5750, 281),
(4208, 'Ullya Sonatala', 5750, 281),
(4209, 'Barkona', 5751, 281),
(4210, 'Dak Banglabazar', 5751, 281),
(4211, 'Saghata SO', 5751, 281),
(4212, 'Amlagasi', 5700, 282),
(4213, 'Kanchibari', 5700, 282),
(4214, 'Khodda Komarpur', 5700, 282),
(4215, 'Kuptala', 5700, 282),
(4216, 'Manoharpur', 5700, 282),
(4217, 'Mohaangonj', 5700, 282),
(4218, 'Mollarchar', 5700, 282),
(4219, 'Purnanagar', 5700, 282),
(4220, 'Rahamatpur', 5700, 282),
(4221, 'Rather Bazar', 5700, 282),
(4222, 'Rawshan Bag', 5700, 282),
(4223, 'Rupar Bazar', 5700, 282),
(4224, 'Shovagonj', 5700, 282),
(4225, 'Sicha', 5700, 282),
(4226, 'Taluk Jamira', 5700, 282),
(4227, 'Tulshighat', 5700, 282),
(4228, 'Udakhali', 5700, 282),
(4229, 'Kamarjani Divisional Br. Offic', 5700, 282),
(4230, 'Hat Dariapur', 5700, 282),
(4231, 'Halimnagar', 5700, 282),
(4232, 'Arendabari', 5700, 282),
(4233, 'Ballamjhar', 5700, 282),
(4234, 'Banglabazar', 5700, 282),
(4235, 'Belka', 5700, 282),
(4236, 'Bishnupur', 5700, 282),
(4237, 'Chandipur', 5700, 282),
(4238, 'Charerhat', 5700, 282),
(4239, 'Dharampur', 5700, 282),
(4240, 'Dholvanga', 5700, 282),
(4241, 'Dhubni Bazar', 5700, 282),
(4242, 'Fakirhat', 5700, 282),
(4243, 'Fazlupur', 5700, 282),
(4244, 'Gaibandha College', 5700, 282),
(4245, 'Gaibandha Main Post Office', 5700, 282),
(4246, 'Gidaree', 5700, 282),
(4247, 'Gunvari', 5700, 282),
(4248, 'Vabanigonj', 5700, 282),
(4249, 'Bagulagari', 5740, 283),
(4250, 'Sahebgonj', 5740, 283),
(4251, 'Pargoyra', 5740, 283),
(4252, 'Panditpur', 5740, 283),
(4253, 'Nakai Hat', 5740, 283),
(4254, 'Kajla', 5740, 283),
(4255, 'Gobindagonj Upazila Post Offic', 5740, 283),
(4256, 'Ful Pukuria', 5740, 283),
(4257, 'Bishubari', 5740, 283),
(4258, 'Gabindagonj College', 5740, 283),
(4259, 'Damgari', 5740, 283),
(4260, 'Ratanpur', 5741, 283),
(4261, 'Chandpara', 5741, 283),
(4262, 'Jagadeeshpur', 5741, 283),
(4263, 'Mahimagonj SO', 5741, 283),
(4264, 'Kochashahar', 5741, 283),
(4265, 'Kamalerpara', 5741, 283),
(4266, 'Jalalabad', 5741, 283),
(4267, 'Sardarerhat', 5741, 283),
(4268, 'Amlagasi', 5730, 284),
(4269, 'Rather bazar', 5730, 284),
(4270, 'Palashbari Upazila Post Office', 5730, 284),
(4271, 'Merirhat', 5730, 284),
(4272, 'Mahipur Bazar', 5730, 284),
(4273, 'Laldighi Mela', 5730, 284),
(4274, 'Khodkumar pur', 5730, 284),
(4275, 'Khejmatpur', 5730, 284),
(4276, 'Dholvanga', 5730, 284),
(4277, 'Dhaperhat', 5730, 284),
(4278, 'Chatrakachari', 5730, 284),
(4279, 'Basudabpur', 5730, 284),
(4280, 'Valuk Kanpur', 5730, 284),
(4281, 'Fulkhhari Upazila Post Office', 5760, 285),
(4282, 'Khamar Dhanaruha', 5761, 285),
(4283, 'Varatkhali', 5761, 285),
(4284, 'Vatgram', 5710, 286),
(4285, 'Gheger Bazar', 5710, 286),
(4286, 'Gopigram', 5710, 286),
(4287, 'Jahangirabad', 5710, 286),
(4288, 'Sadullahpur Upazila Post Offic', 5710, 286),
(4289, 'Panbazar', 5710, 286),
(4290, 'Sandiapur', 5711, 286),
(4291, 'Naldanga SO', 5711, 286),
(4292, 'Kantanagar', 5711, 286),
(4293, 'Kamarpara', 5711, 286),
(4294, 'Hat Laxmipr', 5711, 286),
(4295, 'Bazarpara', 5711, 286),
(4296, 'Tarapur', 5720, 287),
(4297, 'Sundargonj Upazila Post Office', 5720, 287),
(4298, 'Salarhati Mandaler Hat', 5720, 287),
(4299, 'Saitantala', 5720, 287),
(4300, 'Jhinia', 5720, 287),
(4301, 'Faridpur', 5721, 287),
(4302, 'Hulashugonj', 5721, 287),
(4303, 'Falgasa', 5721, 287),
(4304, 'Kandirhat', 5721, 287),
(4305, 'Matinpur', 5721, 287),
(4306, 'Deulpara', 5721, 287),
(4307, 'Chowdhurani', 5721, 287),
(4308, 'Bamandanga SO', 5721, 287),
(4309, 'Balarhat', 5721, 287),
(4310, 'Abadpukr Hat', 5890, 288),
(4311, 'Shalgram', 5890, 288),
(4312, 'Vandargram', 5890, 288),
(4313, 'Kalai Kuri', 5890, 288),
(4314, 'Bihigram', 5890, 288),
(4315, 'Adam Dighi Upazila Post Office', 5890, 288),
(4316, 'Santahar LSG', 5891, 288),
(4317, 'Satni Dhekra', 5891, 288),
(4318, 'Gabindapur', 5892, 288),
(4319, 'Karai Kobelabad', 5892, 288),
(4320, 'Nasharathpur SO', 5892, 288),
(4321, 'Sanail', 5892, 288),
(4322, 'Karai Madrasa', 5892, 288),
(4323, 'Arola', 5800, 289),
(4324, 'Mahasthan Museum ', 5800, 289),
(4325, 'Mahishaban', 5800, 289),
(4326, 'Majhira', 5800, 289),
(4327, 'Maria', 5800, 289),
(4328, 'Mostafaria Title Madrasa', 5800, 289),
(4329, 'Nagarhat', 5800, 289),
(4330, 'Nashipur Bagbara', 5800, 289),
(4331, 'Noongola', 5800, 289),
(4332, 'Paikar', 5800, 289),
(4333, 'Palli Mangal Hat', 5800, 289),
(4334, 'Peergachha', 5800, 289),
(4335, 'Poalgachha', 5800, 289),
(4336, 'Remeshwarpur', 5800, 289),
(4337, 'Shabgram', 5800, 289),
(4338, 'Shabrul', 5800, 289),
(4339, 'Shekher Kola', 5800, 289),
(4340, 'Mahasthan', 5800, 289),
(4341, 'Madla', 5800, 289),
(4342, 'Arulia', 5800, 289),
(4343, 'Baliadighi', 5800, 289),
(4344, 'Bererbari', 5800, 289),
(4345, 'Bilchapri', 5800, 289),
(4346, 'Bogra Main Post Office', 5800, 289),
(4347, 'Bohail', 5800, 289),
(4348, 'Demajani', 5800, 289),
(4349, 'Gohael', 5800, 289),
(4350, 'Gokul', 5800, 289),
(4351, 'Hajradighi', 5800, 289),
(4352, 'Kagel', 5800, 289),
(4353, 'Kahola', 5800, 289),
(4354, 'Kalakopa', 5800, 289),
(4355, 'Kharna', 5800, 289),
(4356, 'Langluhat', 5800, 289),
(4357, 'Vabanigonj', 5800, 289),
(4358, 'Bogra Cant. SO', 5801, 289),
(4359, 'Alangi', 5850, 291),
(4360, 'Dhunat Upazila Post Office', 5850, 291),
(4361, 'Harinath Pur', 5850, 291),
(4362, 'Nimgachi', 5850, 291),
(4363, 'Pechibari', 5850, 291),
(4364, 'Sonamukhi Hat', 5850, 291),
(4365, 'Gosaibari EDSO', 5851, 291),
(4366, 'Taluch JK College', 5880, 292),
(4367, 'Kalai Raj Bati', 5880, 292),
(4368, 'Kazipara', 5880, 292),
(4369, 'Gunahar', 5880, 292),
(4370, 'Kolgram', 5880, 292),
(4371, 'Dupachaia Upazila Post Office', 5880, 292),
(4372, 'Chamrul', 5880, 292),
(4373, 'Chalujahat', 5880, 292),
(4374, 'Karamji Madrasa', 5880, 292),
(4375, 'Kundagram', 5881, 292),
(4376, 'Mirpara', 5881, 292),
(4377, 'Talora SO', 5881, 292),
(4378, 'Jamgram', 5881, 292),
(4379, 'Durgapur', 5881, 292),
(4380, 'Deogram', 5881, 292),
(4381, 'Chapapur', 5881, 292),
(4382, 'Changaer', 5881, 292),
(4383, 'Altaf Nagar', 5881, 292),
(4384, 'Beguni', 5820, 293),
(4385, 'Durgahata', 5820, 293),
(4386, 'Gabtali Upazila Post Office', 5820, 293),
(4387, 'Hatfulbari', 5820, 293),
(4388, 'Narua Malahat', 5820, 293),
(4389, 'Sayed Ahmad College', 5821, 293),
(4390, 'Mahicharan Hat', 5821, 293),
(4391, 'Karpur', 5821, 293),
(4392, 'Jamirbaria Hat', 5821, 293),
(4393, 'Hat Karamja', 5821, 293),
(4394, 'Sukhan Pukur SO', 5821, 293),
(4395, 'Agar Malancha', 5870, 294),
(4396, 'Bamuza', 5870, 294),
(4397, 'Kahalu Upazila Post Office', 5870, 294),
(4398, 'Loknathpara', 5870, 294),
(4399, 'Narhatra', 5870, 294),
(4400, 'Tindighi', 5870, 294),
(4401, 'Valshun', 5870, 294),
(4402, 'Bijrul', 5860, 296),
(4403, 'Bingram', 5860, 296),
(4404, 'Dhundar', 5860, 296),
(4405, 'Hat Karai', 5860, 296),
(4406, 'Kumira Panditpur', 5860, 296),
(4407, 'Kundar Hat', 5860, 296),
(4408, 'Nandigram Upazila Post Office', 5860, 296),
(4409, 'Ranabagha', 5860, 296),
(4410, 'Vatra', 5860, 296),
(4411, 'Narchi', 5830, 297),
(4412, 'Sariakandi Upazila Post Office', 5830, 297),
(4413, 'Ramchandrapur', 5830, 297),
(4414, 'Hat Sherpur', 5830, 297),
(4415, 'Radhikanagar', 5830, 297),
(4416, 'Niz Balael', 5830, 297),
(4417, 'Mathurapara', 5830, 297),
(4418, 'New Sonatala', 5830, 297),
(4419, 'New Sariakandi', 5831, 297),
(4420, 'Awolakandi', 5831, 297),
(4421, 'Kutubpur', 5831, 297),
(4422, 'Jorgachha', 5831, 297),
(4423, 'Chikashi', 5831, 297),
(4424, 'Chandan Baisha SO', 5831, 297),
(4425, 'Shemulbari', 5831, 297),
(4426, 'Bishalpur', 5840, 298),
(4427, 'Mirzapur', 5840, 298),
(4428, 'Sanka', 5840, 298),
(4429, 'Kharmarkandi', 5840, 298),
(4430, 'Khanupur', 5840, 298),
(4431, 'Kallyani', 5840, 298),
(4432, 'Jamur', 5840, 298),
(4433, 'Garidaha', 5840, 298),
(4434, 'Sherpur Upazila Post Office', 5840, 298),
(4435, 'Pechul', 5840, 298),
(4436, 'Satiani', 5841, 298),
(4437, 'Peer Hati', 5841, 298),
(4438, 'Mahisuura', 5841, 298),
(4439, 'Khatiamari', 5841, 298),
(4440, 'Chandikona SO', 5841, 298),
(4441, 'Vaabanipur', 5841, 298),
(4442, 'Atmul', 5810, 299),
(4443, 'Shibgonj Upazila Post Office', 5810, 299),
(4444, 'Shiali', 5810, 299),
(4445, 'Purgram', 5810, 299),
(4446, 'Punat', 5810, 299),
(4447, 'Panitala Hat', 5810, 299),
(4448, 'Moshlemgonj', 5810, 299),
(4449, 'Mokamtala', 5810, 299),
(4450, 'Matrai', 5810, 299),
(4451, 'Kichalk', 5810, 299),
(4452, 'Gujia', 5810, 299),
(4453, 'Deuli', 5810, 299),
(4454, 'Daridaha', 5810, 299),
(4455, 'Burigonj', 5810, 299),
(4456, 'Bihar Hat', 5810, 299),
(4457, 'Vayerpukur Hat', 5810, 299),
(4458, 'Baluahat', 5826, 300),
(4459, 'Tekani Chukai Nagar', 5826, 300),
(4460, 'Sonatala Upazila Post Office', 5826, 300),
(4461, 'Pakulla', 5826, 300),
(4462, 'Jumarbari', 5826, 300),
(4463, 'Huakua', 5826, 300),
(4464, 'Harikhali', 5826, 300),
(4465, 'Gangnagar', 5826, 300),
(4466, 'Bariahat', 5826, 300),
(4467, 'Velurpara', 5826, 300),
(4468, 'Akkelpur Upazila Post Office', 5940, 301),
(4469, 'Zafarpur', 5940, 301),
(4470, 'Zabaripur Hat', 5940, 301),
(4471, 'Vhandarpur', 5940, 301),
(4472, 'Srerampur', 5940, 301),
(4473, 'Sonamukhi', 5940, 301),
(4474, 'Rasulpur', 5940, 301),
(4475, 'Zianagar hat', 5940, 301),
(4476, 'Mela Gopinathpur', 5940, 301),
(4477, 'Mahishmunda', 5940, 301),
(4478, 'Banaich', 5940, 301),
(4479, 'Kolahat', 5940, 301),
(4480, 'Kanupur', 5940, 301),
(4481, 'Oitihasik Paharpur', 5941, 301),
(4482, 'Jamalgonj SO', 5941, 301),
(4483, 'Mohanpur', 5942, 301),
(4484, 'Bilasbari', 5942, 301),
(4485, 'Tilakpur S O', 5942, 301),
(4486, 'Kashira', 5942, 301),
(4487, 'Satingram', 5942, 301),
(4488, 'Raikali', 5942, 301),
(4489, 'Punduria', 5942, 301),
(4490, 'Amdoi', 5900, 302),
(4491, 'Karai Madrasa', 5900, 302),
(4492, 'Khanjanpur', 5900, 302),
(4493, 'Maallikpur', 5900, 302),
(4494, 'Mangalbari', 5900, 302),
(4495, 'Narayanpara', 5900, 302),
(4496, 'Puranpail', 5900, 302),
(4497, 'Satinali', 5900, 302),
(4498, 'Vatkota', 5900, 302),
(4499, 'Jaypur Hat Main Post Office', 5900, 302),
(4500, 'Hanail Madrasa', 5900, 302),
(4501, 'Baniapara', 5900, 302),
(4502, 'Bishnupur', 5900, 302),
(4503, 'Bogra Parbatipur', 5900, 302),
(4504, 'Chalktaiyeb', 5900, 302),
(4505, 'Chalkvarunia Madrasa', 5900, 302),
(4506, 'Dargatalahat', 5900, 302),
(4507, 'Esabpur', 5900, 302),
(4508, 'Farsi Para', 5900, 302),
(4509, 'Vatkunda', 5900, 302),
(4510, 'Begungram', 5930, 303),
(4511, 'Hatiar', 5930, 303),
(4512, 'Kalai Upazila Post Office', 5930, 303),
(4513, 'Uttar Hatshahar', 5930, 303),
(4514, 'Hindakosba', 5920, 304),
(4515, 'Khetlal Upazila Post Office', 5920, 304),
(4516, 'Molamgari Hat', 5920, 304),
(4517, 'Shebpur', 5920, 304),
(4518, 'Shibpur', 5920, 304),
(4519, 'Atapur', 5910, 305),
(4520, 'Birnagar', 5910, 305),
(4521, 'Char Barkat', 5910, 305),
(4522, 'Dhalahar', 5910, 305),
(4523, 'Dibakarpur', 5910, 305),
(4524, 'Faria', 5910, 305),
(4525, 'Nikardighi', 5910, 305),
(4526, 'Pachbibi Upazila Post Office', 5910, 305),
(4527, 'Vutiapara', 5910, 305),
(4528, 'Bagha Upazila Post Office', 6280, 306),
(4529, 'Monigram', 6280, 306),
(4530, 'Arani EDSO', 6281, 306),
(4531, 'Vabanigonj Upazila Post Office', 6250, 307),
(4532, 'Machmail', 6250, 307),
(4533, 'Hat Gangopara', 6250, 307),
(4534, 'Deepnagar', 6250, 307),
(4535, 'Bara Bihanali', 6250, 307),
(4536, 'Baghmara', 6250, 307),
(4537, 'Goalkandi', 6251, 307),
(4538, 'Koyamajampur', 6251, 307),
(4539, 'Sadopara', 6251, 307),
(4540, 'Tahirpur SO', 6251, 307),
(4541, 'Alibad', 6251, 307),
(4542, 'Mirgonj', 6270, 308),
(4543, 'Charghat Upazila Post Office', 6270, 308),
(4544, 'Dakra', 6270, 308),
(4545, 'Paranpur', 6270, 308),
(4546, 'Sarda SO', 6271, 308),
(4547, 'Rustampur', 6271, 308),
(4548, 'Muktarpur', 6271, 308),
(4549, 'Bausa', 6271, 308),
(4550, 'Jamnagar', 6271, 308),
(4551, 'Jamira', 6271, 308),
(4552, 'Hat Jhikra', 6271, 308),
(4553, 'Shalua', 6271, 308),
(4554, 'Baktiarpur', 6240, 309),
(4555, 'Belgharia', 6240, 309),
(4556, 'Durgapur Upazila Post Office', 6240, 309),
(4557, 'Pannanagar', 6240, 309),
(4558, 'Char Alatoli', 6290, 311),
(4559, 'Char Ashariadaha', 6290, 311),
(4560, 'Char Harishpur', 6290, 311),
(4561, 'Godagari Upazila Post Office', 6290, 311),
(4562, 'Mahishalbari', 6290, 311),
(4563, 'Pirijpur', 6290, 311),
(4564, 'Premtali EDSO', 6291, 311),
(4565, 'Dhurel', 6220, 312),
(4566, 'Gochha', 6220, 312),
(4567, 'Hatra', 6220, 312),
(4568, 'Jahanabad', 6220, 312),
(4569, 'Keshar Hat', 6220, 312),
(4570, 'Khorda Mohanpur Upazila P.O', 6220, 312),
(4571, 'Tetulia', 6220, 312),
(4572, 'Lalitgonj Upazila Post Office', 6210, 313),
(4573, 'Paba Upazila Complex', 6210, 313),
(4574, 'Hat Godagari', 6211, 313),
(4575, 'Rajshahi Sugar Mills SO', 6211, 313),
(4576, 'Shyampur EDSO', 6212, 313),
(4577, 'Beneswar Hat', 6260, 314),
(4578, 'Dhokrakul', 6260, 314),
(4579, 'Dhopapara', 6260, 314),
(4580, 'Jeupara', 6260, 314),
(4581, 'Nandangachhi', 6260, 314),
(4582, 'Nandanpur', 6260, 314),
(4583, 'Putia Upazila Post Office', 6260, 314),
(4584, 'Satbaria', 6260, 314),
(4585, 'Shibpur Hat', 6260, 314),
(4586, 'Bagdhani', 6000, 315),
(4587, 'Kakon Hat', 6000, 315),
(4588, 'Kaligonj', 6000, 315),
(4589, 'Mandail', 6000, 315),
(4590, 'Narayanpur', 6000, 315),
(4591, 'Pakri', 6000, 315),
(4592, 'Panihar', 6000, 315),
(4593, 'Rajshahi Division', 6000, 315),
(4594, 'Saranjai', 6000, 315),
(4595, 'Gogram', 6000, 315),
(4596, 'Shitlai', 6000, 315),
(4597, 'Baragachhi', 6000, 315),
(4598, 'Basantakedar', 6000, 315),
(4599, 'Chabbish Nagar', 6000, 315),
(4600, 'Damkumrahat', 6000, 315),
(4601, 'Daokandi', 6000, 315),
(4602, 'Dhopaghata', 6000, 315),
(4603, 'Dorusa', 6000, 315),
(4604, 'Ghorama Main Post Office', 6100, 315),
(4605, 'Haripur EDBO', 6201, 315),
(4606, 'Rajshahi Court TSO', 6201, 315),
(4607, 'Rajshahi Cantonment TSO', 6202, 315),
(4608, 'Sapura TSO', 6203, 315),
(4609, 'Kajla TSO', 6204, 315),
(4610, 'Kharkhari Hat', 6204, 315),
(4611, 'Rajshahi University LSG', 6205, 315),
(4612, 'Binodpur Bazar TSO', 6206, 315),
(4613, 'Balatair', 6230, 317),
(4614, 'Talanda', 6230, 317),
(4615, 'Ramgaon', 6230, 317),
(4616, 'Pakchandpur', 6230, 317),
(4617, 'Malshira', 6230, 317),
(4618, 'Krishnapur', 6230, 317),
(4619, 'Kharibari Hat', 6230, 317),
(4620, 'Kamar Gaon', 6230, 317),
(4621, 'Charkhor', 6230, 317),
(4622, 'Chandan Kota', 6230, 317),
(4623, 'Tanor Upazila Post Office', 6230, 317),
(4624, 'Bazratek', 6330, 318),
(4625, 'Suranpur', 6330, 318),
(4626, 'Volahat Upazila Post Office', 6330, 318),
(4627, 'Upar Rajarampur', 6300, 319),
(4628, 'Gobratala', 6300, 319),
(4629, 'Tikarampur', 6300, 319),
(4630, 'Islampur', 6300, 319),
(4631, 'Mahipur', 6300, 319),
(4632, 'Moharajpur', 6300, 319),
(4633, 'Namoshangkar Bati', 6300, 319),
(4634, 'Ranihati', 6300, 319),
(4635, 'Sattrajitpur', 6300, 319),
(4636, 'Ghana Shyampur', 6300, 319),
(4637, 'Dhainagar', 6300, 319),
(4638, 'Baliadanga', 6300, 319),
(4639, 'Bamanga', 6300, 319),
(4640, 'Bar Gharia', 6300, 319),
(4641, 'Basudebpur', 6300, 319),
(4642, 'Chapai Durgapur', 6300, 319),
(4643, 'Chapai Nababgonj Main Post Off', 6300, 319),
(4644, 'Chouhadditola', 6300, 319),
(4645, 'Debinagar', 6300, 319),
(4646, 'Razarampur EDSO', 6301, 319),
(4647, 'Kalinagar', 6302, 319),
(4648, 'Ramchandrapur Hat EDSO', 6302, 319),
(4649, 'Sundarpur', 6302, 319),
(4650, 'Hat Bakil', 6303, 319),
(4651, 'Amnura S O', 6303, 319),
(4652, 'Madhabpur', 6310, 320),
(4653, 'Nachol Upazila Post Office', 6310, 320),
(4654, 'Mundumalahat EDSO', 6311, 320),
(4655, 'Akkelpur', 6320, 321),
(4656, 'Sonai Chandihat', 6320, 321),
(4657, 'Rahanpur Upazila Post Office', 6320, 321),
(4658, 'Polladanga', 6320, 321),
(4659, 'Gopinathpur', 6320, 321),
(4660, 'Deupura', 6320, 321),
(4661, 'Uzirpur', 6320, 321),
(4662, 'Alampur', 6320, 321),
(4663, 'Boalia', 6320, 321),
(4664, 'Alinagar', 6320, 321),
(4665, 'Bara Dadpur', 6320, 321),
(4666, 'Argarahat', 6321, 321),
(4667, 'Mirzapur', 6321, 321),
(4668, 'Mallikpur', 6321, 321),
(4669, 'Gomastapur SO', 6321, 321),
(4670, 'Choudala', 6321, 321),
(4671, 'Chanddpur', 6321, 321),
(4672, 'Adina College', 6340, 322),
(4673, 'Shibgonj Upazila Post Office', 6340, 322),
(4674, 'Radhakantapur', 6340, 322),
(4675, 'Surja Narayanpur', 6340, 322),
(4676, 'Chartra', 6341, 322),
(4677, 'Charkirti', 6341, 322),
(4678, 'Mollatola', 6341, 322),
(4679, 'Azmatpur', 6341, 322),
(4680, 'Kansati S O', 6341, 322),
(4681, 'Hasanpur', 6342, 322),
(4682, 'Manakasha SO', 6342, 322),
(4683, 'Binodpur', 6342, 322),
(4684, 'Sahapara', 6342, 322),
(4685, 'Gopalpur Upazila Post Office', 6420, 323),
(4686, 'Lokmanpur', 6420, 323),
(4687, 'Salampur', 6420, 323),
(4688, 'Bengari', 6421, 323),
(4689, 'Bilmaaria', 6421, 323),
(4690, 'Lalpur SO', 6421, 323),
(4691, 'Pansipara', 6421, 323),
(4692, 'Abdulpur EDSO', 6422, 323),
(4693, 'Haroa Upazila Post Office', 6430, 324),
(4694, 'Dayarampur SO', 6431, 324),
(4695, 'Oalia', 6431, 324),
(4696, 'Baraigram EDSO', 6432, 324),
(4697, 'Bilsa', 6440, 325),
(4698, 'Chachkair', 6440, 325),
(4699, 'Dharabarisha', 6440, 325),
(4700, 'Hat Grudaspur Upazila PO', 6440, 325),
(4701, 'Khubjipur', 6440, 325),
(4702, 'Nazirpur Hat', 6440, 325),
(4703, 'Bashbaria', 6410, 326),
(4704, 'Laxmanhati Upazila Post Office', 6410, 326),
(4705, 'Lokmanpur', 6410, 326),
(4706, 'Sonapur Bazar', 6410, 326),
(4707, 'Tamaltala', 6410, 326),
(4708, 'Yasinpur', 6410, 326),
(4709, 'Ahmadpur', 6400, 327),
(4710, 'Upar Bazar', 6400, 327),
(4711, 'Laxmikol', 6400, 327),
(4712, 'Mirzapur Digha', 6400, 327),
(4713, 'Naldanga Hat', 6400, 327),
(4714, 'Natore Main Post Office', 6400, 327),
(4715, 'Natore RS', 6400, 327),
(4716, 'Noaapara Hat', 6400, 327),
(4717, 'Paikardol', 6400, 327),
(4718, 'Patul', 6400, 327),
(4719, 'Peergonj', 6400, 327),
(4720, 'Rahamatpur Bazar', 6400, 327),
(4721, 'Satni', 6400, 327),
(4722, 'Laaxmipur', 6400, 327),
(4723, 'Dharel', 6400, 327),
(4724, 'Jooari', 6400, 327),
(4725, 'Jangli', 6400, 327),
(4726, 'Biprahalsha', 6400, 327),
(4727, 'Bripathuria', 6400, 327),
(4728, 'Haridakhalshi', 6400, 327),
(4729, 'Habibabad', 6400, 327),
(4730, 'Dangapara', 6401, 327),
(4731, 'Lalore', 6401, 327),
(4732, 'Dighapatia SO', 6401, 327),
(4733, 'Baidya Belgharia EDSO', 6402, 327),
(4734, 'Mangalpara', 6403, 327);
INSERT INTO `sms_post_office` (`id`, `name`, `post_code`, `thana_id`) VALUES
(4735, 'Madhabnagar SO', 6403, 327),
(4736, 'Brahamapur', 6403, 327),
(4737, 'Birkuthsa', 6403, 327),
(4738, 'Janarnadanbati', 6403, 327),
(4739, 'Sadhanpur', 6403, 327),
(4740, 'Kholabaria', 6403, 327),
(4741, 'Bamihal', 6450, 328),
(4742, 'Singra Upazila Post Office', 6450, 328),
(4743, 'Sherkol', 6450, 328),
(4744, 'Ramananda Khajuria', 6450, 328),
(4745, 'Kalam', 6450, 328),
(4746, 'Hul Hulia', 6450, 328),
(4747, 'Dipakuria', 6450, 328),
(4748, 'Chougram', 6450, 328),
(4749, 'Chamri', 6450, 328),
(4750, 'Bil Dohar', 6450, 328),
(4751, 'Bias', 6450, 328),
(4752, 'Baria', 6450, 328),
(4753, 'Sthopan Dighi', 6450, 328),
(4754, 'Ahasangonj Upazila Post Office', 6596, 329),
(4755, 'Pachupur', 6596, 329),
(4756, 'Palsha', 6596, 329),
(4757, 'Pareshnagar', 6596, 329),
(4758, 'Patishar', 6596, 329),
(4759, 'Raghunathpur', 6596, 329),
(4760, 'Sahagola', 6596, 329),
(4761, 'Salia', 6596, 329),
(4762, 'Vagnagar Kandi', 6596, 329),
(4763, 'Vangajangail', 6596, 329),
(4764, 'Vatkhali', 6596, 329),
(4765, 'Vopara', 6596, 329),
(4766, 'Kusumbi', 6596, 329),
(4767, 'Kumira', 6596, 329),
(4768, 'Amrul Kasba', 6596, 329),
(4769, 'Korachmaria', 6596, 329),
(4770, 'Kamarbari', 6596, 329),
(4771, 'Jhikra', 6596, 329),
(4772, 'Islamgati', 6596, 329),
(4773, 'Guata', 6596, 329),
(4774, 'Bandhaikhara SO', 6597, 329),
(4775, 'Hat Madhnagar', 6597, 329),
(4776, 'Hat Mozahargonj', 6597, 329),
(4777, 'Hulikhali', 6597, 329),
(4778, 'Nasirgonj', 6597, 329),
(4779, 'Mirat', 6597, 329),
(4780, 'Badalgachhi Upazila Post Offic', 6570, 330),
(4781, 'Prodhankunti', 6570, 330),
(4782, 'Vatshail', 6570, 330),
(4783, 'Dhamerhat Upazila Post Office', 6580, 331),
(4784, 'Vatkugu', 6580, 331),
(4785, 'Anayatpur', 6530, 333),
(4786, 'Satra', 6530, 333),
(4787, 'Roygaon', 6530, 333),
(4788, 'Paharpur', 6530, 333),
(4789, 'Mahish Bathan', 6530, 333),
(4790, 'Mahadebpur Upazila Post Office', 6530, 333),
(4791, 'Khajur', 6530, 333),
(4792, 'Joanpur', 6530, 333),
(4793, 'Hazinagar', 6530, 333),
(4794, 'Dashnagar', 6530, 333),
(4795, 'Dashnagar', 6530, 333),
(4796, 'Dariapur', 6530, 333),
(4797, 'Chandas', 6530, 333),
(4798, 'Belukuri', 6530, 333),
(4799, 'Barbakpur', 6530, 333),
(4800, 'Bamin', 6530, 333),
(4801, 'Sujailhat', 6530, 333),
(4802, 'Aledadpur', 6500, 334),
(4803, 'Kitipur', 6500, 334),
(4804, 'Maheshpur', 6500, 334),
(4805, 'Mainam', 6500, 334),
(4806, 'Naogaon Main Post Office', 6500, 334),
(4807, 'Nazirpur', 6500, 334),
(4808, 'Saraswatipur', 6500, 334),
(4809, 'Satihat', 6500, 334),
(4810, 'Uttar Gram', 6500, 334),
(4811, 'Khalshi', 6500, 334),
(4812, 'Hat Chalkgouri', 6500, 334),
(4813, 'Arji Noagaon', 6500, 334),
(4814, 'Baluvara', 6500, 334),
(4815, 'Barshail', 6500, 334),
(4816, 'Begunjoar', 6500, 334),
(4817, 'Chakatith', 6500, 334),
(4818, 'Chandipur', 6500, 334),
(4819, 'Dubalhati', 6500, 334),
(4820, 'Fatepur', 6500, 334),
(4821, 'Veempur', 6500, 334),
(4822, 'Gangor', 6520, 335),
(4823, 'Niamatpur Upazila Post Office', 6520, 335),
(4824, 'Rambari', 6520, 335),
(4825, 'Ramkura', 6520, 335),
(4826, 'Nitpur Upazila Post Office', 6550, 336),
(4827, 'Porsha EDSO', 6551, 336),
(4828, 'Ganguria EDSO', 6552, 336),
(4829, 'Baliachanda', 6540, 337),
(4830, 'Nishchintapur', 6540, 337),
(4831, 'Nonahar', 6540, 337),
(4832, 'Patnitala Bazar', 6540, 337),
(4833, 'Patnitala Upazila Post Office', 6540, 337),
(4834, 'Rahamanpur', 6540, 337),
(4835, 'Rangamati', 6540, 337),
(4836, 'Rasulpur', 6540, 337),
(4837, 'Shishahat', 6540, 337),
(4838, 'Nagorgola', 6540, 337),
(4839, 'Mallikpur', 6540, 337),
(4840, 'Laxmanpara', 6540, 337),
(4841, 'Bamil', 6540, 337),
(4842, 'Baragram', 6540, 337),
(4843, 'Birgram', 6540, 337),
(4844, 'Gaganpur', 6540, 337),
(4845, 'Ghatnagar', 6540, 337),
(4846, 'Karidaha', 6540, 337),
(4847, 'Katabari Division BO', 6540, 337),
(4848, 'Khelna', 6540, 337),
(4849, 'Tilna', 6540, 337),
(4850, 'Kashab', 6510, 338),
(4851, 'Prasadpur Upazila Post Office', 6510, 338),
(4852, 'Chalk Shailyahat', 6510, 338),
(4853, 'Pajarvanga', 6510, 338),
(4854, 'Jokahat', 6510, 338),
(4855, 'Jot Bazar', 6510, 338),
(4856, 'Napitpara', 6510, 338),
(4857, 'Pan Suriya', 6511, 338),
(4858, 'Manda SO', 6511, 338),
(4859, 'Kusumbi', 6511, 338),
(4860, 'Baidya Pur', 6511, 338),
(4861, 'Kaligram', 6511, 338),
(4862, 'Fetgram', 6511, 338),
(4863, 'Balu Bazar', 6511, 338),
(4864, 'Raamnagar', 6511, 338),
(4865, 'Balihar EDSO', 6512, 338),
(4866, 'Bilkrishnapur', 6590, 339),
(4867, 'Ratoal', 6590, 339),
(4868, 'Raninagar Upazila Post Office', 6590, 339),
(4869, 'Sonagramar', 6590, 339),
(4870, 'Khan Pukur', 6590, 339),
(4871, 'Gahela', 6590, 339),
(4872, 'Nandanali', 6591, 339),
(4873, 'Pak Anayetpur', 6591, 339),
(4874, 'Kashimpur SO', 6591, 339),
(4875, 'Shailgachhi', 6591, 339),
(4876, 'Paikra', 6591, 339),
(4877, 'Viul', 6560, 340),
(4878, 'Shyampur', 6560, 340),
(4879, 'Sapahar Upazila Post Office', 6560, 340),
(4880, 'Karmudanga', 6560, 340),
(4881, 'Jabai', 6560, 340),
(4882, 'Asharanda', 6560, 340),
(4883, 'Aihai', 6560, 340),
(4884, 'Jaamalpur', 6561, 340),
(4885, 'Usti', 6561, 340),
(4886, 'Shuvarajpur', 6561, 340),
(4887, 'Amanta', 6561, 340),
(4888, 'Mandaen', 6561, 340),
(4889, 'Madhuel SO', 6561, 340),
(4890, 'Bakrail', 6561, 340),
(4891, 'Agradigun', 6561, 340),
(4892, 'Allahbad', 6650, 341),
(4893, 'Pachpungli', 6650, 341),
(4894, 'Nurdaha', 6650, 341),
(4895, 'Nagdemra', 6650, 341),
(4896, 'Gopalnagar', 6650, 341),
(4897, 'Dighulia', 6650, 341),
(4898, 'Demra', 6650, 341),
(4899, 'Berhaulia', 6650, 341),
(4900, 'Banwari Nagar Upazila Post Off', 6650, 341),
(4901, 'Selanda', 6650, 341),
(4902, 'Aftab Nagar', 6680, 342),
(4903, 'Talat', 6680, 342),
(4904, 'Karshalika', 6680, 342),
(4905, 'Karamja', 6680, 342),
(4906, 'Bera Upazila Post Office', 6680, 342),
(4907, 'Bera Sonatala', 6680, 342),
(4908, 'Shailjana', 6681, 342),
(4909, 'Koitola', 6681, 342),
(4910, 'Nakalia SO', 6681, 342),
(4911, 'Chalk Chapari', 6681, 342),
(4912, 'Baghulpur', 6682, 342),
(4913, 'Rajnarayanpur', 6682, 342),
(4914, 'Pundaria', 6682, 342),
(4915, 'Paikar Hati', 6682, 342),
(4916, 'Bazar Aminpur', 6682, 342),
(4917, 'Nutan Mirpur', 6682, 342),
(4918, 'Mashundia Bazar ', 6682, 342),
(4919, 'Kashinathpur SO', 6682, 342),
(4920, 'Ahmadpur', 6682, 342),
(4921, 'Siddhanta Bagmara', 6683, 342),
(4922, 'Khanpura', 6683, 342),
(4923, 'Puran Varenga SO', 6683, 342),
(4924, 'Pukurpar', 6683, 342),
(4925, 'Nutan Varenga', 6683, 342),
(4926, 'Kalikabari', 6683, 342),
(4927, 'Astamanisha', 6640, 343),
(4928, 'Handial', 6640, 343),
(4929, 'Moydandighi', 6640, 343),
(4930, 'Shitlai', 6640, 343),
(4931, 'Vangura Upazila Post Office', 6640, 343),
(4932, 'Bamangram', 6630, 344),
(4933, 'Ramesshwarpur', 6630, 344),
(4934, 'Parsha Danga', 6630, 344),
(4935, 'Nagar', 6630, 344),
(4936, 'Nado Sayedpur', 6630, 344),
(4937, 'Mathurapur', 6630, 344),
(4938, 'Mahela Hat', 6630, 344),
(4939, 'Kochikata', 6630, 344),
(4940, 'Katenga', 6630, 344),
(4941, 'Jonail', 6630, 344),
(4942, 'Haaripur', 6630, 344),
(4943, 'Gunaigasa', 6630, 344),
(4944, 'Dhanuaghata', 6630, 344),
(4945, 'Dhamaich Hat', 6630, 344),
(4946, 'Chatmohar Upazila Post Office', 6630, 344),
(4947, 'Chatmohar RS', 6630, 344),
(4948, 'Chatmohar Natun Bazar', 6630, 344),
(4949, 'Saikola', 6630, 344),
(4950, 'Chadnva', 6610, 345),
(4951, 'Debattar Upazila Post Office', 6610, 345),
(4952, 'Failjana', 6610, 345),
(4953, 'Khidirpur', 6610, 345),
(4954, 'Dashuria', 6620, 346),
(4955, 'Raksha', 6620, 346),
(4956, 'Iswardi Upazila Post Office', 6620, 346),
(4957, 'Dhapari EDSO', 6621, 346),
(4958, 'Shahpur', 6622, 346),
(4959, 'Pakshi SO', 6622, 346),
(4960, 'Digha', 6622, 346),
(4961, 'Muladuli', 6623, 346),
(4962, 'Panchbaria', 6623, 346),
(4963, 'Par Khidirpur', 6623, 346),
(4964, 'Rajapur Hat SO', 6623, 346),
(4965, 'Chandaihat', 6623, 346),
(4966, 'Ataikula', 6600, 347),
(4967, 'Khetupara', 6600, 347),
(4968, 'Laaxmipur', 6600, 347),
(4969, 'Malanchi', 6600, 347),
(4970, 'Pabna Main Post Office', 6600, 347),
(4971, 'Pushpapara', 6600, 347),
(4972, 'Shakhari Para', 6600, 347),
(4973, 'Shantipur', 6600, 347),
(4974, 'Shibpur', 6600, 347),
(4975, 'Sholabaria', 6600, 347),
(4976, 'Tebunia', 6600, 347),
(4977, 'Vaudanga', 6600, 347),
(4978, 'Gourigram', 6600, 347),
(4979, 'B P Nazirpur', 6600, 347),
(4980, 'Baadal', 6600, 347),
(4981, 'Banagram', 6600, 347),
(4982, 'Char Asutoshpur', 6600, 347),
(4983, 'Dapunia', 6600, 347),
(4984, 'Dogachhi', 6600, 347),
(4985, 'Dubilaa', 6600, 347),
(4986, 'Ekdanta', 6600, 347),
(4987, 'Gayeshpur', 6600, 347),
(4988, 'Gobindapur', 6600, 347),
(4989, 'Kaliko Cotton Mills SO', 6601, 347),
(4990, 'Hemayetpur SO', 6602, 347),
(4991, 'Dhopadaha', 6670, 348),
(4992, 'Jorgasa', 6670, 348),
(4993, 'Nandanpur', 6670, 348),
(4994, 'Naria Gadai', 6670, 348),
(4995, 'Sathia Upazila Post Office', 6670, 348),
(4996, 'Sholabaria', 6670, 348),
(4997, 'Bankola', 6660, 349),
(4998, 'Sujanagar Upazila Post Office', 6660, 349),
(4999, 'Satbaria Divisional Br. Office', 6660, 349),
(5000, 'Roypur Khetupara', 6660, 349),
(5001, 'Poradanga', 6660, 349),
(5002, 'Nishchintapur', 6660, 349),
(5003, 'Kadoa', 6660, 349),
(5004, 'Hatkhali', 6660, 349),
(5005, 'Chartarapur', 6660, 349),
(5006, 'Tatibandha', 6660, 349),
(5007, 'Nazirgonj', 6661, 349),
(5008, 'Khalilpur', 6661, 349),
(5009, 'Sagarkandi SO', 6661, 349),
(5010, 'Adachaki', 6730, 350),
(5011, 'Tamai', 6730, 350),
(5012, 'Saratail', 6730, 350),
(5013, 'Sameshpur', 6730, 350),
(5014, 'Roy Doulatpur', 6730, 350),
(5015, 'Rasulpur', 6730, 350),
(5016, 'Pecharpara', 6730, 350),
(5017, 'Panchacroshi', 6730, 350),
(5018, 'Choubari', 6730, 350),
(5019, 'Bara Dhulhat', 6730, 350),
(5020, 'Baiddyajam Toil  Post Office', 6730, 350),
(5021, 'Vangabari', 6730, 350),
(5022, 'Gaberpara', 6740, 351),
(5023, 'Khukni', 6740, 351),
(5024, 'Saydabad', 6740, 351),
(5025, 'Shernagar', 6740, 351),
(5026, 'Dhukuria Bera', 6740, 351),
(5027, 'Daulatpur', 6740, 351),
(5028, 'Chandangati', 6740, 351),
(5029, 'Betil Hatkola', 6740, 351),
(5030, 'Belkuchi Upazila Post Office', 6740, 351),
(5031, 'Baradhul', 6740, 351),
(5032, 'Sohagpur SO', 6741, 351),
(5033, 'Rajapur EDSO', 6742, 351),
(5034, 'Anayetpur EDSO', 6751, 351),
(5035, 'Ghatabari', 6752, 351),
(5036, 'Chaluhara', 6752, 351),
(5037, 'Sthal SO', 6752, 351),
(5038, 'Atgharia', 6720, 352),
(5039, 'Dhangara Upazila Post Office', 6720, 352),
(5040, 'Ruddrapur', 6720, 352),
(5041, 'Roygonj', 6720, 352),
(5042, 'Alidaha', 6721, 352),
(5043, 'Salanga SO', 6721, 352),
(5044, 'Naimuri Kishan', 6721, 352),
(5045, 'Dhubil', 6721, 352),
(5046, 'Amsara', 6721, 352),
(5047, 'Sonakhara', 6721, 352),
(5048, 'Biara', 6710, 353),
(5049, 'Shimul Diar', 6710, 353),
(5050, 'Purbabetgari', 6710, 353),
(5051, 'Nishchintapur', 6710, 353),
(5052, 'Natuar Para', 6710, 353),
(5053, 'Meghai', 6710, 353),
(5054, 'Maijbari', 6710, 353),
(5055, 'Khas Rajbari', 6710, 353),
(5056, 'Kazipur Upazila Post Office', 6710, 353),
(5057, 'Dhulauri', 6710, 353),
(5058, 'Dhikuria Hat', 6710, 353),
(5059, 'Chalitadanga', 6710, 353),
(5060, 'Burungi', 6710, 353),
(5061, 'Shuvagasa EDSO', 6711, 353),
(5062, 'Gaibandha EDSO', 6712, 353),
(5063, 'Baghabari Ghat', 6770, 354),
(5064, 'Shahjadpur Upazila Post Office', 6770, 354),
(5065, 'Ratankandi', 6770, 354),
(5066, 'Potajia', 6770, 354),
(5067, 'Narina', 6770, 354),
(5068, 'Nandalalpur', 6770, 354),
(5069, 'Mashipur', 6770, 354),
(5070, 'Khas Satbaria', 6770, 354),
(5071, 'Sreefaltala', 6770, 354),
(5072, 'Beltoil', 6770, 354),
(5073, 'Betkandi', 6770, 354),
(5074, 'Porjana EDSO', 6771, 354),
(5075, 'Sonatani', 6772, 354),
(5076, 'Binotia', 6772, 354),
(5077, 'Dewan Tartia', 6772, 354),
(5078, 'Ghorjan', 6772, 354),
(5079, 'Jamirota SO', 6772, 354),
(5080, 'Koijuri Hat EDSO', 6773, 354),
(5081, 'Bagbati', 6700, 355),
(5082, 'Pangashi', 6700, 355),
(5083, 'Porabari', 6700, 355),
(5084, 'Sahangachha', 6700, 355),
(5085, 'Shialkol', 6700, 355),
(5086, 'Sirajgonj Main Post Office', 6700, 355),
(5087, 'Tarakandi', 6700, 355),
(5088, 'Tengla Hati', 6700, 355),
(5089, 'Vat Piari', 6700, 355),
(5090, 'Vatraghat', 6700, 355),
(5091, 'Vennabari', 6700, 355),
(5092, 'Paiksha', 6700, 355),
(5093, 'Nalka', 6700, 355),
(5094, 'Mugbelai', 6700, 355),
(5095, 'Bahuka', 6700, 355),
(5096, 'Bahuli', 6700, 355),
(5097, 'Banbaria', 6700, 355),
(5098, 'Fulkocha', 6700, 355),
(5099, 'Hat Boyra', 6700, 355),
(5100, 'Kachihara', 6700, 355),
(5101, 'Kalia Haripar', 6700, 355),
(5102, 'Khokshabari', 6700, 355),
(5103, 'Kuralia', 6700, 355),
(5104, 'Mesra', 6700, 355),
(5105, 'Victoria High School', 6700, 355),
(5106, 'Roypur SO', 6701, 355),
(5107, 'Rashidabad', 6702, 355),
(5108, ' Azizabad', 6780, 356),
(5109, ' Taras Upazila Post Office', 6780, 356),
(5110, 'Baruhas', 6780, 356),
(5111, 'Binsara', 6780, 356),
(5112, 'Boalai', 6780, 356),
(5113, 'Dobila', 6780, 356),
(5114, 'Gulta Bazar', 6780, 356),
(5115, 'Lalua Majhira', 6780, 356),
(5116, 'Ullapara Upazila Post Office', 6760, 357),
(5117, 'Garadaha', 6760, 357),
(5118, 'Hati Kumrul', 6760, 357),
(5119, 'Jagannathpur', 6760, 357),
(5120, 'Kayempur', 6760, 357),
(5121, 'Khan Sonatala', 6760, 357),
(5122, 'Kundashan', 6760, 357),
(5123, 'Nemgachi', 6760, 357),
(5124, 'Purnimagati', 6760, 357),
(5125, 'Sahebgonj', 6760, 357),
(5126, 'Saratail High School', 6760, 357),
(5127, 'Tetulia', 6760, 357),
(5128, 'Digreerchar', 6760, 357),
(5129, 'Barahar', 6760, 357),
(5130, 'Bhuiyagati', 6760, 357),
(5131, 'Bara Majh Dakshina', 6760, 357),
(5132, 'Bannyakandi', 6760, 357),
(5133, 'Boalia Bazar', 6760, 357),
(5134, 'Char Nabipur', 6760, 357),
(5135, 'Amdanga', 6760, 357),
(5136, 'Choubila', 6760, 357),
(5137, 'Ullapara RSEDSO', 6761, 357),
(5138, 'Sharifabad', 6762, 357),
(5139, 'Baghmara', 6762, 357),
(5140, 'Udhunia', 6762, 357),
(5141, 'Bara pangashi', 6762, 357),
(5142, 'Matia Malipara', 6762, 357),
(5143, 'Dabirgonj', 6762, 357),
(5144, 'Lahiri Mohanpur SO', 6762, 357),
(5145, 'Kuchiamara', 6762, 357),
(5146, 'Dharail Hat', 6762, 357),
(5147, 'Dilpashar', 6762, 357),
(5148, 'Chinadhukuria', 6762, 357),
(5149, 'Goyhattra', 6762, 357),
(5150, 'Jantihar', 6762, 357),
(5151, 'Kaliakoir', 6762, 357),
(5152, 'Binayekpur', 6762, 357),
(5153, 'Koyra High School', 6762, 357),
(5154, 'Alongjani', 6762, 357),
(5155, 'Salap EDSO', 6763, 357),
(5156, 'Veramara Upazila PO', 7040, 358),
(5157, 'Satbaria', 7040, 358),
(5158, 'Khemirdia', 7040, 358),
(5159, 'Kamal Pur', 7040, 358),
(5160, 'Junia Daha', 7040, 358),
(5161, 'Jagasshar', 7040, 358),
(5162, 'Gopalnagar', 7040, 358),
(5163, 'Chandipur', 7040, 358),
(5164, 'Chandipur', 7040, 358),
(5165, 'Bahirchar', 7040, 358),
(5166, 'Bahadur Pur', 7040, 358),
(5167, 'Bahadur Pur', 7040, 358),
(5168, 'Gyanges Veramara', 7041, 358),
(5169, 'Kallyanpur', 7042, 358),
(5170, 'Majdiar', 7042, 358),
(5171, 'Allar Darga', 7042, 358),
(5172, 'Azail', 7020, 359),
(5173, 'Osmanpur', 7020, 359),
(5174, 'Sandiara', 7020, 359),
(5175, 'Janipur Upazila PO', 7020, 359),
(5176, 'Ektarpurhat', 7020, 359),
(5177, 'Chadat Bazar', 7020, 359),
(5178, 'Banagram', 7020, 359),
(5179, 'Banagram', 7020, 359),
(5180, 'Muragachha', 7020, 359),
(5181, 'Sengram', 7021, 359),
(5182, 'Mahish Bathan', 7021, 359),
(5183, 'Khoksa', 7021, 359),
(5184, 'Jotpara', 7021, 359),
(5185, 'Baraichara', 7021, 359),
(5186, 'Sreedham North Shyampur', 7021, 359),
(5187, 'Baliakandi', 7010, 360),
(5188, 'Shekhpara', 7010, 360),
(5189, 'Mirzapur', 7010, 360),
(5190, 'Mirzapur', 7010, 360),
(5191, 'Madhupur', 7010, 360),
(5192, 'Kumarkhali Upazila PO', 7010, 360),
(5193, 'Kajerkol', 7010, 360),
(5194, 'Jaduboyra', 7010, 360),
(5195, 'Hashimpur', 7010, 360),
(5196, 'Hashimpur', 7010, 360),
(5197, 'Gopalpur Bazar', 7010, 360),
(5198, 'Gobra Chandpur', 7010, 360),
(5199, 'Charaikol', 7010, 360),
(5200, 'Chapra', 7010, 360),
(5201, 'Chapra', 7010, 360),
(5202, 'Valuka Chourangi', 7010, 360),
(5203, 'Panti', 7011, 360),
(5204, 'Kushalibasa', 7000, 361),
(5205, 'Karimpur', 7000, 361),
(5206, 'Kaya', 7000, 361),
(5207, 'Meer Mosaraf Hossain', 7000, 361),
(5208, 'Kushtia Bazar', 7000, 361),
(5209, 'Kushtia Collectorate', 7000, 361),
(5210, 'Kushtia Govt. College', 7000, 361),
(5211, 'Kushtia Housing Estate', 7000, 361),
(5212, 'Kushtia Police Line', 7000, 361),
(5213, 'Kushtia Politechnic Institute', 7000, 361),
(5214, 'Kushtia Sadar', 7000, 361),
(5215, 'Kamalapur', 7000, 361),
(5216, 'Jugia', 7000, 361),
(5217, 'Kustia Main PostOffice', 7000, 361),
(5218, 'BISIC Industrial Area', 7000, 361),
(5219, 'Talbaria', 7000, 361),
(5220, 'Durbachara', 7000, 361),
(5221, 'Emanpur', 7000, 361),
(5222, 'Harinarayan Pur', 7000, 361),
(5223, 'Hatash Haripur', 7000, 361),
(5224, 'Talbaria', 7000, 361),
(5225, 'South Manoharpur', 7000, 361),
(5226, 'Shilaidaha', 7000, 361),
(5227, 'Mohini Mills', 7001, 361),
(5228, 'Sastipur', 7002, 361),
(5229, 'Baria', 7002, 361),
(5230, 'Jhaudia Mazpara', 7002, 361),
(5231, 'Jagati', 7002, 361),
(5232, 'Hazra Hati', 7002, 361),
(5233, 'Hatia Abdolpur', 7002, 361),
(5234, 'Dohakula', 7002, 361),
(5235, 'Ujangram', 7002, 361),
(5236, 'Islamic University', 7003, 361),
(5237, 'Aburi Magura', 7030, 362),
(5238, 'Puratan Azampur', 7030, 362),
(5239, 'Pipulbaria', 7030, 362),
(5240, 'Moubaria', 7030, 362),
(5241, 'Mirpur Upazila PO', 7030, 362),
(5242, 'Khayerpur', 7030, 362),
(5243, 'Khalishakundi', 7030, 362),
(5244, 'Sattarpara', 7030, 362),
(5245, 'Bahalbaria', 7030, 362),
(5246, 'Baruipara', 7030, 362),
(5247, 'Chithlia', 7030, 362),
(5248, 'Dubail', 7030, 362),
(5249, 'Khorda Ail Chara', 7031, 362),
(5250, 'Satian', 7031, 362),
(5251, 'Poradaha', 7031, 362),
(5252, 'Halsa', 7031, 362),
(5253, 'Patikabari', 7031, 362),
(5254, 'Gosswami Durgapur', 7031, 362),
(5255, 'Kursha', 7031, 362),
(5256, 'Halsa', 7031, 362),
(5257, 'Amla Sadarpur', 7032, 362),
(5258, 'Teligangdia', 7050, 363),
(5259, 'Baragangdia', 7050, 363),
(5260, 'Rafayetpur Upazila Po', 7050, 363),
(5261, 'Kanchannagar', 7050, 363),
(5262, 'Jhaudia', 7050, 363),
(5263, 'Taragunia', 7051, 363),
(5264, 'Philip Nagar', 7051, 363),
(5265, 'Bahirmadi', 7051, 363),
(5266, 'Bairagichar', 7051, 363),
(5267, 'Daulatkhali', 7051, 363),
(5268, 'Garua', 7052, 363),
(5269, 'Charprugpur', 7052, 363),
(5270, 'Chilmari', 7052, 363),
(5271, 'Mahishkundi', 7052, 363),
(5272, 'Khas Mathurapur', 7052, 363),
(5273, 'Dangmarka', 7052, 363),
(5274, 'Insafnagar', 7052, 363),
(5275, 'Dharmadaha', 7052, 363),
(5276, 'Goalgram', 7052, 363),
(5277, 'Hosenabad', 7052, 363),
(5278, 'Badiapara', 7110, 364),
(5279, 'Palashipara', 7110, 364),
(5280, 'Noapara', 7110, 364),
(5281, 'Muhammadpur', 7110, 364),
(5282, 'Matmura', 7110, 364),
(5283, 'Kazipur', 7110, 364),
(5284, 'Karamdi', 7110, 364),
(5285, 'Jugir Gofa', 7110, 364),
(5286, 'Jor Pukuria', 7110, 364),
(5287, 'Hara Vanga', 7110, 364),
(5288, 'Gangni', 7110, 364),
(5289, 'Dhankhola', 7110, 364),
(5290, 'Betbaria', 7110, 364),
(5291, 'Bamandi', 7110, 364),
(5292, 'Vatpara', 7110, 364),
(5293, 'Uzalpur', 7100, 365),
(5294, 'Sree Ratanpur', 7100, 365),
(5295, 'Pirojpur', 7100, 365),
(5296, 'Nithyanandapur', 7100, 365),
(5297, 'Natudaha', 7100, 365),
(5298, 'Meherpur HO', 7100, 365),
(5299, 'Meherpur Court Building', 7100, 365),
(5300, 'Kedargonj', 7100, 365),
(5301, 'Kathuli', 7100, 365),
(5302, 'Govipur', 7100, 365),
(5303, 'Garadob', 7100, 365),
(5304, 'Anandbas', 7100, 365),
(5305, 'Dariapur', 7100, 365),
(5306, 'Bilkola', 7100, 365),
(5307, 'Ashrafpur', 7100, 365),
(5308, 'Baradi', 7100, 365),
(5309, 'Aziza bad', 7100, 365),
(5310, 'Islam Nagar', 7101, 365),
(5311, 'Amjhupi', 7101, 365),
(5312, 'Meherpur Bara Bazar', 7101, 365),
(5313, 'Mujib Nagar Complex', 7102, 365),
(5314, 'Adarsha Andulia', 7210, 366),
(5315, 'Ramdia Bazar', 7210, 366),
(5316, 'Prugpur', 7210, 366),
(5317, 'Paikpara', 7210, 366),
(5318, 'Monohardia', 7210, 366),
(5319, 'Manikdia', 7210, 366),
(5320, 'Kumari', 7210, 366),
(5321, 'Keshabpur', 7210, 366),
(5322, 'Joradaha', 7210, 366),
(5323, 'Hatboalia', 7210, 366),
(5324, 'Ghoshbila Zamzami', 7210, 366),
(5325, 'Dahuki Belgacchi', 7210, 366),
(5326, 'Chandpur', 7210, 366),
(5327, 'Chandpur', 7210, 366),
(5328, 'Bholadanga', 7210, 366),
(5329, 'Baashbaria', 7210, 366),
(5330, 'Alamdanga', 7210, 366),
(5331, 'Sadhugonj', 7210, 366),
(5332, 'Hardee', 7211, 366),
(5333, 'Abdul Baria Bazar', 7200, 367),
(5334, 'Kalabari Kachari', 7200, 367),
(5335, 'Kalupole', 7200, 367),
(5336, 'Khas Karra', 7200, 367),
(5337, 'Khayer Huda', 7200, 367),
(5338, 'Natipota', 7200, 367),
(5339, 'Nilmoni Gonj', 7200, 367),
(5340, 'Rangiarpota', 7200, 367),
(5341, 'Rishkhali', 7200, 367),
(5342, 'Roypur', 7200, 367),
(5343, 'Sadhuhati', 7200, 367),
(5344, 'Saganna', 7200, 367),
(5345, 'Shahapur', 7200, 367),
(5346, 'Sharath Gonj', 7200, 367),
(5347, 'Sumirdia', 7200, 367),
(5348, 'Taltala', 7200, 367),
(5349, 'Tituda', 7200, 367),
(5350, 'Joyrampur', 7200, 367),
(5351, 'Gopalpur', 7200, 367),
(5352, 'Gokul Khali', 7200, 367),
(5353, 'Ail Has Laxmipur', 7200, 367),
(5354, 'Alukdia', 7200, 367),
(5355, 'Badar Gonj', 7200, 367),
(5356, 'Bazar Gopalpur', 7200, 367),
(5357, 'Begum Pur', 7200, 367),
(5358, 'Chandipur Bazar', 7200, 367),
(5359, 'Chuadanga College', 7200, 367),
(5360, 'Chuadanga Court Building', 7200, 367),
(5361, 'Dingedaha', 7200, 367),
(5362, 'Deennath Pur', 7200, 367),
(5363, 'Chuadanga Rail Bazar', 7200, 367),
(5364, 'Chuadanga HO', 7200, 367),
(5365, 'Valuki Bazar', 7200, 367),
(5366, 'Baragangni', 7201, 367),
(5367, 'Munshigonj', 7201, 367),
(5368, 'Atharakhada', 7201, 367),
(5369, 'Asmankhali', 7201, 367),
(5370, 'Gholdaree Bazar', 7201, 367),
(5371, 'Bishnupur', 7220, 368),
(5372, 'Damurhuda', 7220, 368),
(5373, 'Akandbaria', 7221, 368),
(5374, 'Kuralgachhi', 7221, 368),
(5375, 'Karpasdanga', 7221, 368),
(5376, 'Gobindapur', 7221, 368),
(5377, 'Darshana', 7221, 368),
(5378, 'Chandrabas', 7221, 368),
(5379, 'Peerpurkulla', 7221, 368),
(5380, 'Andulbaria', 7222, 368),
(5381, 'Datta Nagar', 7230, 369),
(5382, 'Sezia Bazar', 7230, 369),
(5383, 'Satgata Vairaba', 7230, 369),
(5384, 'Samanta', 7230, 369),
(5385, 'Nepa Bazar', 7230, 369),
(5386, 'Kusumpur', 7230, 369),
(5387, 'Jinnah Nagar', 7230, 369),
(5388, 'Guradaha', 7230, 369),
(5389, 'Dhopakhali', 7230, 369),
(5390, 'Daulatgonj', 7230, 369),
(5391, 'Shayampur', 7230, 369),
(5392, 'Harinakundu', 7310, 370),
(5393, 'Tola', 7310, 370),
(5394, 'Vatai Bazar', 7300, 371),
(5395, 'Nagar bathan', 7300, 371),
(5396, 'Muniria', 7300, 371),
(5397, 'Multribeni', 7300, 371),
(5398, 'Laxmipur', 7300, 371),
(5399, 'Kutidurgapur shailamari Bazar', 7300, 371),
(5400, 'Kanyadaha', 7300, 371),
(5401, 'Kalicharanpur', 7300, 371),
(5402, 'Kalamonkhali', 7300, 371),
(5403, 'Jhinaidaha Naisha', 7300, 371),
(5404, 'Nakoil Bazar', 7300, 371),
(5405, 'Porahati', 7300, 371),
(5406, 'Uttar Kachua', 7300, 371),
(5407, 'Tikaree Bazar', 7300, 371),
(5408, 'Shakharidaha', 7300, 371),
(5409, 'Shafipur', 7300, 371),
(5410, 'Sabekbinni', 7300, 371),
(5411, 'Robinarikel Baria', 7300, 371),
(5412, 'Rautara', 7300, 371),
(5413, 'Ratanhat', 7300, 371),
(5414, 'Ramchandrapur Bazar', 7300, 371),
(5415, 'Kharikhali', 7300, 371),
(5416, 'Jhinaidaha', 7300, 371),
(5417, 'Hiradanga', 7300, 371),
(5418, 'Boalia Bazar', 7300, 371),
(5419, 'Benipur', 7300, 371),
(5420, 'Bazarporahati', 7300, 371),
(5421, 'Basantapur', 7300, 371),
(5422, 'Baniakandar', 7300, 371),
(5423, 'Baniabahu', 7300, 371),
(5424, 'Baghinee', 7300, 371),
(5425, 'Baasantapur', 7300, 371),
(5426, 'Achintapur', 7300, 371),
(5427, 'Chariar Bil', 7300, 371),
(5428, 'Dihibakari', 7300, 371),
(5429, 'Dubhsar', 7300, 371),
(5430, 'Hatbakua', 7300, 371),
(5431, 'Hat Gopalpur', 7300, 371),
(5432, 'Harishankarpur', 7300, 371),
(5433, 'Halidhani', 7300, 371),
(5434, 'Abaipur', 7300, 371),
(5435, 'Goalpara', 7300, 371),
(5436, 'Garagonj', 7300, 371),
(5437, 'Fursandhi Bazar', 7300, 371),
(5438, 'Fulhari', 7300, 371),
(5439, 'Jhinaidaha Cadet College', 7301, 371),
(5440, 'Alangi', 7330, 372),
(5441, 'Sundarpur', 7330, 372),
(5442, 'Shishutala Bazar', 7330, 372),
(5443, 'Sherkhali', 7330, 372),
(5444, 'Madhabpur', 7330, 372),
(5445, 'Kotechandpur', 7330, 372),
(5446, 'Khalishpur', 7330, 372),
(5447, 'Kaniadanga', 7330, 372),
(5448, 'Joydia Bazar', 7330, 372),
(5449, 'Hasadaha Bazar', 7330, 372),
(5450, 'Harindia Bazar', 7330, 372),
(5451, 'Hakimpur Bazar', 7330, 372),
(5452, 'Gurpara Bazar', 7330, 372),
(5453, 'Dora', 7330, 372),
(5454, 'Diddyadharpur', 7330, 372),
(5455, 'Dayarampur', 7330, 372),
(5456, 'Baluhar', 7330, 372),
(5457, 'Talsar', 7330, 372),
(5458, 'Ghuripantapara', 7340, 373),
(5459, 'Habaspur', 7340, 373),
(5460, 'Habaspur', 7340, 373),
(5461, 'Mahashpur', 7340, 373),
(5462, 'Maheshpur', 7340, 373),
(5463, 'Natima Bazar', 7340, 373),
(5464, 'Sastar Bazar', 7340, 373),
(5465, 'Satpota Vairaba', 7340, 373),
(5466, 'Aligonj', 7350, 375),
(5467, 'Natopara', 7350, 375),
(5468, 'Naldanga Rajbati', 7350, 375),
(5469, 'Naldanga', 7350, 375),
(5470, 'Kullyagachha', 7350, 375),
(5471, 'Khordoraygram', 7350, 375),
(5472, 'Khalkula', 7350, 375),
(5473, 'Jalalpur Bazar', 7350, 375),
(5474, 'Ganna', 7350, 375),
(5475, 'Fazilpur', 7350, 375),
(5476, 'Damodarpur Bazar', 7350, 375),
(5477, 'Bujidangamundia', 7350, 375),
(5478, 'Bipinnagar', 7350, 375),
(5479, 'Bethuli', 7350, 375),
(5480, 'Balarampur', 7350, 375),
(5481, 'Pannatala Bazar', 7350, 375),
(5482, 'Bagutia', 7320, 376),
(5483, 'Shailakupa', 7320, 376),
(5484, 'Shahid Nagar', 7320, 376),
(5485, 'Royra', 7320, 376),
(5486, 'Nagirhat', 7320, 376),
(5487, 'Nadpara', 7320, 376),
(5488, 'Khulumbaria', 7320, 376),
(5489, 'Khalfalia', 7320, 376),
(5490, 'Kazi Noapara', 7320, 376),
(5491, 'Katlagaree Bazar', 7320, 376),
(5492, 'Kamanna', 7320, 376),
(5493, 'Hat Fazilpur', 7320, 376),
(5494, 'Dhaora', 7320, 376),
(5495, 'Bishnudia', 7320, 376),
(5496, 'Biprobagdia', 7320, 376),
(5497, 'Shatali Bazar', 7320, 376),
(5498, 'Kumiradaha', 7321, 376),
(5499, 'Bagharpara', 7470, 377),
(5500, 'Satiantala', 7470, 377),
(5501, 'Raypur', 7470, 377),
(5502, 'Narikelbaria', 7470, 377),
(5503, 'Jamdia', 7470, 377),
(5504, 'Dhalgram', 7470, 377),
(5505, 'Charavita', 7470, 377),
(5506, 'Bahaarampur', 7470, 377),
(5507, 'Vitaballa', 7470, 377),
(5508, 'Goura Nagar', 7471, 377),
(5509, 'Bathan gachhi', 7410, 378),
(5510, 'Shukhpukhuria', 7410, 378),
(5511, 'Sarupdaha', 7410, 378),
(5512, 'Ramkrishnapur', 7410, 378),
(5513, 'Patibila', 7410, 378),
(5514, 'Narayan Bazar', 7410, 378),
(5515, 'Moktarpur', 7410, 378),
(5516, 'Mashila', 7410, 378),
(5517, 'Mandar Baria', 7410, 378),
(5518, 'Madua', 7410, 378),
(5519, 'Jululee Bazar', 7410, 378),
(5520, 'Jagadeeshpur', 7410, 378),
(5521, 'Hizlee', 7410, 378),
(5522, 'Hat Jadabpur', 7410, 378),
(5523, 'Guatali', 7410, 378),
(5524, 'Fulsara', 7410, 378),
(5525, 'Chougachha', 7410, 378),
(5526, 'Singhajhuli', 7410, 378),
(5527, 'Kuadahat', 7400, 380),
(5528, 'Jessore DSB', 7400, 380),
(5529, 'Jessore Court', 7400, 380),
(5530, 'Jessore College TSO', 7400, 380),
(5531, 'Jessore City College', 7400, 380),
(5532, 'Jessore Chourasta', 7400, 380),
(5533, 'Naodagram', 7400, 380),
(5534, 'Kaacua', 7400, 380),
(5535, 'Jessore Bazar', 7400, 380),
(5536, 'Mathabhanga', 7400, 380),
(5537, 'Jessore GPO', 7400, 380),
(5538, 'Khedapara', 7400, 380),
(5539, 'Kashim Nagar', 7400, 380),
(5540, 'Lebutala', 7400, 380),
(5541, 'Jessore Railstation', 7400, 380),
(5542, 'Jessore Police Line', 7400, 380),
(5543, 'Jessore Old Kasba', 7400, 380),
(5544, 'Jessore Night Post Office', 7400, 380),
(5545, 'Magurahat', 7400, 380),
(5546, 'Narendrapur', 7400, 380),
(5547, 'Jangal Badhal', 7400, 380),
(5548, 'Jahurpur', 7400, 380),
(5549, 'Deara', 7400, 380),
(5550, 'Vekutia', 7400, 380),
(5551, 'Ruhita', 7400, 380),
(5552, 'Shakhareegatee', 7400, 380),
(5553, 'Suteeghata', 7400, 380),
(5554, 'Taalbaria', 7400, 380),
(5555, 'Bandabila', 7400, 380),
(5556, 'Amdabad', 7400, 380),
(5557, 'Dhakuria Protapkathi', 7400, 380),
(5558, 'Digheerpar', 7400, 380),
(5559, 'Hamidpur', 7400, 380),
(5560, 'Haashimpur', 7400, 380),
(5561, 'Goalda Bazar', 7400, 380),
(5562, 'Ghunee', 7400, 380),
(5563, 'Rajar Hat', 7400, 380),
(5564, 'Fulbari Bazar', 7400, 380),
(5565, 'Fatepur', 7400, 380),
(5566, 'Ruddrapur', 7400, 380),
(5567, 'Galda Karinchi', 7400, 380),
(5568, 'Jessore New Satellite Town', 7401, 380),
(5569, 'Jessore Education Board', 7401, 380),
(5570, 'Chachra UC', 7402, 380),
(5571, 'Jessore Cant Bazar', 7403, 380),
(5572, 'Jessore Cantoment TSO', 7403, 380),
(5573, 'Jessore Airbase', 7403, 380),
(5574, 'Rupdia', 7405, 380),
(5575, 'Basundia', 7406, 380),
(5576, 'Agarakhan', 7406, 380),
(5577, 'Baree Nagar', 7407, 380),
(5578, 'Shalua Bazar', 7407, 380),
(5579, 'Teerer Hat', 7407, 380),
(5580, 'Sajialee', 7407, 380),
(5581, 'Chandutia', 7407, 380),
(5582, 'Dogachhia', 7407, 380),
(5583, 'Raz Nagar', 7407, 380),
(5584, 'Churamankati', 7407, 380),
(5585, 'Natuapara', 7407, 380),
(5586, 'Khojarhat', 7407, 380),
(5587, 'Jhikargachha', 0, 381),
(5588, ' Gulbagpur', 7420, 381),
(5589, 'Modanpur', 7420, 381),
(5590, 'Moshchim Nagar', 7420, 381),
(5591, 'Palla Bazar', 7420, 381),
(5592, 'Pashapole', 7420, 381),
(5593, 'Raghunath Nagar', 7420, 381),
(5594, 'Sharaskathi', 7420, 381),
(5595, 'Shimulia Gopinathpur', 7420, 381),
(5596, 'Shiordaha', 7420, 381),
(5597, 'Sholakhada', 7420, 381),
(5598, 'Mirzaapur', 7420, 381),
(5599, 'Mathshia', 7420, 381),
(5600, 'Amrita Bazar', 7420, 381),
(5601, 'Bodhkhana', 7420, 381),
(5602, 'Digdana', 7420, 381),
(5603, 'Dumurkhali', 7420, 381),
(5604, 'Gadkhali', 7420, 381),
(5605, 'Gazir Darga Foyzabad', 7420, 381),
(5606, 'Gonganandapur', 7420, 381),
(5607, 'Haalsa', 7420, 381),
(5608, 'Kayemkhola Bazar', 7420, 381),
(5609, 'Sonakur Bakra', 7420, 381),
(5610, 'Adua', 7450, 382),
(5611, 'Majidpur', 7450, 382),
(5612, 'Mangal Kote Bazar', 7450, 382),
(5613, 'New Mul Gram', 7450, 382),
(5614, 'Pakkhajura', 7450, 382),
(5615, 'Sagardaree', 7450, 382),
(5616, 'Sarutia', 7450, 382),
(5617, 'Sikarpur', 7450, 382),
(5618, 'Surighata', 7450, 382),
(5619, 'Trimohanee', 7450, 382),
(5620, 'Valuk Ghar', 7450, 382),
(5621, 'Khajia', 7450, 382),
(5622, 'Keshabpur', 7450, 382),
(5623, 'Gopsena', 7450, 382),
(5624, 'Barandali', 7450, 382),
(5625, 'Barenga', 7450, 382),
(5626, 'Begumpur', 7450, 382),
(5627, 'Bhandar Khola', 7450, 382),
(5628, 'Biddya Nandakathi', 7450, 382),
(5629, 'Burihati', 7450, 382),
(5630, 'Chalitabaria', 7450, 382),
(5631, 'Chingree Bazar', 7450, 382),
(5632, 'Dongaghata', 7450, 382),
(5633, 'Durbadanga', 7450, 382),
(5634, 'Verchi Bazar', 7450, 382),
(5635, 'Amrajhuta', 7440, 384),
(5636, 'Louree', 7440, 384),
(5637, 'Madhupur Bazar', 7440, 384),
(5638, 'Manirampur', 7440, 384),
(5639, 'Masnakhanpur', 7440, 384),
(5640, 'Monoharpur', 7440, 384),
(5641, 'Nehalpur', 7440, 384),
(5642, 'Nengurhat', 7440, 384),
(5643, 'Pachakari', 7440, 384),
(5644, 'Poradanga', 7440, 384),
(5645, 'Razgonj', 7440, 384),
(5646, 'Konakola', 7440, 384),
(5647, 'Khatuadanga', 7440, 384),
(5648, 'Baksapole', 7440, 384),
(5649, 'Boalighat', 7440, 384),
(5650, 'Chaandipur', 7440, 384),
(5651, 'Chalkidanga', 7440, 384),
(5652, 'Chinatala Bazar', 7440, 384),
(5653, 'Helanchi', 7440, 384),
(5654, 'Joypur', 7440, 384),
(5655, 'Kashipur', 7440, 384),
(5656, 'Katakhali', 7440, 384),
(5657, 'Khanpur', 7440, 384),
(5658, 'Tengramaree Bazar', 7440, 384),
(5659, 'Tapanbhag', 7460, 385),
(5660, 'Sundali', 7460, 385),
(5661, 'Sreedharpur', 7460, 385),
(5662, 'Shekhhati', 7460, 385),
(5663, 'Pachkatia Pachbaria', 7460, 385),
(5664, 'Naoapara Naisha', 7460, 385),
(5665, 'Naoapara', 7460, 385),
(5666, 'Mashihati', 7460, 385),
(5667, 'Deapara', 7460, 385),
(5668, 'De-Bhog', 7460, 385),
(5669, 'Chengutia', 7460, 385),
(5670, 'Bashuari', 7460, 385),
(5671, 'Bhangaget', 7460, 385),
(5672, 'Gazirpur Rawfia Madrasa', 7461, 385),
(5673, 'Taltalahat', 7461, 385),
(5674, 'Rajghat', 7461, 385),
(5675, 'Payrahat', 7461, 385),
(5676, 'Baghutia', 7461, 385),
(5677, 'Bhugilhat', 7462, 385),
(5678, 'Laxmanpur', 7430, 386),
(5679, 'Pakshia Bazar', 7430, 386),
(5680, 'Sharsha', 7430, 386),
(5681, 'Shalkona', 7430, 386),
(5682, 'Rampur', 7430, 386),
(5683, 'Dhanyakhola', 7431, 386),
(5684, 'Benapole Bazar Naisha', 7431, 386),
(5685, 'Benapole', 7431, 386),
(5686, 'Bederahadurpur', 7431, 386),
(5687, 'Balunda', 7431, 386),
(5688, 'Matikumra', 7432, 386),
(5689, 'Nishchintapur', 7432, 386),
(5690, 'Pachkoyba', 7432, 386),
(5691, 'Samta', 7432, 386),
(5692, 'Ulashee', 7432, 386),
(5693, 'Jagadanandakathi', 7432, 386),
(5694, 'Jadabpur', 7432, 386),
(5695, 'Haridrapota', 7432, 386),
(5696, 'Haridrapota', 7432, 386),
(5697, 'Goga', 7432, 386),
(5698, 'Chalitabaria Deegha', 7432, 386),
(5699, 'Baysha Chandpur', 7432, 386),
(5700, 'Basatpur', 7432, 386),
(5701, 'Bag Achra', 7433, 386),
(5702, 'Baranal', 7520, 387),
(5703, 'Noagram', 7520, 387),
(5704, 'Mauli', 7520, 387),
(5705, 'Madhabpasha', 7520, 387),
(5706, 'Kulsur', 7520, 387),
(5707, 'Kalinagar', 7520, 387),
(5708, 'Kalia', 7520, 387),
(5709, 'Kalabaria', 7520, 387),
(5710, 'Kaalinagar', 7520, 387),
(5711, 'Bilafar', 7520, 387),
(5712, 'Benda', 7520, 387),
(5713, 'Shuktagram', 7520, 387),
(5714, 'Amada', 7510, 388),
(5715, 'Kamal Protap', 7510, 388),
(5716, 'Kashinagar', 7510, 388),
(5717, 'Koladighalia', 7510, 388),
(5718, 'Kotakole', 7510, 388),
(5719, 'Kumri', 7510, 388),
(5720, 'Kundasee', 7510, 388),
(5721, 'Laxmipashaa', 7510, 388),
(5722, 'Makimpur', 7510, 388),
(5723, 'Makrail', 7510, 388),
(5724, 'Mallikpur', 7510, 388),
(5725, 'Noagramsamukkhola', 7510, 388),
(5726, 'Pankharchar', 7510, 388),
(5727, 'Shiarbar', 7510, 388),
(5728, 'Jhoudanga', 7510, 388),
(5729, 'Hatpachuria', 7510, 388),
(5730, 'Talbariasarole', 7510, 388),
(5731, 'Dhalaitala', 7510, 388),
(5732, 'Hatpaachuria', 7510, 388),
(5733, 'Hatpachuria', 7510, 388),
(5734, 'Kamtana', 7511, 388),
(5735, 'Ariara', 7511, 388),
(5736, 'Marichpashaa', 7511, 388),
(5737, 'Chachai', 7511, 388),
(5738, 'Lohagara', 7511, 388),
(5739, 'Etna', 7512, 388),
(5740, 'Charbalidia', 7513, 388),
(5741, 'Roygram', 7513, 388),
(5742, 'Bagsreerampur', 7513, 388),
(5743, 'Naldi', 7513, 388),
(5744, 'Habkhali', 7513, 388),
(5745, 'Kurulia', 7513, 388),
(5746, 'Brahmondanga', 7513, 388),
(5747, 'Baoisona', 7514, 388),
(5748, 'Baradia', 7514, 388),
(5749, 'Joygram', 7514, 388),
(5750, 'Jogania', 7514, 388),
(5751, 'Khashial', 7514, 388),
(5752, 'Patna', 7514, 388),
(5753, 'Amritanagar', 7514, 388),
(5754, 'Mahajan', 7521, 389),
(5755, 'Agdia Shimulia', 7500, 390),
(5756, 'Jamril Danga', 7500, 390),
(5757, 'Kamlapur', 7500, 390),
(5758, 'Kharria', 7500, 390),
(5759, 'Maddhya Palli', 7500, 390),
(5760, 'Mirzapur Arpara', 7500, 390),
(5761, 'Mulia', 7500, 390),
(5762, 'Narail Main Post Office', 7500, 390),
(5763, 'Shahbad', 7500, 390),
(5764, 'Shingasholpur', 7500, 390),
(5765, 'Singia', 7500, 390),
(5766, 'Haatbaria', 7500, 390),
(5767, 'Gobra Bazar', 7500, 390),
(5768, 'Bagdanga', 7500, 390),
(5769, 'Bahirgram', 7500, 390),
(5770, 'Bakultala', 7500, 390),
(5771, 'Bamanhati', 7500, 390),
(5772, 'Bana gram', 7500, 390),
(5773, 'Bashgram', 7500, 390),
(5774, 'Chachuri Purulia', 7500, 390),
(5775, 'Dariapur', 7500, 390),
(5776, 'Deuatala', 7500, 390),
(5777, 'Ghorakhali', 7500, 390),
(5778, 'Tularampur', 7500, 390),
(5779, 'Ratangonj', 7501, 390),
(5780, 'Arpara', 7620, 391),
(5781, 'Talkhari', 7620, 391),
(5782, 'Singra', 7620, 391),
(5783, 'Shurusuna', 7620, 391),
(5784, 'Shatakhali', 7620, 391),
(5785, 'Semakhali', 7620, 391),
(5786, 'Sandra', 7620, 391),
(5787, 'Pulum', 7620, 391),
(5788, 'Mashakhali', 7620, 391),
(5789, 'Harishpur', 7620, 391),
(5790, 'Hajrahati', 7620, 391),
(5791, 'Garerhat', 7620, 391),
(5792, 'Dhanesshorgati', 7620, 391),
(5793, 'Bunagati', 7620, 391),
(5794, 'Battala Bazar', 7620, 391),
(5795, 'Baruichara', 7620, 391),
(5796, 'Vabanhati Bazar', 7620, 391),
(5797, 'Akchee', 7600, 392),
(5798, 'Hazrapur', 7600, 392),
(5799, 'Hazratala', 7600, 392),
(5800, 'Jagla', 7600, 392),
(5801, 'Kaora', 7600, 392),
(5802, 'Magura Bazar', 7600, 392),
(5803, 'Magura HO', 7600, 392),
(5804, 'Musapur', 7600, 392),
(5805, 'Panchpara', 7600, 392),
(5806, 'Sattayapur', 7600, 392),
(5807, 'Hazepur', 7600, 392),
(5808, 'Hatjagadal', 7600, 392),
(5809, 'Goalbathan', 7600, 392),
(5810, 'Alokdia', 7600, 392),
(5811, 'Amuria', 7600, 392),
(5812, 'Babukhali', 7600, 392),
(5813, 'Bagia', 7600, 392),
(5814, 'Bengaberuil', 7600, 392),
(5815, 'Chandpur', 7600, 392),
(5816, 'Charsalamatpur', 7600, 392),
(5817, 'Fulbari', 7600, 392),
(5818, 'Gangnalia', 7600, 392),
(5819, 'Shakrajitpur', 7600, 392),
(5820, 'Jhama Bazar', 7630, 393),
(5821, 'Mohammadpur', 7630, 393),
(5822, 'Jashobantapur', 7630, 393),
(5823, 'Palla', 7630, 393),
(5824, 'Dhoail', 7630, 393),
(5825, 'Deegha', 7630, 393),
(5826, 'Binodpur', 7631, 393),
(5827, 'Nahata', 7632, 393),
(5828, 'Panighata', 7632, 393),
(5829, 'Mandalgati', 7632, 393),
(5830, 'Lahuriakaligonj', 7632, 393),
(5831, 'Balidia', 7632, 393),
(5832, 'Haritala', 7632, 393),
(5833, 'Gangni', 7632, 393),
(5834, 'Berail', 7632, 393),
(5835, 'Rajbanagram', 7632, 393),
(5836, 'Sreepur', 7610, 394),
(5837, 'Sreekol', 7610, 394),
(5838, 'Sachilapur Bazar', 7610, 394),
(5839, 'Radhanagargram', 7610, 394),
(5840, 'Malaynagar', 7610, 394),
(5841, 'Kuthichougachhi', 7610, 394),
(5842, 'Khamarpara Bazar', 7610, 394),
(5843, 'Kazli Bazar', 7610, 394),
(5844, 'Hat Amtail', 7610, 394),
(5845, 'Barishat', 7610, 394),
(5846, 'Karandi', 7611, 394),
(5847, 'Langhalbadh', 7611, 394),
(5848, 'Masalia', 7611, 394),
(5849, 'Dhalharachandra', 7611, 394),
(5850, 'Dhalharachandra', 7611, 394),
(5851, 'Amalsar', 7611, 394),
(5852, 'Aarkandi', 7730, 395),
(5853, 'Padmadi', 7730, 395),
(5854, 'Paarulia', 7730, 395),
(5855, 'Narua', 7730, 395),
(5856, 'Megchami', 7730, 395),
(5857, 'Veem Nagar Bazar', 7730, 395),
(5858, 'Jaangal', 7730, 395),
(5859, 'Baonara', 7730, 395),
(5860, 'Baalikandi', 7730, 395),
(5861, 'Baaharpur', 7730, 395),
(5862, 'Arkandi', 7730, 395),
(5863, 'Amtalabazar', 7730, 395),
(5864, 'Laxmandia', 7731, 395),
(5865, 'Nalia', 7731, 395),
(5866, 'Vatiakhalkula', 7731, 395),
(5867, 'Mathuram Pur', 7731, 395),
(5868, 'Baabupara', 7720, 396),
(5869, 'Kacharipara', 7720, 396),
(5870, 'Kasba Majail', 7720, 396),
(5871, 'Kosba Majail', 7720, 396),
(5872, 'Mourat', 7720, 396),
(5873, 'Pangsha', 7720, 396),
(5874, 'Premtia', 7720, 396),
(5875, 'Puijpur Madrasa', 7720, 396),
(5876, 'Ray Nagar', 7720, 396),
(5877, 'Joona', 7720, 396),
(5878, 'Hagladanga', 7720, 396),
(5879, 'Bishaishaorail', 7720, 396),
(5880, 'Boyrat Maajail Madrasa', 7720, 396),
(5881, 'Bajepta Koya', 7720, 396),
(5882, 'Boyrat Majail Madrasa', 7720, 396),
(5883, 'Chandri Pur', 7720, 396),
(5884, 'Ghikmala', 7720, 396),
(5885, 'Habas Pur', 7720, 396),
(5886, 'Baahadur Pur', 7720, 396),
(5887, 'Habaspur', 7720, 396),
(5888, 'Josai', 7721, 396),
(5889, 'Hat Banagram', 7721, 396),
(5890, 'Meghna', 7721, 396),
(5891, 'Haludbaria', 7721, 396),
(5892, 'Hossendanga', 7721, 396),
(5893, 'Ramkol', 7721, 396),
(5894, 'Kalimahar', 7721, 396),
(5895, 'Ratandia', 7722, 396),
(5896, 'Ramadia RS', 7722, 396),
(5897, 'Patbaria', 7722, 396),
(5898, 'Mazbari', 7722, 396),
(5899, 'Khagjana', 7722, 396),
(5900, 'Hatamdapur', 7722, 396),
(5901, 'Harua', 7722, 396),
(5902, 'Sonapur', 7722, 396),
(5903, 'Mrigee Bazar', 7723, 396),
(5904, 'Affra', 7700, 397),
(5905, 'Kosba Majail', 7700, 397),
(5906, 'Laxmandia', 7700, 397),
(5907, 'Laxmikol', 7700, 397),
(5908, 'Mathurampur', 7700, 397),
(5909, 'Matipara', 7700, 397),
(5910, 'Parulia', 7700, 397),
(5911, 'Rajbari Bazar', 7700, 397),
(5912, 'Rajbari Main Post Office', 7700, 397),
(5913, 'Rosora', 7700, 397),
(5914, 'Surjanagar', 7700, 397),
(5915, 'Vabadia', 7700, 397),
(5916, 'Valiakhalkhula', 7700, 397),
(5917, 'Khangonj', 7700, 397),
(5918, 'Valiakhalkhula', 7700, 397),
(5919, 'Banibaha', 7700, 397),
(5920, 'Boyrat Majail Madrasa', 7700, 397),
(5921, 'Baliakandi', 7700, 397),
(5922, 'Bajeapta Koya', 7700, 397),
(5923, 'Arkandi', 7700, 397),
(5924, 'Baorana', 7700, 397),
(5925, 'Ghikamala', 7700, 397),
(5926, 'Goalandamor', 7700, 397),
(5927, 'Hamdampur', 7700, 397),
(5928, 'Joukura', 7700, 397),
(5929, 'Goalanda', 7710, 397),
(5930, 'Daulatdia', 7710, 397),
(5931, 'Barat', 7711, 397),
(5932, 'Pachuria R S', 7711, 397),
(5933, 'Pachuria Bazar', 7711, 397),
(5934, 'Mukundia', 7711, 397),
(5935, 'Khan Khanapur', 7711, 397),
(5936, 'Alfadanga', 7870, 398),
(5937, 'Panail', 7870, 398),
(5938, 'Narail Khan', 7870, 398),
(5939, 'Kuchiagram', 7870, 398),
(5940, 'Kamargram', 7870, 398),
(5941, 'Jadunandi', 7870, 398),
(5942, 'Gopalpur Bazar', 7870, 398),
(5943, 'Char Khola Baria', 7870, 398),
(5944, 'Bel Bayna', 7870, 398),
(5945, 'Barangkula', 7870, 398),
(5946, 'Bandapasha', 7870, 398),
(5947, 'Banamalipur', 7870, 398),
(5948, 'Shialdi', 7870, 398),
(5949, 'Abdullabad', 7830, 399),
(5950, 'Mahesshardi', 7830, 399),
(5951, 'Maligram', 7830, 399),
(5952, 'Manairhat', 7830, 399),
(5953, 'Munsurabad', 7830, 399),
(5954, 'Pathrail', 7830, 399),
(5955, 'Pukhuria', 7830, 399),
(5956, 'Puradia Bazar', 7830, 399),
(5957, 'Sadardi', 7830, 399),
(5958, 'Sharifabad', 7830, 399),
(5959, 'Sulina Bazar', 7830, 399),
(5960, 'Tarail', 7830, 399),
(5961, 'Kauli Bera', 7830, 399),
(5962, 'Kaichal', 7830, 399),
(5963, 'Algi', 7830, 399),
(5964, 'Azim Nagar', 7830, 399),
(5965, 'Baliahati', 7830, 399),
(5966, 'Bhanga', 7830, 399),
(5967, 'Bhanga Court', 7830, 399),
(5968, 'Chandra Bazar', 7830, 399),
(5969, 'Char Arial Kha Hat', 7830, 399),
(5970, 'Fakirhat', 7830, 399),
(5971, 'Fazelpur', 7830, 399),
(5972, 'Hamirdi', 7830, 399),
(5973, 'Jandi', 7830, 399),
(5974, 'Tujar Pur', 7830, 399),
(5975, 'Bahirdia Madrasa', 7860, 400),
(5976, 'Teljuri', 7860, 400),
(5977, 'Surjadia', 7860, 400),
(5978, 'Shirgram', 7860, 400),
(5979, 'Shekhar', 7860, 400),
(5980, 'Nader Chandghat', 7860, 400),
(5981, 'Mayna', 7860, 400),
(5982, 'Kharsuti', 7860, 400),
(5983, 'Khamarpara', 7860, 400),
(5984, 'Kamalesshardi Khanka', 7860, 400),
(5985, 'Boalmari', 7860, 400),
(5986, 'Char Narandia', 7860, 400),
(5987, 'Chitar Bazar', 7860, 400),
(5988, 'Dhopaghata', 7860, 400),
(5989, 'Garaichandra', 7860, 400),
(5990, 'Gohailbari', 7860, 400),
(5991, 'Jaypasha', 7860, 400),
(5992, 'Wahidabad', 7860, 400),
(5993, 'Rupapat', 7861, 400),
(5994, 'Charvadrasan', 7810, 401),
(5995, 'Moulavirchar Hat', 7810, 401),
(5996, 'Mominkharhat', 7800, 402),
(5997, 'Faridpur DS Board', 7800, 402),
(5998, 'Faridpur Main Post Office', 7800, 402),
(5999, 'Faridpur Naisha', 7800, 402),
(6000, 'Gendu Mollar Hat', 7800, 402),
(6001, 'Ghosher Kuthi', 7800, 402),
(6002, 'Shibrampur', 7800, 402),
(6003, 'River Research Institute', 7800, 402),
(6004, 'Kafura', 7800, 402),
(6005, 'Khaleq Chairman-er Bazar', 7800, 402),
(6006, 'Khalilpur Bazar', 7800, 402),
(6007, 'Komarpur', 7800, 402),
(6008, 'Faridpur Bazar', 7800, 402),
(6009, 'Faridpur Azam Market', 7800, 402),
(6010, 'Udaypur', 7800, 402),
(6011, 'Bakhunda Bazar', 7800, 402),
(6012, 'Bakigonj Madrasa', 7800, 402),
(6013, 'Tepakhola', 7800, 402),
(6014, 'Basantapur', 7800, 402),
(6015, 'Basantapur', 7800, 402),
(6016, 'Eshanpur', 7800, 402),
(6017, 'Char Ajoddhya', 7800, 402),
(6018, 'Charhazigonj', 7800, 402),
(6019, 'Thenthenia Bazar', 7801, 402),
(6020, 'Nakul Hati', 7801, 402),
(6021, 'Ranakail', 7801, 402),
(6022, 'Tambulkhana', 7801, 402),
(6023, 'Saltha Bazar', 7801, 402),
(6024, 'Vuar Kandi', 7801, 402),
(6025, 'Kanaipur', 7801, 402),
(6026, 'Anandnagar', 7801, 402),
(6027, 'Bangersshardi', 7801, 402),
(6028, 'Chandpur Bazar', 7801, 402),
(6029, 'Gouradia', 7801, 402),
(6030, 'Jahapur', 7801, 402),
(6031, 'Kadiradee', 7801, 402),
(6032, 'Kamalesshardee Ayakub Ali', 7801, 402),
(6033, 'Ambikapur', 7802, 402),
(6034, 'Baitul Aman Polytechnic Instit', 7803, 402),
(6035, 'Bagat', 7850, 403),
(6036, 'Raypur Hat', 7850, 403),
(6037, 'Naoa Para', 7850, 403),
(6038, 'Makrail', 7850, 403),
(6039, 'Madhukhali', 7850, 403),
(6040, 'Korkadi', 7850, 403),
(6041, 'Byasdi Gajna', 7850, 403),
(6042, 'Veempur', 7850, 403),
(6043, 'Kamarkhali', 7851, 403),
(6044, 'Gayeshpur Boksipur', 7851, 403),
(6045, 'Dumain', 7851, 403),
(6046, 'Samadhinagar', 7851, 403),
(6047, 'Nagar Kanda', 7840, 404),
(6048, 'Bil Nalia', 7841, 404),
(6049, 'Kathiakalibari', 7841, 404),
(6050, 'Kazi Karial', 7841, 404),
(6051, 'Laskakadia', 7841, 404),
(6052, 'Rahutpara', 7841, 404),
(6053, 'Shakrail', 7841, 404),
(6054, 'Talma', 7841, 404),
(6055, 'Baishrashi', 7820, 405),
(6056, 'Sadarpur', 7820, 405),
(6057, 'Manikdaha', 7820, 405),
(6058, 'Chandrapara Pak Darbar', 7820, 405),
(6059, 'Charbishnupur', 7820, 405),
(6060, 'Chowdhuryr Hat', 7820, 405),
(6061, 'Krishna Nagar', 7821, 405),
(6062, 'Hatkrishnapur', 7821, 405),
(6063, 'Degreerchar Kareer hat', 7821, 405),
(6064, 'Charchandpur', 7821, 405),
(6065, 'Shailadubi', 7821, 405),
(6066, 'Dheukhali', 7822, 405),
(6067, 'Brahmandi', 7822, 405),
(6068, 'Bissha Jaker Manzil', 7822, 405),
(6069, 'Sree Angan', 7804, 406),
(6070, 'Vennatala Choudda Anirchar', 7930, 407),
(6071, 'Naodoba', 7930, 407),
(6072, 'Nandalalpur Hat', 7930, 407),
(6073, 'Munshi Kadirpur', 7930, 407),
(6074, 'Mozaffarpur', 7930, 407),
(6075, 'Mithupunai Hazir Kandi', 7930, 407),
(6076, 'Mirzarchar Senior Madrasa', 7930, 407),
(6077, 'Matbarerchar', 7930, 407),
(6078, 'Kutubpur', 7930, 407),
(6079, 'Pachchar', 7930, 407),
(6080, 'Painpara', 7930, 407),
(6081, 'Vandharikandi', 7930, 407),
(6082, 'Vadrasan', 7930, 407),
(6083, 'Uthrailhat', 7930, 407),
(6084, 'Sikderhat', 7930, 407),
(6085, 'Sannasirchar', 7930, 407),
(6086, 'Rajarchar Senior Madrasa', 7930, 407),
(6087, 'Rajarchar J. Islamia Madrasa', 7930, 407),
(6088, 'Palli Kumarpara', 7930, 407),
(6089, 'Khankandi', 7930, 407),
(6090, 'Cherchandhat', 7930, 407),
(6091, 'Chhalenama Bazitpur', 7930, 407),
(6092, 'Barhamgonj', 7930, 407),
(6093, 'Bara Krishna Nagar', 7930, 407),
(6094, 'East Khas Bandar Khola', 7930, 407),
(6095, 'Bara Gopalpur', 7930, 407),
(6096, 'Hoglarmath', 7930, 407),
(6097, 'Baheratala', 7930, 407),
(6098, 'Bablatala', 7930, 407),
(6099, 'Charjanajat', 7930, 407),
(6100, 'Char Datta Para', 7931, 407),
(6101, 'Charkamar Hawladar Kandi', 7931, 407),
(6102, 'Arja Datta para', 7931, 407),
(6103, 'Kalamudha', 7931, 407),
(6104, 'Kabirajpur', 7931, 407),
(6105, 'Kasimpur Hosenia Madrasa', 7931, 407),
(6106, 'Hatshiruail', 7931, 407),
(6107, 'Dighalia Kashempur', 7931, 407),
(6108, 'Deora', 7931, 407),
(6109, 'Nilaxmi Bandar', 7931, 407),
(6110, 'Bahadurpur', 7932, 407),
(6111, 'Umedpur', 7933, 407),
(6112, 'Anayet Nagar', 7920, 408),
(6113, 'Chardaulat Khan', 7920, 408),
(6114, 'Kalkini', 7920, 408),
(6115, 'Karim Khaner Hat', 7920, 408),
(6116, 'Karimgonj Hat', 7920, 408),
(6117, 'Kayaria', 7920, 408),
(6118, 'Miarhat', 7920, 408),
(6119, 'Mollarhat', 7920, 408),
(6120, 'Ahammadia Madrasa', 7900, 409),
(6121, 'Madaripur Bazar', 7900, 409),
(6122, 'Madaripur Main Post Office', 7900, 409),
(6123, 'Madraa', 7900, 409),
(6124, 'Mather Bazar', 7900, 409),
(6125, 'Fasiatala', 7900, 409),
(6126, 'East Hosnabad Hatemia Dakhil M', 7900, 409),
(6127, 'Nabagram South Chalbal Kha', 7900, 409),
(6128, 'Dhuasar', 7900, 409),
(6129, 'Kalikapur', 7900, 409),
(6130, 'Ahammadia Madrasa', 7900, 409),
(6131, 'Amiragopalpur', 7900, 409),
(6132, 'Silarchar', 7900, 409),
(6133, 'Bir Mohan', 7900, 409),
(6134, 'Shashikar', 7900, 409),
(6135, 'Shailapatri', 7900, 409),
(6136, 'Razarchar Public High School', 7900, 409),
(6137, 'Darshna Bazar', 7900, 409),
(6138, 'Murshidabad', 7901, 409),
(6139, 'Madaripur PTI', 7901, 409),
(6140, 'Piarpur', 7901, 409),
(6141, 'Khatial', 7901, 409),
(6142, 'Sreenadi', 7901, 409),
(6143, 'Ballabhadi', 7901, 409),
(6144, 'Chardhurail Khalasikandi', 7901, 409),
(6145, 'Charmuguria', 7901, 409),
(6146, 'Charnachna Bazar', 7901, 409),
(6147, 'Daxhim Birongol', 7901, 409),
(6148, 'Durgabardi', 7901, 409),
(6149, 'Dutta Kendua', 7901, 409),
(6150, 'Ghatmajhi', 7901, 409),
(6151, 'Hazrapur Darbar Sharif', 7901, 409),
(6152, 'Hugli', 7901, 409),
(6153, 'Kalapur Algi', 7901, 409),
(6154, 'Kulpaddi', 7902, 409),
(6155, 'Habigonj', 7903, 409),
(6156, 'Mostafapur', 7904, 409),
(6157, 'Amgram', 7910, 410),
(6158, 'Rajoir', 7910, 410),
(6159, 'Lundi', 7910, 410),
(6160, 'Lakhanda', 7910, 410),
(6161, 'Samaj yusufpur', 7910, 410),
(6162, 'Shafia Sharif', 7910, 410),
(6163, 'Bazitpur', 7910, 410),
(6164, 'Bandhab Doulatpur', 7910, 410),
(6165, 'Nayanagar', 7910, 410),
(6166, 'Shangkardi', 7911, 410),
(6167, 'Sindiaghat', 7911, 410),
(6168, 'Sreerampur Laxmer Bazar', 7911, 410),
(6169, 'Raghdi', 7911, 410),
(6170, 'Nanikhir', 7911, 410),
(6171, 'Mochana', 7911, 410),
(6172, 'Mahendradi', 7911, 410),
(6173, 'Khalia', 7911, 410),
(6174, 'Kadambari', 7911, 410),
(6175, 'Jalirpar', 7911, 410),
(6176, 'Hosenpur', 7911, 410),
(6177, 'Gohala', 7911, 410),
(6178, 'Tekerhat Popular High School', 7911, 410),
(6179, 'Nazimpur', 0, 411),
(6180, 'Baoikandi', 8030, 411),
(6181, 'Charboyra', 8030, 411),
(6182, 'Dakshinchr Kumaria', 8030, 411),
(6183, 'Dighar Mahesh Khali', 8030, 411),
(6184, 'Ramvaddrapur', 8030, 411),
(6185, 'Sakhipur', 8030, 411),
(6186, 'Tarabunia Balarhat', 8030, 411),
(6187, 'Vedargonj', 8030, 411),
(6188, 'Damuddya', 8040, 412),
(6189, 'Darul Aman', 8040, 412),
(6190, 'Purba Damuddya', 8040, 412),
(6191, 'Siddya Amin Bazar', 8040, 412),
(6192, 'Barakalinagar', 8050, 413),
(6193, 'Samantasar', 8050, 413),
(6194, 'Nagerpara', 8050, 413),
(6195, 'Masuakhali', 8050, 413),
(6196, 'Kodalpur', 8050, 413),
(6197, 'Khaserhat', 8050, 413),
(6198, 'Haturia', 8050, 413),
(6199, 'Gosairhat', 8050, 413),
(6200, 'Gareeberchar', 8050, 413),
(6201, 'Daser Jangle', 8050, 413),
(6202, 'Snanghat', 8050, 413),
(6203, 'Budhairhat', 8010, 414),
(6204, 'Darikandi', 8010, 414),
(6205, 'Dubisarbarhat', 8010, 414),
(6206, 'Kaziarchar', 8010, 414),
(6207, 'Laukhola', 8010, 414),
(6208, 'Palercharhat', 8010, 414),
(6209, 'Rajnagar Jameul-Ulum Dakhil Ma', 8010, 414),
(6210, 'Rupbaburhat', 8010, 414),
(6211, 'Zazira UPO', 8010, 414),
(6212, 'Bijharee', 8020, 415),
(6213, 'Mahishar', 8020, 415),
(6214, 'Mahiskhola Bazar', 8020, 415),
(6215, 'Mulfatgonj', 8020, 415),
(6216, 'Nagar', 8020, 415),
(6217, 'Naoapara', 8020, 415),
(6218, 'Naria', 8020, 415),
(6219, 'Panchapalli', 8020, 415),
(6220, 'Suressor Dabar Sharif', 8020, 415),
(6221, 'Upasee', 8020, 415),
(6222, 'Lonsing', 8020, 415),
(6223, 'Chakdha Bazar', 8020, 415),
(6224, 'Dumkhara', 8020, 415),
(6225, 'Dulukhanda', 8020, 415),
(6226, 'Chandi Pur', 8020, 415),
(6227, 'Char Atra', 8020, 415),
(6228, 'Vojesshar', 8021, 415),
(6229, 'Japsa', 8021, 415),
(6230, 'Nasasan', 8021, 415),
(6231, 'Nasasan', 8021, 415),
(6232, 'Charvaga', 8024, 415),
(6233, 'Dingamanik', 8024, 415),
(6234, 'Golabazar', 8024, 415),
(6235, 'Kartikpur', 8024, 415),
(6236, 'Tilai', 8000, 416),
(6237, 'Sajanpur', 8000, 416),
(6238, 'Soygao', 8000, 416),
(6239, 'Rajgonj', 8000, 416),
(6240, 'Manua', 8000, 416),
(6241, 'Maderhat', 8000, 416),
(6242, 'Kuarpur', 8000, 416),
(6243, 'Kanesshar', 8000, 416),
(6244, 'Kagdi', 8000, 416),
(6245, 'Bilaskhan', 8000, 416),
(6246, 'Burirhat', 8000, 416),
(6247, 'Dasarta', 8000, 416),
(6248, 'Dhanuka', 8000, 416),
(6249, 'Dhanukathi', 8000, 416),
(6250, 'Irikathi', 8000, 416),
(6251, 'Shariatpur Main Post Office', 8000, 416),
(6252, 'Subachanir Hat', 8001, 416),
(6253, 'Tekerhat', 8001, 416),
(6254, 'Rudrakar', 8001, 416),
(6255, 'Manohar Bazar', 8001, 416),
(6256, 'Majumdar Kandi', 8001, 416),
(6257, 'Angaria', 8001, 416),
(6258, 'Balakair', 8100, 417),
(6259, 'Karpara', 8100, 417),
(6260, 'Kathi', 8100, 417),
(6261, 'Maddhya Bangram', 8100, 417),
(6262, 'Majhigati High School', 8100, 417),
(6263, 'Manikdaha', 8100, 417),
(6264, 'Manikhar', 8100, 417),
(6265, 'Mulasree', 8100, 417),
(6266, 'Pahardanga', 8100, 417),
(6267, 'Raghunathpur', 8100, 417),
(6268, 'Silna', 8100, 417),
(6269, 'Terarhat', 8100, 417),
(6270, 'United Academy Khalia', 8100, 417),
(6271, 'Kajulia', 8100, 417),
(6272, 'Vojergati', 8100, 417),
(6273, 'Barni', 8100, 417),
(6274, 'Bedgram', 8100, 417),
(6275, 'Charpukuria', 8100, 417),
(6276, 'Darul Koran', 8100, 417),
(6277, 'Deeghar Kul', 8100, 417),
(6278, 'Durgapur', 8100, 417),
(6279, 'Gobra', 8100, 417),
(6280, 'Gopalgonj Main Post Office', 8100, 417),
(6281, 'Gopalgonj Pukuria', 8100, 417),
(6282, 'Gopalpur', 8100, 417),
(6283, 'Uttra Vennabari', 8101, 417),
(6284, 'Ulpur', 8101, 417),
(6285, 'Tuthamandra', 8101, 417),
(6286, 'Hatiara', 8101, 417),
(6287, 'Singa', 8101, 417),
(6288, 'Satpar', 8101, 417),
(6289, 'Boultali', 8101, 417),
(6290, 'Nizam kandi', 8101, 417),
(6291, 'Jotkuraghonapara', 8101, 417),
(6292, 'Suktail', 8102, 417),
(6293, 'Barafa', 8102, 417),
(6294, 'Molla Tetulia', 8102, 417),
(6295, 'Vatiapara', 8130, 418),
(6296, 'Patharghata', 8130, 418),
(6297, 'Parulia', 8130, 418),
(6298, 'Padmabila', 8130, 418),
(6299, 'Mazra', 8130, 418),
(6300, 'Mahisharghop', 8130, 418),
(6301, 'Kusumdia', 8130, 418),
(6302, 'Tarail Bazar', 8130, 418),
(6303, 'Kashiyani', 8130, 418),
(6304, 'Jonasur', 8130, 418),
(6305, 'Goal Gram Madrasa', 8130, 418),
(6306, 'Chapta', 8130, 418),
(6307, 'Charvatpara', 8130, 418),
(6308, 'Dhalgram', 8130, 418),
(6309, 'Tilchhara', 8130, 418),
(6310, 'Ekrial', 8130, 418),
(6311, 'Fukra', 8130, 418),
(6312, 'Ghonapara', 8130, 418),
(6313, 'Sajail', 8130, 418),
(6314, 'Shuktagram', 8131, 418);
INSERT INTO `sms_post_office` (`id`, `name`, `post_code`, `thana_id`) VALUES
(6315, 'Seetarampur', 8131, 418),
(6316, 'Ramdia College', 8131, 418),
(6317, 'Rajpat', 8131, 418),
(6318, 'Orakandi', 8131, 418),
(6319, 'Majhigati', 8131, 418),
(6320, 'Khagrabaria', 8131, 418),
(6321, 'Domrakandi', 8131, 418),
(6322, 'Barabahir Bag', 8131, 418),
(6323, 'Ratail', 8132, 418),
(6324, 'Baliabhanga', 8110, 419),
(6325, 'Majhbari', 8110, 419),
(6326, 'Narikelbari', 8110, 419),
(6327, 'Noiarbari', 8110, 419),
(6328, 'Pinjuri', 8110, 419),
(6329, 'Radhagonj', 8110, 419),
(6330, 'Ramshil', 8110, 419),
(6331, 'Salukha', 8110, 419),
(6332, 'Shuagram Hatkhola', 8110, 419),
(6333, 'Sikir Bazar', 8110, 419),
(6334, 'Sitaikundu', 8110, 419),
(6335, 'Unashia', 8110, 419),
(6336, 'Machartara Public High School', 8110, 419),
(6337, 'Kushalee', 8110, 419),
(6338, 'Kurpala Kazi Bari', 8110, 419),
(6339, 'Bandhabari', 8110, 419),
(6340, 'Baruabari', 8110, 419),
(6341, 'Chhitkabari', 8110, 419),
(6342, 'Gachapara', 8110, 419),
(6343, 'Harinahati', 8110, 419),
(6344, 'Hiran', 8110, 419),
(6345, 'Kakdanga Gopalpur', 8110, 419),
(6346, 'Kalabari', 8110, 419),
(6347, 'Kandi', 8110, 419),
(6348, 'Kotalipara', 8110, 419),
(6349, 'Kotalipara Goalangk', 8110, 419),
(6350, 'Vangarhat', 8110, 419),
(6351, 'Vatra Bejra', 8140, 420),
(6352, 'Fulbaria Hat', 8140, 420),
(6353, 'Kachari Bari', 8140, 420),
(6354, 'Kali Nagar Peer Manzil', 8140, 420),
(6355, 'Kanfardi', 8140, 420),
(6356, 'Krishnadia', 8140, 420),
(6357, 'Muksudpur', 8140, 420),
(6358, 'Salinabox', 8140, 420),
(6359, 'School Bedgram', 8140, 420),
(6360, 'Uzani', 8140, 420),
(6361, 'Vabrasur', 8140, 420),
(6362, 'Fularpar', 8140, 420),
(6363, 'Dulali', 8140, 420),
(6364, 'Bahugram', 8140, 420),
(6365, 'Baashbariaa', 8140, 420),
(6366, 'Chand Hat', 8140, 420),
(6367, 'Baushkhali', 8140, 420),
(6368, 'Banesshardi', 8141, 420),
(6369, 'Naohata Bazar', 8141, 420),
(6370, 'Bana Gram', 8141, 420),
(6371, 'Dig Nagar', 8141, 420),
(6372, 'Bahara Mia Para', 8141, 420),
(6373, 'Lohair Madrasa', 8141, 420),
(6374, 'Lohachura', 8141, 420),
(6375, 'Batkiamaree', 8141, 420),
(6376, 'Kohaldia', 8141, 420),
(6377, 'Kanuria', 8141, 420),
(6378, 'Chaocha', 8141, 420),
(6379, 'Chumurdi', 8141, 420),
(6380, 'Aikdia', 8141, 420),
(6381, 'Khandar Para', 8142, 420),
(6382, 'Tungipara', 8120, 421),
(6383, 'Gimadanga', 8120, 421),
(6384, 'Joaria', 8120, 421),
(6385, 'Nilfaboyra', 8120, 421),
(6386, 'Kushali Islamia Madrasa', 8120, 421),
(6387, 'Sreeram Kandi', 8121, 421),
(6388, 'Patgati', 8121, 421),
(6389, 'Khademul Islam Madrasa', 8121, 421),
(6390, 'Jhanjhania', 8121, 421),
(6391, 'Dumuria', 8121, 421),
(6392, 'Bashbaria Bandar', 8121, 421),
(6393, 'Agoil Jhara', 8240, 422),
(6394, 'Ashkar', 8240, 422),
(6395, 'Bar Paika', 8240, 422),
(6396, 'Kathira', 8240, 422),
(6397, 'Jober Par', 8240, 422),
(6398, 'Natai', 8241, 422),
(6399, 'Kodal Dhoa', 8241, 422),
(6400, 'Goila', 8241, 422),
(6401, 'Fulsree', 8241, 422),
(6402, 'Bakal', 8241, 422),
(6403, 'Bagdha', 8242, 422),
(6404, 'Poysar Hat', 8242, 422),
(6405, 'Salta', 8242, 422),
(6406, 'Babugonj', 8210, 423),
(6407, 'Baherchar Khudra Kathi', 8210, 423),
(6408, 'Meergonj', 8210, 423),
(6409, 'Bhuterdia', 8210, 423),
(6410, 'Kedarpur', 8210, 423),
(6411, 'Rahamatpur', 8211, 423),
(6412, 'Chandpasha', 8212, 423),
(6413, 'Madhabpasa', 8213, 423),
(6414, 'Jahapur', 8214, 423),
(6415, 'Islampur', 8214, 423),
(6416, 'Hosnabad', 8214, 423),
(6417, 'Thakur Mallik', 8214, 423),
(6418, 'NIzamuddin College', 8215, 423),
(6419, 'Barisal Cadet College', 8216, 423),
(6420, 'Babugonj Bandar Sub Post Offic', 8216, 423),
(6421, 'Mollar Hat', 8260, 424),
(6422, 'Barajalia', 8260, 424),
(6423, 'Kahalir Hat', 8260, 424),
(6424, 'Andar Manik', 8261, 424),
(6425, 'Mamania', 8261, 424),
(6426, 'Lata', 8261, 424),
(6427, 'Kuchai Patti', 8261, 424),
(6428, 'Kawria Bandar', 8261, 424),
(6429, 'Harinathpur', 8261, 424),
(6430, 'Guabaria', 8261, 424),
(6431, 'Badartuni', 8261, 424),
(6432, 'Osman Manjil', 8261, 424),
(6433, 'Vashanchar', 8200, 425),
(6434, 'Lakutia', 8200, 425),
(6435, 'Khanpur', 8200, 425),
(6436, 'Khagutia', 8200, 425),
(6437, 'Kaya Bazar', 8200, 425),
(6438, 'Kaunia', 8200, 425),
(6439, 'Karna Kathi', 8200, 425),
(6440, 'Karapur', 8200, 425),
(6441, 'Kalushah Sarak', 8200, 425),
(6442, 'Jurkathi', 8200, 425),
(6443, 'Industrial State', 8200, 425),
(6444, 'Hijaltala', 8200, 425),
(6445, 'Harinafulia', 8200, 425),
(6446, 'Guthia', 8200, 425),
(6447, 'Mahmudia Madrasa', 8200, 425),
(6448, 'Naimitra', 8200, 425),
(6449, 'Nutan Bazar', 8200, 425),
(6450, 'Uttam Nagar', 8200, 425),
(6451, 'Timirkathi', 8200, 425),
(6452, 'Talukdar Hat', 8200, 425),
(6453, 'Syed Hatem Ali College', 8200, 425),
(6454, 'Singher Kathi', 8200, 425),
(6455, 'Sholna', 8200, 425),
(6456, 'Shayestabad', 8200, 425),
(6457, 'Sagardi', 8200, 425),
(6458, 'Ruia', 8200, 425),
(6459, 'Roypasha', 8200, 425),
(6460, 'Ranir Hat', 8200, 425),
(6461, 'Protappur Pangsha', 8200, 425),
(6462, 'Pachgao', 8200, 425),
(6463, 'Greenbag', 8200, 425),
(6464, 'Ganpara', 8200, 425),
(6465, 'Barisal WAPDA', 8200, 425),
(6466, 'Barisal Politechnic Institute', 8200, 425),
(6467, 'Barisal Police Line', 8200, 425),
(6468, 'Barisal Naisha', 8200, 425),
(6469, 'Barisal Medical College', 8200, 425),
(6470, 'Barisal Main Post Office', 8200, 425),
(6471, 'Barisal Govt. Girls College', 8200, 425),
(6472, 'Barisal College', 8200, 425),
(6473, 'Barisal Bar', 8200, 425),
(6474, 'Barisal B. M. College', 8200, 425),
(6475, 'Badal para', 8200, 425),
(6476, 'Amirgonj Bazar', 8200, 425),
(6477, 'Amirabad', 8200, 425),
(6478, 'Amanatgonj', 8200, 425),
(6479, 'Baylakhali', 8200, 425),
(6480, 'Binoykathi College', 8200, 425),
(6481, 'Alekanda', 8200, 425),
(6482, 'Daharpara', 8200, 425),
(6483, 'Churaman', 8200, 425),
(6484, 'Dehergati', 8200, 425),
(6485, 'Charmonai', 8200, 425),
(6486, 'Charkaraggihat', 8200, 425),
(6487, 'Fakirbari', 8200, 425),
(6488, 'Charhuglamdel Madrasa', 8200, 425),
(6489, 'Charbaria', 8200, 425),
(6490, 'Gagan', 8200, 425),
(6491, 'Charadi', 8200, 425),
(6492, 'Chalk Bazar', 8200, 425),
(6493, 'Dapdapia', 8200, 425),
(6494, 'Bukhai Nagar', 8201, 425),
(6495, 'Saheber Hat', 8202, 425),
(6496, 'Sugandia', 8203, 425),
(6497, 'Patang', 8204, 425),
(6498, 'Kashipur', 8205, 425),
(6499, 'Jaguar Hat', 8206, 425),
(6500, 'Bara Bashail', 8230, 426),
(6501, 'Pinglakathi', 8230, 426),
(6502, 'Ramadanpur Hat', 8230, 426),
(6503, 'Hazipara', 8230, 426),
(6504, 'Gournadi', 8230, 426),
(6505, 'Digreer Hat', 8230, 426),
(6506, 'Ramarpole', 8230, 426),
(6507, 'Chandshee', 8230, 426),
(6508, 'Razee Har', 8230, 426),
(6509, 'Shaora', 8230, 426),
(6510, 'Bahadurpur', 8230, 426),
(6511, 'Uttra Ramadanpur', 8230, 426),
(6512, 'Vurghata', 8231, 426),
(6513, 'Bakai', 8231, 426),
(6514, 'Kataksthal', 8231, 426),
(6515, 'Dhandoba', 8231, 426),
(6516, 'Medakul', 8231, 426),
(6517, 'Dasar', 8231, 426),
(6518, 'Tarki Bandar', 8231, 426),
(6519, 'Barthi', 8231, 426),
(6520, 'Khaggapur', 8231, 426),
(6521, 'Valluksee', 8231, 426),
(6522, 'Seral', 8232, 426),
(6523, 'Sharifabad', 8232, 426),
(6524, 'Molla Para', 8232, 426),
(6525, 'Mahilara', 8232, 426),
(6526, 'Kashembad', 8232, 426),
(6527, 'Billagram', 8232, 426),
(6528, 'Barhazar Bariali', 8232, 426),
(6529, 'Datterabad', 8233, 426),
(6530, 'Agarpur', 8233, 426),
(6531, 'Bahamndia', 8233, 426),
(6532, 'Sholak', 8233, 426),
(6533, 'Kandapasha', 8233, 426),
(6534, 'Basudebpara', 8233, 426),
(6535, 'Batajor', 8233, 426),
(6536, 'Shahajira', 8233, 426),
(6537, 'Adhuna', 8233, 426),
(6538, 'Chandrahar', 8233, 426),
(6539, 'Char Uttrar Vuterdia', 8233, 426),
(6540, 'Sharikal', 8233, 426),
(6541, 'Uttar Char', 8270, 427),
(6542, 'Hijla', 8270, 427),
(6543, 'Mehendigonj', 8270, 427),
(6544, 'Darir Char Khajuria', 8270, 427),
(6545, 'Rukundi', 8270, 427),
(6546, 'Char Lata', 8270, 427),
(6547, 'Char Hogla', 8270, 427),
(6548, 'Chanpur', 8270, 427),
(6549, 'Ghat Patar Hat', 8270, 427),
(6550, 'Laskerpur', 8271, 427),
(6551, 'Gabindapur', 8272, 427),
(6552, 'Eidgah Bazar', 8272, 427),
(6553, 'Ulania', 8272, 427),
(6554, 'Saldi', 8272, 427),
(6555, 'Nalgora', 8273, 427),
(6556, 'Sreepur', 8274, 427),
(6557, 'Sangsabad', 8274, 427),
(6558, 'Char Mithua', 8274, 427),
(6559, 'East Jangalia', 8274, 427),
(6560, 'Mahisha', 8274, 427),
(6561, 'Lengutia', 8274, 427),
(6562, 'Amir Gonj', 8274, 427),
(6563, 'Alimabad', 8250, 428),
(6564, 'Muladi', 8250, 428),
(6565, 'Narsinghapur', 8250, 428),
(6566, 'Nazirpur School', 8250, 428),
(6567, 'Patarchar', 8250, 428),
(6568, 'Pattani Danga', 8250, 428),
(6569, 'Safipur', 8250, 428),
(6570, 'Saider Gao', 8250, 428),
(6571, 'Santoshpur', 8250, 428),
(6572, 'Selimpur', 8250, 428),
(6573, 'Shamer Hat', 8250, 428),
(6574, 'Sonamuddin Bandar', 8250, 428),
(6575, 'Sonamuddin Bandar', 8250, 428),
(6576, 'Sujabad', 8250, 428),
(6577, 'Kadirabad', 8250, 428),
(6578, 'Banimardan', 8250, 428),
(6579, 'Char Commissioner', 8250, 428),
(6580, 'Char Dicri Madrasa', 8250, 428),
(6581, 'Char Laxmipur', 8250, 428),
(6582, 'Char Padma', 8250, 428),
(6583, 'Chittir Hat', 8250, 428),
(6584, 'Dharmajagga', 8250, 428),
(6585, 'Dumurtala', 8250, 428),
(6586, 'Gachhua', 8250, 428),
(6587, 'Hesam Uddin', 8250, 428),
(6588, 'Jalalabad', 8250, 428),
(6589, 'Kazirchar', 8251, 428),
(6590, 'Char Kale Khan', 8252, 428),
(6591, 'Varipasha', 8280, 429),
(6592, 'Shyampur', 8280, 429),
(6593, 'Sahebgonj', 8280, 429),
(6594, 'Runshi', 8280, 429),
(6595, 'Khayrabad', 8280, 429),
(6596, 'Kaligonj Bazar', 8280, 429),
(6597, 'Kaliganj Bazar', 8280, 429),
(6598, 'Dudhal Mou', 8280, 429),
(6599, 'Dingar Hat', 8280, 429),
(6600, 'Daxshin Dudhal Mou', 8280, 429),
(6601, 'Bakergonj Thana', 8280, 429),
(6602, 'Boalia', 8280, 429),
(6603, 'Boalia', 8280, 429),
(6604, 'Charamaddi', 8281, 429),
(6605, 'Krishna Kathi', 8282, 429),
(6606, 'Padrishibpur', 8282, 429),
(6607, 'Parshibpur', 8282, 429),
(6608, 'Chaita', 8282, 429),
(6609, 'Raghunath Pur', 8282, 429),
(6610, 'Rampur', 8282, 429),
(6611, 'Forkania Madrasa', 8282, 429),
(6612, 'Bara Puiuta', 8282, 429),
(6613, 'Shialguni', 8283, 429),
(6614, 'Sadish', 8284, 429),
(6615, 'Rabipur', 8284, 429),
(6616, 'Moddhya Naluahat', 8284, 429),
(6617, 'Laxmipaasha', 8284, 429),
(6618, 'Chunakhali', 8284, 429),
(6619, 'Dudhal Madrasa', 8284, 429),
(6620, 'Chatra', 8284, 429),
(6621, 'Garuria', 8284, 429),
(6622, 'Gomadudhal', 8284, 429),
(6623, 'Hanua', 8284, 429),
(6624, 'Kalaskathi', 8284, 429),
(6625, 'Kathipara', 8284, 429),
(6626, 'Koch Nagar', 8284, 429),
(6627, 'Dhaparkathi', 8284, 429),
(6628, 'Afalkathi', 8284, 429),
(6629, 'Shakral', 8220, 430),
(6630, 'Gazirpar', 8220, 430),
(6631, 'Garia Madrasa', 8220, 430),
(6632, 'Dhamsar', 8220, 430),
(6633, 'Daser Hat', 8220, 430),
(6634, 'Uzirpur', 8220, 430),
(6635, 'Chowdhuryr Hat', 8220, 430),
(6636, 'Dhamura', 8221, 430),
(6637, 'Peererpar', 8221, 430),
(6638, 'Baherghat', 8221, 430),
(6639, 'Misrepara', 8221, 430),
(6640, 'Ramerkathi', 8221, 430),
(6641, 'Otra', 8222, 430),
(6642, 'Mashang', 8222, 430),
(6643, 'Keshabkathi', 8222, 430),
(6644, 'Jallakuralia', 8222, 430),
(6645, 'Harta', 8222, 430),
(6646, 'Vabanipur Moulavi Bazar', 8222, 430),
(6647, 'Jugir Kanda', 8222, 430),
(6648, 'Dakuar Hat', 8223, 430),
(6649, 'Shikarpur', 8224, 430),
(6650, 'Ramjankathi', 8224, 430),
(6651, 'Rakudia', 8224, 430),
(6652, 'Morakathi', 8224, 430),
(6653, 'Atipara', 8224, 430),
(6654, 'Hastisunda', 8224, 430),
(6655, 'Damodarkathi', 8224, 430),
(6656, 'Bamrail', 8224, 430),
(6657, 'Varasakathi', 8224, 430),
(6658, 'Ali Nagar', 8300, 431),
(6659, 'Kalu Pur', 8300, 431),
(6660, 'Kasia', 8300, 431),
(6661, 'Kazir Hat', 8300, 431),
(6662, 'Kharki', 8300, 431),
(6663, 'Lamsi Pata', 8300, 431),
(6664, 'Medua', 8300, 431),
(6665, 'Murad Safiullah', 8300, 431),
(6666, 'Paran Gonj', 8300, 431),
(6667, 'Radha Ballav', 8300, 431),
(6668, 'Ramdas Pur', 8300, 431),
(6669, 'Ratanpur', 8300, 431),
(6670, 'Sukkdeb', 8300, 431),
(6671, 'Uttar Dighaldi', 8300, 431),
(6672, 'Hilshaghat', 8300, 431),
(6673, 'Charveduria', 8300, 431),
(6674, 'Chatalia Bazar', 8300, 431),
(6675, 'Chandra Prosad', 8300, 431),
(6676, 'Bhola Main Post Office', 8300, 431),
(6677, 'Bhola College', 8300, 431),
(6678, 'Dhania', 8300, 431),
(6679, 'Bhola Bar', 8300, 431),
(6680, 'Bapta', 8300, 431),
(6681, 'Balia', 8300, 431),
(6682, 'Char Pata', 8300, 431),
(6683, 'Gangapur', 8301, 431),
(6684, 'Khayarhat', 8301, 431),
(6685, 'Chaultatlee', 8301, 431),
(6686, 'Chotomanika', 8301, 431),
(6687, 'Didarullah', 8301, 431),
(6688, 'Joy Nagar', 8301, 431),
(6689, 'Dixshin Digaldi', 8301, 431),
(6690, 'West Bisharampur', 8301, 431),
(6691, 'Barhamgonj', 8320, 432),
(6692, 'South Joy Pur', 8320, 432),
(6693, 'School Bari', 8320, 432),
(6694, 'Munsirhat', 8320, 432),
(6695, 'Manika', 8320, 432),
(6696, 'Kunjer Hat', 8320, 432),
(6697, 'Khaser Hat', 8320, 432),
(6698, 'Kasheegonj', 8320, 432),
(6699, 'Hakim Uddin', 8320, 432),
(6700, 'Golakpura', 8320, 432),
(6701, 'Endra Narayanpur', 8320, 432),
(6702, 'Batamara', 8320, 432),
(6703, 'Borhan Uddin', 8320, 432),
(6704, 'Dalalpur', 8320, 432),
(6705, 'Daxshin Batamara', 8320, 432),
(6706, 'Debeer Char', 8320, 432),
(6707, 'Deula', 8320, 432),
(6708, 'Talukdar Bari', 8320, 432),
(6709, 'Debeepur Madrasa', 8321, 432),
(6710, 'Mirza Kalu', 8321, 432),
(6711, 'Krishna Chandra', 8321, 432),
(6712, 'Aminabad', 8340, 433),
(6713, 'Munshir Hat', 8340, 433),
(6714, 'Majher Char Madrasa', 8340, 433),
(6715, 'Kulsum Bag', 8340, 433),
(6716, 'Kasem Gonj', 8340, 433),
(6717, 'Goldar Hat', 8340, 433),
(6718, 'Fazalgonj', 8340, 433),
(6719, 'Daxshin Shiba', 8340, 433),
(6720, 'Daxshin Char Aicha', 8340, 433),
(6721, 'Char Shashee Vushan', 8340, 433),
(6722, 'Anjur Hat', 8340, 433),
(6723, 'Aslam Pur', 8340, 433),
(6724, 'Chairman Hat', 8340, 433),
(6725, 'Char Aicha', 8340, 433),
(6726, 'Char Fashion', 8340, 433),
(6727, 'Char Kukri Mukri', 8340, 433),
(6728, 'Char Madras', 8340, 433),
(6729, 'Nunabad', 8340, 433),
(6730, 'Dular Hat', 8341, 433),
(6731, 'Keramat Gonj', 8342, 433),
(6732, 'Amani Bazar', 8310, 434),
(6733, 'Doulat Khan', 8310, 434),
(6734, 'Guptagonj', 8310, 434),
(6735, 'Nurmiar Hat', 8310, 434),
(6736, 'Sayedpur', 8310, 434),
(6737, 'Hazipur Madrasa', 8311, 434),
(6738, 'Sasraj Gonj', 8311, 434),
(6739, 'Hazir Hat', 8360, 435),
(6740, 'Kauartek', 8360, 435),
(6741, 'Manpura', 8360, 435),
(6742, 'Master Hat', 8360, 435),
(6743, 'Sakuchia', 8360, 435),
(6744, 'Chacira', 8350, 436),
(6745, 'Chapree', 8350, 436),
(6746, 'Hat Shashe Gonj', 8350, 436),
(6747, 'Laxmipur', 8350, 436),
(6748, 'Mohammad Villa', 8350, 436),
(6749, 'Tajumddin', 8350, 436),
(6750, 'Balur Char', 8330, 437),
(6751, 'Sijir Hat', 8330, 437),
(6752, 'Serazia Madrasa', 8330, 437),
(6753, 'Patoari Hat', 8330, 437),
(6754, 'Lal Mohan', 8330, 437),
(6755, 'Kishorgonj', 8330, 437),
(6756, 'Fulbagichha', 8330, 437),
(6757, 'Titia', 8330, 437),
(6758, 'Char Bhuta', 8330, 437),
(6759, 'Chatla Bazar', 8330, 437),
(6760, 'Faraj Gonj', 8330, 437),
(6761, 'Dhali Gour Nagar', 8330, 437),
(6762, 'Dauree Hat', 8331, 437),
(6763, 'Roychand', 8332, 437),
(6764, 'Osman Gonj', 8332, 437),
(6765, 'Omarpur', 8332, 437),
(6766, 'Lord Hardinj', 8332, 437),
(6767, 'Kartar Hat', 8332, 437),
(6768, 'Hasan Gonj', 8332, 437),
(6769, 'Gazaria', 8332, 437),
(6770, 'Agarbari', 8400, 438),
(6771, 'Jhalakathi Bar', 8400, 438),
(6772, 'Jhalakathi Main Post Office', 8400, 438),
(6773, 'Keora', 8400, 438),
(6774, 'Kirtipasha', 8400, 438),
(6775, 'Nizamia', 8400, 438),
(6776, 'Palat', 8400, 438),
(6777, 'Pingree', 8400, 438),
(6778, 'Protap', 8400, 438),
(6779, 'Runsee', 8400, 438),
(6780, 'Sarengal', 8400, 438),
(6781, 'Taruli', 8400, 438),
(6782, 'Gheegara', 8400, 438),
(6783, 'Basanda', 8400, 438),
(6784, 'Daxshin Kistakathi', 8400, 438),
(6785, 'Deul Kathi', 8400, 438),
(6786, 'Gabkhan', 8400, 438),
(6787, 'Bishain Khan', 8400, 438),
(6788, 'Naba Gram', 8401, 438),
(6789, 'Veemruli', 8402, 438),
(6790, 'Ramchandra Pur', 8402, 438),
(6791, 'Betra', 8402, 438),
(6792, 'Baukathi', 8402, 438),
(6793, 'Shatadash Kathi', 8402, 438),
(6794, 'Darkhi', 8402, 438),
(6795, 'Parmahal ', 8402, 438),
(6796, 'Dogalchira', 8402, 438),
(6797, 'Gava', 8403, 438),
(6798, 'Durga Kathi', 8404, 438),
(6799, 'Garangal', 8404, 438),
(6800, 'Maishani', 8404, 438),
(6801, 'Sheerjug', 8404, 438),
(6802, 'Shekher Hat', 8404, 438),
(6803, 'Sree Manto Kathi', 8404, 438),
(6804, 'Garangal', 8404, 438),
(6805, 'Guaton', 8404, 438),
(6806, 'Koikhali Binapani', 8430, 439),
(6807, 'Kathalia', 8430, 439),
(6808, 'Kachuaa', 8430, 439),
(6809, 'Kachua', 8430, 439),
(6810, 'Lebubunia', 8430, 439),
(6811, 'Saiyedpur', 8430, 439),
(6812, 'Chingra Khali', 8430, 439),
(6813, 'Soulajalia', 8430, 439),
(6814, 'Anailbunia', 8430, 439),
(6815, 'Sonaotha Madrasa', 8431, 439),
(6816, 'Nutan Hat', 8431, 439),
(6817, 'Nagra Bhanga', 8431, 439),
(6818, 'Taltala Bazar', 8431, 439),
(6819, 'Mirukhali', 8431, 439),
(6820, 'Patkel Ghata', 8431, 439),
(6821, 'Amua', 8431, 439),
(6822, 'Hetalbunia', 8431, 439),
(6823, 'Debattra', 8431, 439),
(6824, 'Aorabunia', 8432, 439),
(6825, 'Talgacchia', 8432, 439),
(6826, 'Chamta Bandar', 8432, 439),
(6827, 'Deshantarkathi', 8432, 439),
(6828, 'Fultala', 8432, 439),
(6829, 'Pashchim Sitki', 8432, 439),
(6830, 'Palli Mangal Bazar', 8432, 439),
(6831, 'Gariabunia', 8432, 439),
(6832, 'Niamati', 8432, 439),
(6833, 'Kafila', 8432, 439),
(6834, 'Uttarcharail', 8432, 439),
(6835, 'Anurag', 8420, 440),
(6836, 'Khayerhat', 8420, 440),
(6837, 'Manohar Pur', 8420, 440),
(6838, 'Manpasha', 8420, 440),
(6839, 'Nalsiti', 8420, 440),
(6840, 'Paota', 8420, 440),
(6841, 'Ponabalia', 8420, 440),
(6842, 'Rajapur', 8420, 440),
(6843, 'Razapur', 8420, 440),
(6844, 'Razapur', 8420, 440),
(6845, 'Saitpakia', 8420, 440),
(6846, 'Sangar', 8420, 440),
(6847, 'Sarmahal', 8420, 440),
(6848, 'Siddhakathi', 8420, 440),
(6849, 'Suktagar', 8420, 440),
(6850, 'Teker Hat', 8420, 440),
(6851, 'Uttampur', 8420, 440),
(6852, 'Khayerhat', 8420, 440),
(6853, 'Khayer Hat', 8420, 440),
(6854, 'Jibandas Kathi', 8420, 440),
(6855, 'Avoynil', 8420, 440),
(6856, 'Badur Tala', 8420, 440),
(6857, 'Bara Kaibarta Khali', 8420, 440),
(6858, 'Chara Khali', 8420, 440),
(6859, 'Chouddaburia', 8420, 440),
(6860, 'Chouddaburia', 8420, 440),
(6861, 'Daxshin Angaria', 8420, 440),
(6862, 'Delduar', 8420, 440),
(6863, 'Vabanipur', 8420, 440),
(6864, 'Galua Bazar', 8420, 440),
(6865, 'Haybadpur', 8420, 440),
(6866, 'Harikhali', 8420, 440),
(6867, 'Harikhali', 8420, 440),
(6868, 'Hat Putiakhali', 8420, 440),
(6869, 'Latimsar', 8421, 440),
(6870, 'Beerkathi', 8421, 440),
(6871, 'Chachair', 8421, 440),
(6872, 'Nathullabad', 8421, 440),
(6873, 'Daxshin Manpasha', 8421, 440),
(6874, 'Auar', 8530, 442),
(6875, 'Uttrakul', 8530, 442),
(6876, 'Tetala', 8530, 442),
(6877, 'Saliabakpur', 8530, 442),
(6878, 'Royer Hat', 8530, 442),
(6879, 'Narottampur', 8530, 442),
(6880, 'Masjidbari', 8530, 442),
(6881, 'Maluhar', 8530, 442),
(6882, 'Labansara', 8530, 442),
(6883, 'Kachabalia', 8530, 442),
(6884, 'Jabedpur', 8530, 442),
(6885, 'Eluhar', 8530, 442),
(6886, 'Dhandoat', 8530, 442),
(6887, 'Baishari', 8530, 442),
(6888, 'Bisharkandi', 8530, 442),
(6889, 'Banripara', 8530, 442),
(6890, 'Khalishakota', 8531, 442),
(6891, 'Sener Hat', 8531, 442),
(6892, 'Charkar', 8531, 442),
(6893, 'Varukathi Narayanpur', 8531, 442),
(6894, 'Banaihat', 8550, 443),
(6895, 'Pashuri Bunia', 8550, 443),
(6896, 'Radha nagar', 8550, 443),
(6897, 'Rajpasha', 8550, 443),
(6898, 'Shial Kathi', 8550, 443),
(6899, 'Shing Khali', 8550, 443),
(6900, 'Telikhali', 8550, 443),
(6901, 'Teoari Bazar', 8550, 443),
(6902, 'Vandaria', 8550, 443),
(6903, 'Vayla Bunia', 8550, 443),
(6904, 'Paikkhali', 8550, 443),
(6905, 'Naya Khali', 8550, 443),
(6906, 'Nadmulla', 8550, 443),
(6907, 'Chechri', 8550, 443),
(6908, 'Chinguria Vitabaria', 8550, 443),
(6909, 'Daxshin Tara Bunia', 8550, 443),
(6910, 'Dognahat', 8550, 443),
(6911, 'Ekri', 8550, 443),
(6912, 'Koikhali Bazar', 8550, 443),
(6913, 'Modirabad', 8550, 443),
(6914, 'Vitabaria', 8550, 443),
(6915, 'Kanudaskathi', 8551, 443),
(6916, 'Dhaoa', 8552, 443),
(6917, ' Batnatala Chandkathi', 8510, 444),
(6918, 'Saturiamia', 8510, 444),
(6919, 'Saturiamia', 8510, 444),
(6920, 'Rola', 8510, 444),
(6921, 'parsaturia', 8510, 444),
(6922, 'Niltee', 8510, 444),
(6923, 'Naikathi', 8510, 444),
(6924, 'Kawkhali', 8510, 444),
(6925, 'Sehangal', 8510, 444),
(6926, 'Iron', 8510, 444),
(6927, 'Hoglabetka', 8510, 444),
(6928, 'Amrajhuri', 8510, 444),
(6929, 'Baskathi', 8510, 444),
(6930, 'Bekutia', 8510, 444),
(6931, 'Chanderhat', 8510, 444),
(6932, 'Chanderhat', 8510, 444),
(6933, 'Daserkathi', 8510, 444),
(6934, 'Goshantara', 8510, 444),
(6935, 'Keundia', 8511, 444),
(6936, 'Joykul', 8512, 444),
(6937, 'Jolagati', 8513, 444),
(6938, 'Algipata Kata', 8560, 445),
(6939, 'Daxshin Charak Gasia', 8560, 445),
(6940, 'Chirukahli', 8560, 445),
(6941, 'Nali Golbunia', 8560, 445),
(6942, 'Mitha Khali', 8560, 445),
(6943, 'Tikikata Madrasa', 8560, 445),
(6944, 'Math Baria', 8560, 445),
(6945, 'Uttar Sona Khali', 8560, 445),
(6946, 'Bara Masua', 8560, 445),
(6947, 'Bara Harji', 8560, 445),
(6948, 'Amragasia', 8560, 445),
(6949, 'Nali Charakgasia', 8560, 445),
(6950, 'Safa Bandar', 8561, 445),
(6951, 'Tush Khali', 8561, 445),
(6952, 'Junia Natun Hat', 8561, 445),
(6953, 'Jan Khali Bazar', 8561, 445),
(6954, 'Harinpala Madrasa', 8561, 445),
(6955, 'Bara Shoula', 8561, 445),
(6956, 'Gudighata', 8561, 445),
(6957, 'Bashbunia', 8561, 445),
(6958, 'Betagi Shingkhali', 8561, 445),
(6959, 'Halta', 8562, 445),
(6960, 'Vechki', 8563, 445),
(6961, 'Bukhaitala Bandhab Para', 8563, 445),
(6962, 'Mia Gulishakhali', 8563, 445),
(6963, 'Tiar Khali', 8564, 445),
(6964, 'Betmor Natun Hat', 8565, 445),
(6965, 'Shilar Gonj', 8566, 445),
(6966, 'Tarabunia', 8540, 446),
(6967, 'Ragunathpur', 8540, 446),
(6968, 'Hogla Bunia', 8540, 446),
(6969, 'Sat Kasima', 8540, 446),
(6970, 'Shakharikathi', 8540, 446),
(6971, 'Sholsat', 8540, 446),
(6972, 'Dighirjan', 8540, 446),
(6973, 'South Baniari', 8540, 446),
(6974, 'Nazirpur', 8540, 446),
(6975, 'Sachia', 8541, 446),
(6976, 'Sree Ram Kathi', 8541, 446),
(6977, 'Mati Vanga', 8541, 446),
(6978, 'Madar Bari', 8541, 446),
(6979, 'Kalar Doania', 8541, 446),
(6980, 'Gila Tala', 8541, 446),
(6981, 'Ghosher Kathi', 8541, 446),
(6982, 'Gaokhali Bazar', 8541, 446),
(6983, 'Dirgha', 8541, 446),
(6984, 'Daihari', 8541, 446),
(6985, 'Chand Kathi Bazar', 8541, 446),
(6986, 'Baitha Kata', 8541, 446),
(6987, 'Jujkhola', 8500, 447),
(6988, 'Kadamtala', 8500, 447),
(6989, 'Namazpur', 8500, 447),
(6990, 'Pirojpur Bar', 8500, 447),
(6991, 'Pirojpur Main Post Office', 8500, 447),
(6992, 'Raishkathi', 8500, 447),
(6993, 'Ranipur', 8500, 447),
(6994, 'Shariftala', 8500, 447),
(6995, 'Chalisha', 8500, 447),
(6996, 'Shikdar Mallik', 8500, 447),
(6997, 'Bashbariaa', 8500, 447),
(6998, 'Bashbaria', 8500, 447),
(6999, 'Bashbaria', 8500, 447),
(7000, 'Kadamtala', 8500, 447),
(7001, 'Kalakhali', 8501, 447),
(7002, 'Udoykathi', 8501, 447),
(7003, 'Durgapur', 8501, 447),
(7004, 'Hular hat', 8501, 447),
(7005, 'Dhabri', 8501, 447),
(7006, 'Bothla', 8502, 447),
(7007, 'Chandipur Hat', 8502, 447),
(7008, 'Sayedkhali', 8502, 447),
(7009, 'Charkhali', 8502, 447),
(7010, 'Darul Huda', 8502, 447),
(7011, 'Indurkathi', 8502, 447),
(7012, 'Partashi', 8502, 447),
(7013, 'Parer Hat', 8502, 447),
(7014, 'Ghosherkathi', 8502, 447),
(7015, 'Kalibari Hat', 8502, 447),
(7016, 'Harina Gazipur', 8502, 447),
(7017, 'Balipara', 8502, 447),
(7018, 'Mahmud Kathi', 8520, 448),
(7019, 'Kuriana', 8520, 448),
(7020, 'Sangeet Kathi', 8520, 448),
(7021, 'Sarup Kathi', 8520, 448),
(7022, 'Dhalahar', 8520, 448),
(7023, 'Shantir Hat', 8520, 448),
(7024, 'Darus Sunnat', 8521, 448),
(7025, 'Raj Bari', 8522, 448),
(7026, 'Paschim Sohagdal', 8522, 448),
(7027, 'Muni Nag', 8522, 448),
(7028, 'Alkirhat', 8522, 448),
(7029, 'Sohagdal', 8522, 448),
(7030, 'Kourikhara', 8522, 448),
(7031, 'Chiltala', 8522, 448),
(7032, 'Madra', 8523, 448),
(7033, 'East Jalabari', 8523, 448),
(7034, 'Jalabari', 8523, 448),
(7035, 'Samuday Kathi', 8523, 448),
(7036, 'Karfa Hat', 8523, 448),
(7037, 'Karmakarkathi', 8523, 448),
(7038, 'Madra', 8523, 448),
(7039, 'Rahamat Nagar', 8620, 449),
(7040, 'Dhandi', 8620, 449),
(7041, 'Gusinga', 8620, 449),
(7042, 'Narayanpur', 8620, 449),
(7043, 'Sankipura Hat', 8620, 449),
(7044, 'Bilbilas', 8620, 449),
(7045, 'Naomala', 8620, 449),
(7046, 'Bazlur Rahman Foundation', 8620, 449),
(7047, 'Baufal College', 8620, 449),
(7048, 'Baufal', 8620, 449),
(7049, 'Madanpura', 8620, 449),
(7050, 'Das Para', 8620, 449),
(7051, 'Nagarer Hat', 8621, 449),
(7052, 'Madhabpur', 8621, 449),
(7053, 'Kuripaika', 8621, 449),
(7054, 'Kayna Matabbar Bari', 8621, 449),
(7055, 'Pashchim Jhilna', 8621, 449),
(7056, 'Koukhali', 8621, 449),
(7057, 'Chargarbadi', 8621, 449),
(7058, 'Baga Bandar', 8621, 449),
(7059, 'Bamnikathi', 8621, 449),
(7060, 'Kalta', 8621, 449),
(7061, 'Betagi Hat', 8621, 449),
(7062, 'Sabupura', 8621, 449),
(7063, 'Raj Nagar', 8621, 449),
(7064, 'Basarabad', 8621, 449),
(7065, 'Krishna Roy', 8621, 449),
(7066, 'Pakdal', 8622, 449),
(7067, 'Rajapur', 8622, 449),
(7068, 'Mankham', 8622, 449),
(7069, 'Satrakanda', 8622, 449),
(7070, 'Singrakathi', 8622, 449),
(7071, 'Varipasha', 8622, 449),
(7072, 'Kasipara', 8622, 449),
(7073, 'Birpasha', 8622, 449),
(7074, 'Ayla High School', 8622, 449),
(7075, 'Dipasha', 8622, 449),
(7076, 'Indrakul', 8622, 449),
(7077, 'Amirabad', 8622, 449),
(7078, 'Kanakdia', 8622, 449),
(7079, 'Karkhana', 8622, 449),
(7080, 'Kalishari', 8623, 449),
(7081, 'Uttar Shoula', 8624, 449),
(7082, 'Baharampur', 8624, 449),
(7083, 'Baradaliama', 8624, 449),
(7084, 'Karpurkathi', 8624, 449),
(7085, 'Char Biswas', 8624, 449),
(7086, 'Char Kazal', 8624, 449),
(7087, 'Char Shiba', 8624, 449),
(7088, 'Kalaia', 8624, 449),
(7089, 'Charagranthi', 8624, 449),
(7090, 'Alipur Hat', 8630, 450),
(7091, 'Arojbagahat', 8630, 450),
(7092, 'Bara Gopaldi', 8630, 450),
(7093, 'Dabari', 8630, 450),
(7094, 'Dashmina', 8630, 450),
(7095, 'Gasani', 8630, 450),
(7096, 'Nehal Gonj', 8630, 450),
(7097, 'Amkhola', 8640, 451),
(7098, 'Masuakhali', 8640, 451),
(7099, 'Mou Baria', 8640, 451),
(7100, 'Moudubi', 8640, 451),
(7101, 'Naluabagi', 8640, 451),
(7102, 'Nuria Madrasa', 8640, 451),
(7103, 'Panpatti', 8640, 451),
(7104, 'Patuahelali', 8640, 451),
(7105, 'Ranagopaldi', 8640, 451),
(7106, 'Rangabali', 8640, 451),
(7107, 'Ratandi Taltali', 8640, 451),
(7108, 'Sohrawardi High School', 8640, 451),
(7109, 'Sonakhali', 8640, 451),
(7110, 'Sutabaria', 8640, 451),
(7111, 'Tepura', 8640, 451),
(7112, 'Tungi Baria', 8640, 451),
(7113, 'Koralia', 8640, 451),
(7114, 'Kachiabunia', 8640, 451),
(7115, 'Atkhali', 8640, 451),
(7116, 'Baherchar', 8640, 451),
(7117, 'Barabaisdia', 8640, 451),
(7118, 'Boalia Madrasa', 8640, 451),
(7119, 'Chalitabuniya', 8640, 451),
(7120, 'Char Momtaj', 8640, 451),
(7121, 'Charchandrail', 8640, 451),
(7122, 'Chhota Gabua', 8640, 451),
(7123, 'Dakua', 8640, 451),
(7124, 'Daxshin Kathalia', 8640, 451),
(7125, 'Galachipa', 8640, 451),
(7126, 'Gazalia', 8640, 451),
(7127, 'Gazalia', 8640, 451),
(7128, 'Golkhali', 8640, 451),
(7129, 'Ulania Bandar', 8640, 451),
(7130, 'Gazipur Bandar', 8641, 451),
(7131, 'Banati Bazar', 8650, 452),
(7132, 'Londa', 8650, 452),
(7133, 'Mithagonj Tegasia', 8650, 452),
(7134, 'Moddhya Tiakhali', 8650, 452),
(7135, 'Pakhimara', 8650, 452),
(7136, 'Panchjunia', 8650, 452),
(7137, 'Purba Chaka Moia', 8650, 452),
(7138, 'Sekandar Khali', 8650, 452),
(7139, 'Sonauta', 8650, 452),
(7140, 'Tulatali', 8650, 452),
(7141, 'LB College', 8650, 452),
(7142, 'Lalua', 8650, 452),
(7143, 'Khepupara', 8650, 452),
(7144, 'Chawlapara', 8650, 452),
(7145, 'Choto Baliatali', 8650, 452),
(7146, 'Daulatpur', 8650, 452),
(7147, 'Dhankhali', 8650, 452),
(7148, 'Dhulasshar', 8650, 452),
(7149, 'Faridgonj', 8650, 452),
(7150, 'Ultakhali', 8650, 452),
(7151, 'Natunpara', 8651, 452),
(7152, 'Moajjempur', 8651, 452),
(7153, 'Hazipur', 8651, 452),
(7154, 'Dalbugonj', 8651, 452),
(7155, 'Mahipur', 8651, 452),
(7156, 'Hazipur', 8651, 452),
(7157, 'Patuakhali Night Post Office', 8600, 453),
(7158, 'Marich Bunia', 8600, 453),
(7159, 'Mahsin Uddin', 8600, 453),
(7160, 'Maddhya Kuralia', 8600, 453),
(7161, 'Laukathi', 8600, 453),
(7162, 'Lamna', 8600, 453),
(7163, 'Kotkhali', 8600, 453),
(7164, 'Khatashia Bazar', 8600, 453),
(7165, 'Kharij Jama', 8600, 453),
(7166, 'Sonkhola', 8600, 453),
(7167, 'Sehakathi', 8600, 453),
(7168, 'Patuakhali Main Post Office', 8600, 453),
(7169, 'Patuakhali Khankaye Siddikia', 8600, 453),
(7170, 'Patuakhali College', 8600, 453),
(7171, 'Patuakhali Collectorate', 8600, 453),
(7172, 'Pukurjana', 8600, 453),
(7173, 'Oaijabad Madrasa', 8600, 453),
(7174, 'Nandipara', 8600, 453),
(7175, 'Saichabunia', 8600, 453),
(7176, 'Khalishakhali', 8600, 453),
(7177, 'Kalagasia', 8600, 453),
(7178, 'Daxshin Chandkhali', 8600, 453),
(7179, 'Chouddaburiaa', 8600, 453),
(7180, 'Shakharia Hazirhat', 8600, 453),
(7181, 'Baytus Market', 8600, 453),
(7182, 'Bara Bari', 8600, 453),
(7183, 'Bahal Gasia', 8600, 453),
(7184, 'Badura', 8600, 453),
(7185, 'Auliapur', 8600, 453),
(7186, 'Dharanadi', 8600, 453),
(7187, 'Vuria', 8600, 453),
(7188, 'Gerakhali', 8600, 453),
(7189, 'Kala Rajahat', 8600, 453),
(7190, 'Titkata', 8600, 453),
(7191, 'Jainkathi', 8600, 453),
(7192, 'Itbaria', 8600, 453),
(7193, 'Islampur Gumanishing', 8600, 453),
(7194, 'Uttar Purba Kalagasia', 8600, 453),
(7195, 'Islamabad', 8600, 453),
(7196, 'Sreerampur', 8601, 453),
(7197, 'Tailikhali', 8601, 453),
(7198, 'Pangashia', 8601, 453),
(7199, 'Lebukhali', 8601, 453),
(7200, 'Moukaran', 8601, 453),
(7201, 'Naldoani', 8601, 453),
(7202, 'Muradia', 8602, 453),
(7203, 'Char Bayera', 8602, 453),
(7204, 'Jamla', 8602, 453),
(7205, 'Jalisha', 8602, 453),
(7206, 'Angaria', 8602, 453),
(7207, 'Dumki', 8602, 453),
(7208, 'Rahimabad', 8603, 453),
(7209, 'Anarjalisha', 8610, 454),
(7210, 'Kismatpur', 8610, 454),
(7211, 'Mahishkata', 8610, 454),
(7212, 'Majid Baria', 8610, 454),
(7213, 'Mendiabad', 8610, 454),
(7214, 'Mirzagonj', 8610, 454),
(7215, 'Sree Nagar', 8610, 454),
(7216, 'Subidkhali', 8610, 454),
(7217, 'Sultanabad', 8610, 454),
(7218, 'Sundra Kalikapur', 8610, 454),
(7219, 'Vayang', 8610, 454),
(7220, 'Kakrabunia', 8610, 454),
(7221, 'Jhatibunia', 8610, 454),
(7222, 'Ghataker Andua', 8610, 454),
(7223, 'Asar Uddin Hat', 8610, 454),
(7224, 'Bara Bighai', 8610, 454),
(7225, 'Bazita', 8610, 454),
(7226, 'Chhop Khali', 8610, 454),
(7227, 'Chhoto Bighai', 8610, 454),
(7228, 'Daxshin Hopkhali', 8610, 454),
(7229, 'Daxshin Kalagasia', 8610, 454),
(7230, 'Deuli', 8610, 454),
(7231, 'Gabua', 8610, 454),
(7232, 'Gazipura School', 8610, 454),
(7233, 'Vikakhali Bazar', 8610, 454),
(7234, 'Agathakur Para', 8710, 455),
(7235, 'Keorabunia', 8710, 455),
(7236, 'Khekuani', 8710, 455),
(7237, 'Kukua', 8710, 455),
(7238, 'Pacha Koralia', 8710, 455),
(7239, 'Pashchim Chila', 8710, 455),
(7240, 'Patakata', 8710, 455),
(7241, 'Sakina', 8710, 455),
(7242, 'Soban Para', 8710, 455),
(7243, 'Taltoli', 8710, 455),
(7244, 'Tarikata', 8710, 455),
(7245, 'Karai baria', 8710, 455),
(7246, 'Kachupatra', 8710, 455),
(7247, 'Jangalia', 8710, 455),
(7248, 'Amtoli', 8710, 455),
(7249, 'Bainbunia', 8710, 455),
(7250, 'Behala', 8710, 455),
(7251, 'Burir Char', 8710, 455),
(7252, 'Chala Bhanga', 8710, 455),
(7253, 'Chhota Bagi', 8710, 455),
(7254, 'Ghatkhali', 8710, 455),
(7255, 'Guilshakhali', 8710, 455),
(7256, 'Haldia Bazar', 8710, 455),
(7257, 'Hat Chuna Khali', 8710, 455),
(7258, 'Uttar Pashchim Taktabunia', 8710, 455),
(7259, 'Badni Khali', 8730, 456),
(7260, 'Nij Amtole Bazar', 8730, 456),
(7261, 'Nababer Hat', 8730, 456),
(7262, 'Kumrakhali', 8730, 456),
(7263, 'Kholpatua', 8730, 456),
(7264, 'Kazirabad', 8730, 456),
(7265, 'Kaunia Hat', 8730, 456),
(7266, 'Karuna', 8730, 456),
(7267, 'Kalikabari', 8730, 456),
(7268, 'Gudighata Kakchira', 8730, 456),
(7269, 'Golaghata', 8730, 456),
(7270, 'Gilabad', 8730, 456),
(7271, 'Daxshin Ramna', 8730, 456),
(7272, 'Daxshin Douatala', 8730, 456),
(7273, 'Bukabunia', 8730, 456),
(7274, 'Bara Telesshar', 8730, 456),
(7275, 'Bamna', 8730, 456),
(7276, 'Balaibunia', 8730, 456),
(7277, 'Talbari Balaibunia', 8730, 456),
(7278, 'Adabaria', 8700, 457),
(7279, 'Heulibunia', 8700, 457),
(7280, 'Kadamtala Bazar', 8700, 457),
(7281, 'Kamarer Hat', 8700, 457),
(7282, 'Khajura', 8700, 457),
(7283, 'Khakbunia', 8700, 457),
(7284, 'Kotbaria', 8700, 457),
(7285, 'Latabaria', 8700, 457),
(7286, 'Maitha', 8700, 457),
(7287, 'Meer Mahal', 8700, 457),
(7288, 'Pareer Khal', 8700, 457),
(7289, 'Potka Khali', 8700, 457),
(7290, 'Roadpara hat', 8700, 457),
(7291, 'Shialia', 8700, 457),
(7292, 'Haridra Baria', 8700, 457),
(7293, 'Gourichanna', 8700, 457),
(7294, 'Fuljhuri', 8700, 457),
(7295, 'Ashakhali', 8700, 457),
(7296, 'Aylachand Khali', 8700, 457),
(7297, 'Badar Khali', 8700, 457),
(7298, 'Baolkar', 8700, 457),
(7299, 'Barguna College', 8700, 457),
(7300, 'Barguna Court', 8700, 457),
(7301, 'Barguna Main Post Office ', 8700, 457),
(7302, 'Chalitatali Bazar', 8700, 457),
(7303, 'Charkgasia Bazar', 8700, 457),
(7304, 'Dalbhanga', 8700, 457),
(7305, 'Daxshin Tetulbaria', 8700, 457),
(7306, 'Daxshin Vora', 8700, 457),
(7307, 'Dhupti', 8700, 457),
(7308, 'Vorabetmor', 8700, 457),
(7309, 'Nali Bandar', 8701, 457),
(7310, 'Barakajuli', 8740, 458),
(7311, 'Talgasia', 8740, 458),
(7312, 'Purapara', 8740, 458),
(7313, 'Mokamia', 8740, 458),
(7314, 'Majhikanda', 8740, 458),
(7315, 'Majhardia', 8740, 458),
(7316, 'Kismat Chhota Mokamia', 8740, 458),
(7317, 'Kaialghata', 8740, 458),
(7318, 'Joar Karuna', 8740, 458),
(7319, 'Jhopekhali', 8740, 458),
(7320, 'Godalaxmipur', 8740, 458),
(7321, 'Fulsuti', 8740, 458),
(7322, 'Daxshin Betagi', 8740, 458),
(7323, 'Betagi', 8740, 458),
(7324, 'Betagi', 8740, 458),
(7325, 'Tugaldia', 8740, 458),
(7326, 'Darul Ulum', 8741, 458),
(7327, 'Azizaa bad', 8720, 459),
(7328, 'Imamgonj', 8720, 459),
(7329, 'Kalmegha', 8720, 459),
(7330, 'Karamjatala', 8720, 459),
(7331, 'Munshir Hat Kalibari ', 8720, 459),
(7332, 'Nishan Baria', 8720, 459),
(7333, 'Pashchim Taluker Charduani', 8720, 459),
(7334, 'Patharghaata', 8720, 459),
(7335, 'Patharghata', 8720, 459),
(7336, 'Hossainpur', 8720, 459),
(7337, 'Hatempur', 8720, 459),
(7338, 'Haritana', 8720, 459),
(7339, 'Gyanpara', 8720, 459),
(7340, 'Chhota Tengra', 8720, 459),
(7341, 'Ghutabasa', 8720, 459),
(7342, 'Chardoani', 8720, 459),
(7343, 'Borhan Mahal', 8720, 459),
(7344, 'Bujrukpur', 8720, 459),
(7345, 'Hoglapati', 8721, 459),
(7346, 'Rayhanpur', 8721, 459),
(7347, 'Rupdhan', 8721, 459),
(7348, 'Nachan Para', 8721, 459),
(7349, 'Chhota Vaijora Hat', 8721, 459),
(7350, 'Moni Pur', 8721, 459),
(7351, 'Manikkhali', 8721, 459),
(7352, 'Madartali', 8721, 459),
(7353, 'Lemua', 8721, 459),
(7354, 'Khastabak', 8721, 459),
(7355, 'Darus Salam', 8721, 459),
(7356, 'Kakchira', 8721, 459),
(7357, 'Shatakar Betmor', 8721, 459),
(7358, 'Naihati Sreerampur', 9240, 460),
(7359, 'Doba', 9240, 460),
(7360, 'Debeepur', 9240, 460),
(7361, 'Khojadanga', 9240, 460),
(7362, 'Bamon Danga', 9240, 460),
(7363, 'Ananda Nagar', 9240, 460),
(7364, 'Shialee', 9240, 460),
(7365, 'Alaipur', 9240, 460),
(7366, 'Lakhpur Bazar', 9241, 460),
(7367, 'Tilak', 9241, 460),
(7368, 'Rahim Nagar', 9241, 460),
(7369, 'Rupsha East', 9241, 460),
(7370, 'Khayrabad Baintala', 9241, 460),
(7371, 'Jabusa', 9241, 460),
(7372, 'Fulbari', 9241, 460),
(7373, 'Baoidanga', 9241, 460),
(7374, 'Ameerpur', 9241, 460),
(7375, 'Jugihati', 9242, 460),
(7376, 'Maisaguni', 9242, 460),
(7377, 'Durjanimahal', 9242, 460),
(7378, 'Belfulia', 9242, 460),
(7379, 'Ajgara', 9242, 460),
(7380, 'Alokdeep', 9260, 461),
(7381, 'Sukdara', 9260, 461),
(7382, 'Soyghoria', 9260, 461),
(7383, 'Sharafpur', 9260, 461),
(7384, 'Katianangla', 9260, 461),
(7385, 'Kanchon Nagar', 9260, 461),
(7386, 'Jalma', 9260, 461),
(7387, 'Goriar Danga', 9260, 461),
(7388, 'Gajendrapur', 9260, 461),
(7389, 'Boyar Bhanga', 9260, 461),
(7390, 'Birat', 9260, 461),
(7391, 'Batiaghata', 9260, 461),
(7392, 'Bar-Aria Bazar', 9260, 461),
(7393, 'Surkhali', 9261, 461),
(7394, 'Pankhali', 9270, 462),
(7395, 'Rajnagar', 9270, 462),
(7396, 'Laxmikhola', 9270, 462),
(7397, 'Kamini Basia', 9270, 462),
(7398, 'Kalinagar Bazar', 9270, 462),
(7399, 'Kalinagar Bazar', 9270, 462),
(7400, 'Ram Nagar', 9270, 462),
(7401, 'Saheber Abad', 9270, 462),
(7402, 'Chalna Bazar', 9270, 462),
(7403, 'Chunkuri', 9270, 462),
(7404, 'Chalna Bazar', 9270, 462),
(7405, 'Batbunia', 9270, 462),
(7406, 'Chalna Bazar', 9270, 462),
(7407, 'Dakope', 9271, 462),
(7408, 'Banishanta', 9272, 462),
(7409, 'Laudoub', 9272, 462),
(7410, 'Dhopadi', 9272, 462),
(7411, 'Kailoshgonj', 9272, 462),
(7412, 'Bajua', 9272, 462),
(7413, 'Nolian', 9273, 462),
(7414, 'Kalabagi', 9273, 462),
(7415, 'Gunari', 9273, 462),
(7416, 'Sutarkhali', 9273, 462),
(7417, 'Adua', 9220, 463),
(7418, 'Ambaria', 9220, 463),
(7419, 'Deyara', 9220, 463),
(7420, 'Dighalia', 9220, 463),
(7421, 'Dighalia College', 9220, 463),
(7422, 'Kolapatgati', 9220, 463),
(7423, 'Jayerabad', 9220, 463),
(7424, 'Chandanimahal', 9221, 463),
(7425, 'Mokampur', 9221, 463),
(7426, 'Hazigram', 9222, 463),
(7427, 'Senhati', 9222, 463),
(7428, 'Fakir Bari', 9222, 463),
(7429, 'Ghoshgati Barakpur', 9223, 463),
(7430, 'Gazirhat', 9224, 463),
(7431, 'KDA New Market', 9000, 464),
(7432, 'Commissioner Secretariat', 9000, 464),
(7433, 'Crescent Jute Mill', 9000, 464),
(7434, 'Custom House', 9000, 464),
(7435, 'Custom House', 9000, 464),
(7436, 'Mujgunni', 9000, 464),
(7437, 'Mobile P.O.', 9000, 464),
(7438, 'KIA', 9000, 464),
(7439, 'KIA', 9000, 464),
(7440, 'Khulna Politechnic Institute', 9000, 464),
(7441, 'Jangashia', 9000, 464),
(7442, 'Jangashia', 9000, 464),
(7443, 'Khulna GPO', 9000, 464),
(7444, 'KDA New Market', 9000, 464),
(7445, 'Nujgunni', 9000, 464),
(7446, 'Boyra Postal Koloni', 9000, 464),
(7447, 'Town Khalishpur', 9000, 464),
(7448, 'Perulisthan', 9000, 464),
(7449, 'Peruli Bazar', 9000, 464),
(7450, 'BDR Sector Head Quarter', 9000, 464),
(7451, 'BIDC Road', 9000, 464),
(7452, 'Boyra Police Line', 9000, 464),
(7453, 'Khulna Politacnic Institute', 9100, 464),
(7454, 'Shib Nagar', 9100, 464),
(7455, 'Siddipasha', 9100, 464),
(7456, 'Khulna GPO Naisha', 9100, 464),
(7457, 'Sunatola', 9100, 464),
(7458, 'Khulna City Main Post Office', 9100, 464),
(7459, 'Khulna Bazar Naisha (LSG).', 9100, 464),
(7460, 'Khulna Bazar (LSG)', 9100, 464),
(7461, 'Sathalia', 9100, 464),
(7462, 'Khulan BRTA', 9100, 464),
(7463, 'Payruli Bazar', 9100, 464),
(7464, 'Sharisamut', 9100, 464),
(7465, 'Payrulistan', 9100, 464),
(7466, 'Nouhati Shirampur', 9100, 464),
(7467, 'Shiali', 9100, 464),
(7468, 'Mohashwaripur', 9100, 464),
(7469, 'Aliepur', 9100, 464),
(7470, 'Mahamudkati', 9100, 464),
(7471, 'Magurkhali', 9100, 464),
(7472, 'Koylaghata', 9100, 464),
(7473, 'Kopilmuni', 9100, 464),
(7474, 'Satorupa', 9100, 464),
(7475, 'Khujadanga', 9100, 464),
(7476, 'Ananda Nagar', 9100, 464),
(7477, 'Dolkhola', 9100, 464),
(7478, 'Amadi', 9100, 464),
(7479, 'Dabipur', 9100, 464),
(7480, 'Cresent Jut Mill', 9100, 464),
(7481, 'Comissionar Secratariat', 9100, 464),
(7482, 'Channir Chak', 9100, 464),
(7483, 'Bhandarpul', 9100, 464),
(7484, 'Baniakhamar', 9100, 464),
(7485, 'Bamon Danga', 9100, 464),
(7486, 'Bamia', 9100, 464),
(7487, 'Bagali', 9100, 464),
(7488, 'Atra Shilpa Area', 9100, 464),
(7489, 'Duba', 9100, 464),
(7490, 'Gugrakati', 9100, 464),
(7491, 'Kashim Nagar', 9100, 464),
(7492, 'Kanai Dia', 9100, 464),
(7493, 'Katipara', 9100, 464),
(7494, 'KDSB', 9100, 464),
(7495, 'Khulna GPO1', 9100, 464),
(7496, 'Horidali', 9100, 464),
(7497, 'Hatiardanga', 9100, 464),
(7498, 'Khajra', 9100, 464),
(7499, 'Khulna Shipyard', 9201, 464),
(7500, 'Daulatpur', 9202, 464),
(7501, 'Daulatpur Naish', 9202, 464),
(7502, 'Daulatpur College', 9202, 464),
(7503, 'Arongghata', 9202, 464),
(7504, 'Pabla', 9202, 464),
(7505, 'BIT', 9203, 464),
(7506, 'Mahesshorpasha', 9203, 464),
(7507, 'Khulna BRTA', 9204, 464),
(7508, 'Shiramoni', 9204, 464),
(7509, 'Jahanabad Senanibas', 9205, 464),
(7510, 'Sonali Jute Mills', 9206, 464),
(7511, 'Fulbariget', 9206, 464),
(7512, 'Siddhipasha', 9207, 464),
(7513, 'Attra Industrial Area', 9207, 464),
(7514, 'Kaiya Bazar', 9208, 464),
(7515, 'Khulna University', 9208, 464),
(7516, 'Kaiya Bazar', 9208, 464),
(7517, 'Jhapa', 9290, 465),
(7518, 'Koyra', 9290, 465),
(7519, 'Jorshing', 9290, 465),
(7520, 'Modinabad', 9290, 465),
(7521, 'Nakna', 9290, 465),
(7522, 'Padmapukur', 9290, 465),
(7523, 'Gainbari', 9290, 465),
(7524, 'Charamukha', 9290, 465),
(7525, 'Patakhali', 9290, 465),
(7526, 'Chandnimokha', 9290, 465),
(7527, 'Protapnagar', 9290, 465),
(7528, 'Bedkashi', 9290, 465),
(7529, 'Anulia', 9290, 465),
(7530, 'Antabunia', 9290, 465),
(7531, 'Maharajpur', 9290, 465),
(7532, 'Sathalia', 9291, 465),
(7533, 'Sharishamuth', 9291, 465),
(7534, 'Mahessaripur', 9291, 465),
(7535, 'Khajra', 9291, 465),
(7536, 'Amadee', 9291, 465),
(7537, 'Hatiardanga', 9291, 465),
(7538, 'Ghugrakathi', 9291, 465),
(7539, 'Channir Chalk', 9291, 465),
(7540, 'Bhandarpole', 9291, 465),
(7541, 'Bamia', 9291, 465),
(7542, 'Bagali', 9291, 465),
(7543, 'Shatarupa', 9291, 465),
(7544, 'Agarghata', 9280, 466),
(7545, 'Laskor', 9280, 466),
(7546, 'Latahat', 9280, 466),
(7547, 'Laxmikhola', 9280, 466),
(7548, 'Gazalea', 9280, 466),
(7549, 'Debduar', 9280, 466),
(7550, 'Paikgachha', 9280, 466),
(7551, 'Dargapur', 9280, 466),
(7552, 'Raduli', 9280, 466),
(7553, 'Sachiarbandha', 9280, 466),
(7554, 'Ram Nagar', 9280, 466),
(7555, 'Bakabhabanipur', 9280, 466),
(7556, 'Ram Chandranagar', 9280, 466),
(7557, 'Khoria', 9280, 466),
(7558, 'Gadaipur', 9281, 466),
(7559, 'Gadaipur', 9281, 466),
(7560, 'Mahamudkati', 9282, 466),
(7561, 'Magurkhali', 9282, 466),
(7562, 'Shib Nagar', 9282, 466),
(7563, 'Haridhali', 9282, 466),
(7564, 'Kashim Nagar', 9282, 466),
(7565, 'Kapilmuni', 9282, 466),
(7566, 'Kanaidia', 9282, 466),
(7567, 'Katipara', 9283, 466),
(7568, 'Chandkhali', 9284, 466),
(7569, 'Amurkata', 9285, 466),
(7570, 'Bagular Chalk', 9285, 466),
(7571, 'Bainbaria', 9285, 466),
(7572, 'Betbunia', 9285, 466),
(7573, 'Darul Mallik', 9285, 466),
(7574, 'Garaikhali', 9285, 466),
(7575, 'Hadda', 9285, 466),
(7576, 'Kumkhali', 9285, 466),
(7577, 'Soldana', 9285, 466),
(7578, 'Buriar Danga', 9210, 467),
(7579, 'Dakhindihee', 9210, 467),
(7580, 'Damodar', 9210, 467),
(7581, 'Fultala', 9210, 467),
(7582, 'Garakhola', 9210, 467),
(7583, 'Hidia', 9210, 467),
(7584, 'Jamirahat', 9210, 467),
(7585, 'Paygram Kosba', 9210, 467),
(7586, 'Shuvarara', 9210, 467),
(7587, 'Kulti', 9250, 468),
(7588, 'K. Mirzapur', 9250, 468),
(7589, 'Gutudia', 9250, 468),
(7590, 'Khornia', 9250, 468),
(7591, 'Kagajee Para', 9250, 468),
(7592, 'Sahas', 9250, 468),
(7593, 'Sajiara', 9250, 468),
(7594, 'Ghonabandha', 9251, 468),
(7595, 'Baratia', 9252, 468),
(7596, 'Maguraghona', 9252, 468),
(7597, 'Gourighona', 9252, 468),
(7598, 'Chuknagar', 9252, 468),
(7599, 'Boyarshing Bazar', 9252, 468),
(7600, 'Katenga Bazar', 9253, 468),
(7601, 'Shalua Bazar', 9253, 468),
(7602, 'Shahapur', 9253, 468),
(7603, 'Sathsangha Deduli', 9253, 468),
(7604, 'Baruna Bazar', 9253, 468),
(7605, 'Rudaghora', 9253, 468),
(7606, 'Rongpur Kalibari', 9253, 468),
(7607, 'Raghunathpur Komrial', 9253, 468),
(7608, 'Mikshimil', 9253, 468),
(7609, 'Chechuri Bazar', 9253, 468),
(7610, 'Thukra', 9253, 468),
(7611, 'Arjunabalabardhana', 9230, 469),
(7612, 'Patla Gobindapur', 9230, 469),
(7613, 'Parokhali', 9230, 469),
(7614, 'North Pantita', 9230, 469),
(7615, 'Nebudia', 9230, 469),
(7616, 'Nebudia', 9230, 469),
(7617, 'Mirer Kodla', 9230, 469),
(7618, 'Kushala', 9230, 469),
(7619, 'Kalinagar', 9230, 469),
(7620, 'Junaree', 9230, 469),
(7621, 'Harikhaali', 9230, 469),
(7622, 'Atlia', 9230, 469),
(7623, 'Terakhada', 9230, 469),
(7624, 'Pak-Barasat', 9231, 469),
(7625, 'Sundarghona', 9300, 470),
(7626, 'Khanpur', 9300, 470),
(7627, 'Khanjahan Ali Darga', 9300, 470),
(7628, 'Kashimpur Bazar', 9300, 470),
(7629, 'Karapara', 9300, 470),
(7630, 'Kandapara', 9300, 470),
(7631, 'Kamargati Depara', 9300, 470),
(7632, 'Islamgonj', 9300, 470),
(7633, 'Hermahat', 9300, 470),
(7634, 'Magrahat', 9300, 470),
(7635, 'Malliker ber', 9300, 470),
(7636, 'Sugandhi', 9300, 470),
(7637, 'Sayera', 9300, 470),
(7638, 'Samaddarkhali', 9300, 470),
(7639, 'Sabukhali Bakhergonj', 9300, 470),
(7640, 'Raghunathpur', 9300, 470),
(7641, 'Patilakhali', 9300, 470),
(7642, 'Nightkhali', 9300, 470),
(7643, 'Nager Bazar', 9300, 470),
(7644, 'Hedayetpur', 9300, 470),
(7645, 'Haolar Danga', 9300, 470),
(7646, 'Gotapara', 9300, 470),
(7647, 'Chalk Kumaria Jola', 9300, 470),
(7648, 'Chakshree Bazar', 9300, 470),
(7649, 'Binetala', 9300, 470),
(7650, 'Baitpur', 9300, 470),
(7651, 'Bagerhat Collectarate', 9300, 470),
(7652, 'Bagerhat', 9300, 470),
(7653, 'Badekarapara', 9300, 470),
(7654, 'Arjunbahar', 9300, 470),
(7655, 'Denatala', 9300, 470),
(7656, 'Dashani', 9300, 470),
(7657, 'Gajalia', 9300, 470),
(7658, 'Gilatala', 9300, 470),
(7659, 'Debraj', 9300, 470),
(7660, 'Ghoshiakhali', 9300, 470),
(7661, 'Ghoperhat', 9300, 470),
(7662, 'Fatepur', 9300, 470),
(7663, 'Fulhata', 9300, 470),
(7664, 'PC College', 9301, 470),
(7665, 'Kafurpura', 9302, 470),
(7666, 'Shah Auliabag', 9302, 470),
(7667, 'Singati', 9302, 470),
(7668, 'Kodla', 9302, 470),
(7669, 'Rangdia', 9302, 470),
(7670, 'Rakalgachhi', 9302, 470),
(7671, 'Kartikdia', 9302, 470),
(7672, 'Afra', 9302, 470),
(7673, 'Churulia', 9302, 470),
(7674, 'Koramara', 9302, 470),
(7675, 'Uthkul', 9302, 470),
(7676, 'Baidyamaree', 9350, 471),
(7677, 'Sundarban', 9350, 471),
(7678, 'Shewlabunia', 9350, 471),
(7679, 'Saheber Meth', 9350, 471),
(7680, 'Mithakhali', 9350, 471),
(7681, 'Mangla', 9350, 471),
(7682, 'Haldibunia', 9350, 471),
(7683, 'Dutter Meth', 9350, 471),
(7684, 'Chila Bazar', 9350, 471),
(7685, 'Chadpai', 9350, 471),
(7686, 'TA Faruk Secondary School', 9350, 471),
(7687, 'Digraj', 9351, 471),
(7688, 'Monglaport', 9351, 471),
(7689, 'Burirdanga', 9351, 471),
(7690, 'Umajuri', 9360, 472),
(7691, 'Teker Bazar', 9360, 472),
(7692, 'Shibpur', 9360, 472),
(7693, 'Shailadaha', 9360, 472),
(7694, 'Patarpara', 9360, 472),
(7695, 'Khasherhat', 9360, 472),
(7696, 'Kalatala', 9360, 472),
(7697, 'Hizla', 9360, 472),
(7698, 'Daxkhin Barashia', 9360, 472),
(7699, 'Chitalmari', 9360, 472),
(7700, 'Bangla Bazar', 9360, 472),
(7701, 'Babugonj Bazar', 9360, 472),
(7702, 'Chingari Bazar', 9361, 472),
(7703, 'Rahamatpur Madrasa', 9361, 472),
(7704, 'Barabaria', 9361, 472),
(7705, 'Aduadihee', 9361, 472),
(7706, 'Attraka', 9370, 473),
(7707, 'Mulghar', 9370, 473),
(7708, 'Naldha', 9370, 473),
(7709, 'Piljanga', 9370, 473),
(7710, 'Raypara', 9370, 473),
(7711, 'Satsaiya', 9370, 473),
(7712, 'Sayed Mahalla', 9370, 473),
(7713, 'Shattala', 9370, 473),
(7714, 'Town Noapara', 9370, 473),
(7715, 'Kalkalia', 9370, 473),
(7716, 'Jhalodanga', 9370, 473),
(7717, 'Bhattraprotap', 9370, 473),
(7718, 'Chandarhat', 9370, 473),
(7719, 'Chulkathi', 9370, 473),
(7720, 'Diganga', 9370, 473),
(7721, 'Fakirhat', 9370, 473),
(7722, 'Gabkhali', 9370, 473),
(7723, 'Ghatbhog', 9370, 473),
(7724, 'Hakimpur', 9370, 473),
(7725, 'Mansa', 9371, 473),
(7726, 'Vangarpar Bazar', 9372, 473),
(7727, 'Andharmanik', 9310, 474),
(7728, 'Maghia', 9310, 474),
(7729, 'Tengrakhali', 9310, 474),
(7730, 'Kachua', 9310, 474),
(7731, 'Gopaalpur', 9310, 474),
(7732, 'Fultalahat', 9310, 474),
(7733, 'Sreepur Banagram', 9311, 474),
(7734, 'Sonarkola', 9311, 474),
(7735, 'Shailkhali', 9311, 474),
(7736, 'Sangdia', 9311, 474),
(7737, 'Masni', 9311, 474),
(7738, 'Badhal Bazar', 9311, 474),
(7739, 'Bowlpur', 9311, 474),
(7740, 'Kathaltala', 9311, 474),
(7741, 'Charkati', 9311, 474),
(7742, 'Kumarkhali', 9311, 474),
(7743, 'Atjuri', 9380, 475),
(7744, 'Mollahat', 9380, 475),
(7745, 'Machhuar Kul', 9380, 475),
(7746, 'Kulia Baraghat Kulia', 9380, 475),
(7747, 'Kodalia Rangamati', 9380, 475),
(7748, 'Kanchanpur', 9380, 475),
(7749, 'Gaola Bazar', 9380, 475),
(7750, 'Chawlturee', 9380, 475),
(7751, 'Baraguni Bazar', 9380, 475),
(7752, 'Sachiadaha', 9380, 475),
(7753, 'Kahalpur', 9381, 475),
(7754, 'Dariala', 9382, 475),
(7755, 'Charkulia', 9383, 475),
(7756, 'Nagarkandi Bazar', 9384, 475),
(7757, 'Pak-Gangni', 9385, 475),
(7758, 'Amtali Bazar', 9320, 476),
(7759, 'Kalibare Hat', 9320, 476),
(7760, 'Kalibari', 9320, 476),
(7761, 'Kalibari Bazar', 9320, 476),
(7762, 'Kalikabari Bazar', 9320, 476),
(7763, 'Maddhayaguatala', 9320, 476),
(7764, 'Mangalerhat', 9320, 476),
(7765, 'Mathbaria', 9320, 476),
(7766, 'Morelgonj', 9320, 476),
(7767, 'North Baraikhali', 9320, 476),
(7768, 'Putikhali', 9320, 476),
(7769, 'Samdibhanga', 9320, 476),
(7770, 'Sonakhali', 9320, 476),
(7771, 'Sutalari', 9320, 476),
(7772, 'Jomaddar para', 9320, 476),
(7773, 'Jewdhara', 9320, 476),
(7774, 'Tetul Bari Hat', 9320, 476),
(7775, 'Badsha Miar hat', 9320, 476),
(7776, 'Baharbunia', 9320, 476),
(7777, 'Bara Hoglabunia', 9320, 476),
(7778, 'Baruikhali', 9320, 476),
(7779, 'Bishareeghata', 9320, 476),
(7780, 'Chalitabunia', 9320, 476),
(7781, 'Chhota Vadura', 9320, 476),
(7782, 'Chipabaruikhali', 9320, 476),
(7783, 'Dhan Sagar', 9320, 476),
(7784, 'Sanyasee Bazar', 9321, 476),
(7785, 'Chingrakhali', 9322, 476),
(7786, 'Telisatee', 9322, 476),
(7787, 'Kachubunia', 9322, 476),
(7788, 'Dhuligati', 9322, 476),
(7789, 'Selimgar Bazar', 9322, 476),
(7790, 'Dhepuarpar', 9322, 476),
(7791, 'Polerhat', 9322, 476),
(7792, 'Daibaggahat', 9322, 476),
(7793, 'Malamgachha', 9322, 476),
(7794, 'Habibullah Abad', 9322, 476),
(7795, 'Amratala', 9340, 477),
(7796, 'Jhanjhania', 9340, 477),
(7797, 'Vojepatia', 9340, 477),
(7798, 'Pereekhali', 9340, 477),
(7799, 'Rampal', 9340, 477),
(7800, 'Sanbandha', 9340, 477),
(7801, 'Sanyasee High School', 9340, 477),
(7802, 'Sundarban Girls College', 9340, 477),
(7803, 'Vekatmaree', 9340, 477),
(7804, 'Jhanjhania', 9340, 477),
(7805, 'Barakatalia', 9340, 477),
(7806, 'Bashtali', 9340, 477),
(7807, 'Chhota Sanyasee', 9340, 477),
(7808, 'Kumlai', 9341, 477),
(7809, 'Bhuiar Kandar', 9341, 477),
(7810, 'Khejur Mahal', 9341, 477),
(7811, 'Foylahat', 9341, 477),
(7812, 'Varasapur', 9341, 477),
(7813, 'Baburhat', 9341, 477),
(7814, 'Sonatunia', 9342, 477),
(7815, 'Gourambha', 9343, 477),
(7816, 'Shuvadia', 9343, 477),
(7817, 'Barnisayrabad', 9343, 477),
(7818, 'Bhandar kot', 9343, 477),
(7819, 'Pipul bunia', 9343, 477),
(7820, 'Gourambha', 9343, 477),
(7821, 'Halia', 9343, 477),
(7822, 'Kalekhar Ber', 9343, 477),
(7823, 'Amragachhia', 9330, 478),
(7824, 'Sonatala', 9330, 478),
(7825, 'Razapur Sharankhola', 9330, 478),
(7826, 'Razapur Bazar', 9330, 478),
(7827, 'Rayenda', 9330, 478),
(7828, 'North Badhal', 9330, 478),
(7829, 'Nalbunia', 9330, 478),
(7830, 'Khontakata Bazar', 9330, 478),
(7831, 'Kadomtala', 9330, 478),
(7832, 'Janerpar', 9330, 478),
(7833, 'Janata', 9330, 478),
(7834, 'Bagi Bandar', 9330, 478),
(7835, 'Tafalbari', 9330, 478),
(7836, 'Ashashuni Upazila PO', 9460, 479),
(7837, 'Mariala', 9460, 479),
(7838, 'Moujagadaipur', 9460, 479),
(7839, 'Nasimabad', 9460, 479),
(7840, 'Paikhali', 9460, 479),
(7841, 'Puijala', 9460, 479),
(7842, 'Shovanalee', 9460, 479),
(7843, 'Sreeramkati', 9460, 479),
(7844, 'Sreeula', 9460, 479),
(7845, 'Tetulia', 9460, 479),
(7846, 'Mariala', 9460, 479),
(7847, 'Mahishadanga', 9460, 479),
(7848, 'Chaapra', 9460, 479),
(7849, 'Champaful', 9460, 479),
(7850, 'Haribhanga', 9460, 479),
(7851, 'Haskhali', 9460, 479),
(7852, 'Kapsanda', 9460, 479),
(7853, 'Kodanda', 9460, 479),
(7854, 'Tuardanga', 9460, 479),
(7855, 'Jamal Nagar', 9461, 479),
(7856, 'Baradal', 9461, 479),
(7857, 'Baintala', 9461, 479),
(7858, 'Debhata', 9430, 480),
(7859, 'Khanzia', 9430, 480),
(7860, 'Town Sreepur', 9430, 480),
(7861, 'Vatshala', 9430, 480),
(7862, 'Gurugram', 9431, 480),
(7863, 'Sonabaria', 9410, 481),
(7864, 'Langaljhara', 9410, 481),
(7865, 'Keralkata', 9410, 481),
(7866, 'Kalaroa Upazila PO', 9410, 481),
(7867, 'Hijaldi', 9410, 481),
(7868, 'Helatala', 9410, 481),
(7869, 'Hathathgonj', 9410, 481),
(7870, 'Boalea', 9410, 481),
(7871, 'Chanduria', 9410, 481),
(7872, 'Bujhtala', 9410, 481),
(7873, 'Murarikati', 9411, 481),
(7874, 'Jhaudanga', 9412, 481),
(7875, 'Salimpur', 9413, 481),
(7876, 'Panikauria', 9413, 481),
(7877, 'Batra', 9413, 481),
(7878, 'Kushdanga', 9413, 481),
(7879, 'Dhandia', 9413, 481),
(7880, 'Kamarali', 9413, 481),
(7881, 'Deara Alia Madrasa', 9413, 481),
(7882, 'Hamid pur', 9413, 481),
(7883, 'Bamankhali Bazar', 9413, 481),
(7884, 'Khordo', 9414, 481),
(7885, 'Chandanpur', 9415, 481),
(7886, 'Moukhali', 9440, 482),
(7887, 'Peergajan', 9440, 482),
(7888, 'Obaydurnagar', 9440, 482),
(7889, 'Moutala', 9440, 482),
(7890, 'Sreekala', 9440, 482),
(7891, 'Mathureshpur', 9440, 482),
(7892, 'Khoritala', 9440, 482),
(7893, 'Kaligonj Bazar', 9440, 482),
(7894, 'Kaligonj', 9440, 482),
(7895, 'Tarali', 9440, 482),
(7896, 'Jahur Nagar', 9440, 482),
(7897, 'Gobindakati', 9440, 482),
(7898, 'Fatepur', 9440, 482),
(7899, 'Daxin Sreepur', 9440, 482),
(7900, 'Bishnupur', 9440, 482),
(7901, 'Uksha', 9440, 482),
(7902, 'Raghunathpur', 9440, 482),
(7903, 'Sanyanseer Chalk', 9441, 482),
(7904, 'Nalta-Mobaraknagar', 9441, 482),
(7905, 'Askarpur', 9441, 482),
(7906, 'Kajla', 9441, 482),
(7907, 'Bagbati', 9441, 482),
(7908, 'Varashimla', 9441, 482);
INSERT INTO `sms_post_office` (`id`, `name`, `post_code`, `thana_id`) VALUES
(7909, 'Ratanpur', 9442, 482),
(7910, 'Vurulia', 9450, 483),
(7911, 'Kashimaree', 9450, 483),
(7912, 'Kalikapur Taltala Hat', 9450, 483),
(7913, 'Nakipur', 9450, 483),
(7914, 'Patra Khola', 9450, 483),
(7915, 'Ramadan Nagar', 9450, 483),
(7916, 'Shailakhali', 9450, 483),
(7917, 'Hawalbhangi', 9450, 483),
(7918, 'Shawkat Nagar', 9450, 483),
(7919, 'Gumantali', 9450, 483),
(7920, 'Ghola', 9450, 483),
(7921, 'Azadnagar', 9450, 483),
(7922, 'Vetkhali', 9450, 483),
(7923, 'Mohammed Nagar', 9450, 483),
(7924, 'Esshareepur', 9450, 483),
(7925, 'Gabindapur ', 9450, 483),
(7926, 'Nur Nagar', 9451, 483),
(7927, 'Naobekee', 9452, 483),
(7928, 'Burigoalini', 9453, 483),
(7929, 'Gabura', 9454, 483),
(7930, 'Vamia Pora Katla', 9455, 483),
(7931, 'Kali Nagar', 9455, 483),
(7932, 'Dhumghata Sheeltala', 9455, 483),
(7933, 'East Munshigonj', 9455, 483),
(7934, 'Hari Nagar', 9455, 483),
(7935, 'Henchi', 9455, 483),
(7936, 'Jatindra Nagar', 9455, 483),
(7937, 'Jelekhali', 9455, 483),
(7938, 'Kadamtala', 9455, 483),
(7939, 'Kalabari', 9455, 483),
(7940, 'Arpangashia', 9455, 483),
(7941, 'Vomra', 9400, 484),
(7942, 'Old Satkhira', 9400, 484),
(7943, 'Mrigeedanga', 9400, 484),
(7944, 'Labsa', 9400, 484),
(7945, 'Kushkhali', 9400, 484),
(7946, 'Khanpur', 9400, 484),
(7947, 'Kawndanga', 9400, 484),
(7948, 'Kadakati', 9400, 484),
(7949, 'Jagannathpur', 9400, 484),
(7950, 'Islamic Academy', 9400, 484),
(7951, 'Parulia', 9400, 484),
(7952, 'Rajnagar', 9400, 484),
(7953, 'Valuka Chandpur', 9400, 484),
(7954, 'Vadukhali', 9400, 484),
(7955, 'Subarnabad', 9400, 484),
(7956, 'Shimulia', 9400, 484),
(7957, 'Shakra', 9400, 484),
(7958, 'Satkhira Court', 9400, 484),
(7959, 'Satkhira', 9400, 484),
(7960, 'Sakhipur', 9400, 484),
(7961, 'sadfsad', 9400, 484),
(7962, 'Keragachhi', 9400, 484),
(7963, 'Ghona', 9400, 484),
(7964, 'Bakal', 9400, 484),
(7965, 'Baikari', 9400, 484),
(7966, 'Badartala', 9400, 484),
(7967, 'Babulia', 9400, 484),
(7968, 'Allarchar', 9400, 484),
(7969, 'Alipur', 9400, 484),
(7970, 'Akhrakhola', 9400, 484),
(7971, 'Agardaree Madrasa', 9400, 484),
(7972, 'Agardaree', 9400, 484),
(7973, 'Bakra Bazar', 9400, 484),
(7974, 'Baladanga', 9400, 484),
(7975, 'Fingree Madrasa', 9400, 484),
(7976, 'Dhulihar', 9400, 484),
(7977, 'Debnagar', 9400, 484),
(7978, 'Brahamrajpur', 9400, 484),
(7979, 'Aduakhali Madrasa', 9400, 484),
(7980, 'Binerpota', 9400, 484),
(7981, 'Bauchash', 9400, 484),
(7982, 'Bashdaha', 9400, 484),
(7983, 'Bangdaha', 9400, 484),
(7984, 'Gunakarkati', 9402, 484),
(7985, 'Badhuhata', 9403, 484),
(7986, 'Atlia Bazar', 9420, 485),
(7987, 'Khalilnagar', 9420, 485),
(7988, 'Sukhdebpur', 9420, 485),
(7989, 'Khariati', 9420, 485),
(7990, 'Kheshra', 9420, 485),
(7991, 'SujanSaha', 9420, 485),
(7992, 'Madraa', 9420, 485),
(7993, 'Mahandi', 9420, 485),
(7994, 'Shirashuni', 9420, 485),
(7995, 'Jialanalta', 9420, 485),
(7996, 'Jethua Bazar', 9420, 485),
(7997, 'Baraipara', 9420, 485),
(7998, 'Deowani Para', 9420, 485),
(7999, 'Tala', 9420, 485),
(8000, 'Gonalee Nalta', 9420, 485),
(8001, 'Gopalpur', 9420, 485),
(8002, 'Hariharnagar', 9420, 485),
(8003, 'Suvashinee', 9420, 485),
(8004, 'Jatpurhat', 9420, 485),
(8005, 'Rajapur', 9420, 485),
(8006, 'Senergati', 9421, 485),
(8007, 'Sarulia Kashipur', 9421, 485),
(8008, 'Patkelghata', 9421, 485),
(8009, 'Nagarghata', 9421, 485),
(8010, 'Mirza pur', 9421, 485),
(8011, 'Kumira', 9421, 485),
(8012, 'Khalishakhali', 9421, 485),
(8013, 'Islamkati', 9421, 485),
(8014, 'Goalpota', 9421, 485),
(8015, 'Tikarampur', 9421, 485),
(8016, 'GPO-6000', NULL, 496),
(8017, 'Sapura', NULL, 494),
(8018, 'Bhagabo', NULL, 29),
(8019, 'Sapura', NULL, 494),
(8020, 'Ghoramara', NULL, 495),
(8021, 'Taragunia', NULL, 500),
(8022, 'Goran', NULL, 502),
(8023, 'GPO-6000', NULL, 495),
(8024, 'Sopura', NULL, 495),
(8025, 'Rajshahi Cantonment', NULL, 495),
(8026, 'Somas Para', NULL, 491),
(8027, 'Hatmojaherjong', NULL, 491),
(8028, 'Ranihati', NULL, 322),
(8029, 'Lakshmanpara', NULL, 331),
(8030, 'Alinagar', NULL, 489),
(8031, 'Chak Atitha', NULL, 334),
(8032, 'Mochmoil', NULL, 499),
(8033, 'Daulatpur', NULL, 500),
(8034, 'Mirzapur Digha', NULL, 493),
(8035, 'Basudebpur', NULL, 311),
(8036, 'Shibpurhat', NULL, 505),
(8037, 'Bonpara', NULL, 507),
(8038, 'Allahabad', NULL, 508),
(8039, 'New Rasulpur', NULL, 330),
(8040, 'Baliadang', NULL, 311),
(8041, 'Nayagola', NULL, 319),
(8042, 'Nagarbari', NULL, 50),
(8043, 'Bara Bihanali', NULL, 499),
(8044, 'Uzirpur', NULL, 320),
(8045, 'Hoolikhali', NULL, 499),
(8046, 'Hatgangopara', NULL, 499),
(8047, 'Pirgacha Bazar', NULL, 493),
(8048, 'Darusha', NULL, 486),
(8049, 'Kallanpoor', NULL, 348),
(8050, 'Puthia', NULL, 505),
(8051, 'Aliabad', NULL, 499),
(8052, 'Mohini Mills', NULL, 360),
(8053, 'Bera', NULL, 348),
(8055, 'Kachikata', NULL, 325),
(8056, 'Manda', NULL, 490),
(8057, 'Haripur', NULL, 306),
(8058, 'Surzopara', NULL, 499),
(8059, 'Pashuria', NULL, 490),
(8060, 'Banesswar', NULL, 505),
(8061, 'Bangabari', NULL, 489),
(8062, 'Lalon', NULL, 328),
(8063, 'Raghupara', NULL, 499),
(8064, 'Proshadpur', NULL, 490),
(8065, 'Brepathuria', NULL, 325),
(8066, 'Haroya', NULL, 507),
(8067, 'Mougachi', NULL, 312),
(8068, 'Kaligram', NULL, 490),
(8069, 'Rohanpur', NULL, 489),
(8070, 'Harirampur', NULL, 309),
(8071, 'Jamalgonj', NULL, 302),
(8072, 'Mobarakpur', NULL, 322),
(8073, 'Dhokrakul', NULL, 505),
(8074, 'Ramchandrapur', NULL, 322),
(8075, 'Meruakhola', NULL, 107),
(8076, 'Bot Tola Hat', NULL, 319),
(8077, 'Konabaria', NULL, 499),
(8078, 'Chalk Kanu', NULL, 490),
(8079, 'Shympur', NULL, 486),
(8080, 'Boalia', NULL, 489),
(8081, 'Parila', NULL, 486),
(8082, 'Baraigram', NULL, 507),
(8083, 'Chawmohoni Bazar', NULL, 498),
(8084, 'Chohodditola', NULL, 311),
(8085, 'Nonahar', NULL, 510),
(8086, 'Bhawanigonj', NULL, 499),
(8087, 'Pali Bazar', NULL, 309),
(8088, 'Khori Khori', NULL, 495),
(8089, 'Vatopara', NULL, 311),
(8090, 'Koilhat', NULL, 317),
(8091, 'Panka-6410', NULL, 509),
(8092, 'Boiragir Char', NULL, 500),
(8093, 'Noldanga', NULL, 493),
(8094, 'Lalor', NULL, 328),
(8095, 'Panchupur', NULL, 491),
(8096, 'GPO-1000', NULL, 511);

-- --------------------------------------------------------

--
-- Table structure for table `sms_relationship`
--

CREATE TABLE IF NOT EXISTS `sms_relationship` (
  `id` tinyint(3) unsigned NOT NULL,
  `title` varchar(50) DEFAULT NULL
) ENGINE=InnoDB AUTO_INCREMENT=31 DEFAULT CHARSET=latin1;

--
-- Dumping data for table `sms_relationship`
--

INSERT INTO `sms_relationship` (`id`, `title`) VALUES
(1, 'MOTHER'),
(2, 'FATHER'),
(3, 'Sister'),
(4, 'Brother'),
(5, 'Maternal Uncle'),
(6, 'Aunty'),
(7, 'Grandfather '),
(8, 'Grandmother '),
(9, 'Half-brother '),
(10, 'Half-sister '),
(11, 'Nephew '),
(12, 'Niece '),
(13, 'Brother-in-law '),
(14, 'Sister-in-law '),
(15, 'Father-in-law '),
(16, 'Son-in-law '),
(17, 'Daughter-in-law '),
(18, 'Mother-in-law '),
(19, 'Step-father '),
(20, 'Step-mother '),
(21, 'Step-brother '),
(22, 'Step-sister'),
(23, 'Step-son '),
(24, 'Step-daughter '),
(25, 'Cousin'),
(26, 'Uncle'),
(29, 'Mother'),
(30, 'Father');

-- --------------------------------------------------------

--
-- Table structure for table `sms_religion`
--

CREATE TABLE IF NOT EXISTS `sms_religion` (
  `id` tinyint(20) unsigned NOT NULL,
  `title` varchar(50) NOT NULL
) ENGINE=InnoDB AUTO_INCREMENT=6 DEFAULT CHARSET=latin1;

--
-- Dumping data for table `sms_religion`
--

INSERT INTO `sms_religion` (`id`, `title`) VALUES
(1, 'Islam'),
(2, 'Hindu'),
(3, 'Chrisrtiain'),
(4, 'Buddhu'),
(5, 'Others');

-- --------------------------------------------------------

--
-- Table structure for table `sms_religion_caste`
--

CREATE TABLE IF NOT EXISTS `sms_religion_caste` (
  `id` smallint(5) unsigned NOT NULL,
  `religion_id` tinyint(4) DEFAULT NULL,
  `title` varchar(50) DEFAULT NULL
) ENGINE=InnoDB AUTO_INCREMENT=10 DEFAULT CHARSET=latin1;

--
-- Dumping data for table `sms_religion_caste`
--

INSERT INTO `sms_religion_caste` (`id`, `religion_id`, `title`) VALUES
(1, 1, 'Sunni'),
(2, 1, 'Sheya'),
(3, 2, 'Brahmins'),
(4, 2, 'Kshatriyas'),
(5, 2, 'Vaishyas'),
(6, 2, 'Shudras'),
(7, 2, 'Chandalas'),
(8, 3, 'Catholic'),
(9, 3, 'Orthodox');

-- --------------------------------------------------------

--
-- Table structure for table `sms_result_scale`
--

CREATE TABLE IF NOT EXISTS `sms_result_scale` (
  `id` int(10) unsigned NOT NULL,
  `title` varchar(50) DEFAULT NULL,
  `code_name` varchar(20) NOT NULL,
  `status` enum('ACTIVE','INACTIVE','PENDING') NOT NULL,
  `description` varchar(255) NOT NULL,
  `created_at` timestamp NOT NULL DEFAULT CURRENT_TIMESTAMP,
  `created_by` int(11) DEFAULT NULL
) ENGINE=InnoDB AUTO_INCREMENT=6 DEFAULT CHARSET=latin1;

--
-- Dumping data for table `sms_result_scale`
--

INSERT INTO `sms_result_scale` (`id`, `title`, `code_name`, `status`, `description`, `created_at`, `created_by`) VALUES
(2, 'Grading scale', 'GRADE', 'ACTIVE', '', '2014-03-26 00:42:22', 1),
(3, 'Nursery & Kg', 'GRADE', 'ACTIVE', 'This is scale for nursery and kg', '2015-09-20 04:48:11', 1250),
(4, 'Six Seven Scale', 'GRADE', 'ACTIVE', 'This scale is for class six and seven', '2015-11-23 05:22:33', 1250),
(5, 'One to Five scale', 'GRADE', 'ACTIVE', 'This scales for class one to five.', '2015-11-23 05:30:07', 1250);

-- --------------------------------------------------------

--
-- Table structure for table `sms_scale_matrix`
--

CREATE TABLE IF NOT EXISTS `sms_scale_matrix` (
  `id` int(10) unsigned NOT NULL,
  `result_scale_id` int(11) NOT NULL,
  `min_range` float(5,2) unsigned NOT NULL,
  `max_range` float(5,2) unsigned NOT NULL,
  `title` varchar(20) NOT NULL,
  `weight` float(3,2) unsigned NOT NULL,
  `created_at` timestamp NOT NULL DEFAULT CURRENT_TIMESTAMP,
  `created_by` bigint(20) DEFAULT NULL
) ENGINE=InnoDB AUTO_INCREMENT=24 DEFAULT CHARSET=latin1;

--
-- Dumping data for table `sms_scale_matrix`
--

INSERT INTO `sms_scale_matrix` (`id`, `result_scale_id`, `min_range`, `max_range`, `title`, `weight`, `created_at`, `created_by`) VALUES
(1, 2, 70.00, 79.00, 'A', 4.00, '2014-04-02 23:30:58', 1),
(2, 2, 80.00, 100.00, 'A+', 5.00, '2014-04-03 00:04:00', 1),
(3, 2, 60.00, 69.00, 'A-', 3.50, '2015-09-15 04:14:29', 1250),
(4, 2, 50.00, 59.00, 'B', 3.00, '2015-09-15 04:15:19', 1250),
(5, 2, 0.00, 44.00, 'F', 0.00, '2015-09-15 04:15:42', 1250),
(8, 3, 80.00, 100.00, 'A+', 5.00, '2015-09-29 06:28:14', 1250),
(9, 3, 70.00, 79.00, 'A', 4.00, '2015-09-29 06:28:35', 1250),
(10, 3, 60.00, 69.00, 'B', 3.50, '2015-09-29 06:29:16', 1250),
(11, 3, 55.00, 59.00, 'C', 3.00, '2015-09-29 06:29:50', 1250),
(12, 3, 0.00, 54.00, 'F', 0.00, '2015-09-29 06:30:13', 1250),
(13, 4, 80.00, 100.00, 'A+', 5.00, '2015-11-23 05:23:30', 1250),
(14, 4, 70.00, 79.00, 'A', 4.00, '2015-11-23 05:23:54', 1250),
(15, 4, 60.00, 69.00, 'A-', 3.50, '2015-11-23 05:24:21', 1250),
(16, 4, 50.00, 59.00, 'B', 3.00, '2015-11-23 05:24:48', 1250),
(17, 4, 45.00, 49.00, 'C', 2.00, '2015-11-23 05:25:23', 1250),
(18, 5, 80.00, 100.00, 'A+', 5.00, '2015-11-23 05:30:32', 1250),
(19, 5, 70.00, 79.00, 'A', 4.00, '2015-11-23 05:30:58', 1250),
(20, 5, 60.00, 69.00, 'A-', 3.50, '2015-11-23 05:31:15', 1250),
(21, 5, 50.00, 59.00, 'B', 3.00, '2015-11-23 05:31:50', 1250),
(22, 5, 0.00, 49.00, 'F', 0.00, '2015-11-23 05:32:19', 1250),
(23, 4, 0.00, 44.00, 'F', 0.00, '2015-11-23 05:33:01', 1250);

-- --------------------------------------------------------

--
-- Table structure for table `sms_school`
--

CREATE TABLE IF NOT EXISTS `sms_school` (
  `id` bigint(20) unsigned NOT NULL,
  `name` varchar(100) DEFAULT NULL,
  `logo_file` varchar(100) DEFAULT NULL,
  `establish_date` date DEFAULT NULL,
  `address1` varchar(255) NOT NULL,
  `address2` varchar(255) DEFAULT NULL,
  `description` text,
  `created_at` timestamp NOT NULL DEFAULT CURRENT_TIMESTAMP,
  `created_by` bigint(20) unsigned DEFAULT NULL
) ENGINE=InnoDB AUTO_INCREMENT=2 DEFAULT CHARSET=latin1;

--
-- Dumping data for table `sms_school`
--

INSERT INTO `sms_school` (`id`, `name`, `logo_file`, `establish_date`, `address1`, `address2`, `description`, `created_at`, `created_by`) VALUES
(1, 'Ibrahim Memorial Shiksha Niketan', 'school_logo_1453097361_thumb.png', '2015-11-09', 'Ibrahim Memorial Shiksha Niketan,Dinajpur', '', 'Ibrahim Memorial Shiksha Niketan,Dinajpur', '2014-02-16 20:02:27', NULL);

-- --------------------------------------------------------

--
-- Table structure for table `sms_section`
--

CREATE TABLE IF NOT EXISTS `sms_section` (
  `id` smallint(10) unsigned NOT NULL,
  `version_id` int(2) NOT NULL,
  `class_id` tinyint(4) NOT NULL,
  `title` varchar(50) NOT NULL,
  `description` varchar(255) DEFAULT NULL,
  `status` enum('ACTIVE','INACTIVE','PENDING') NOT NULL DEFAULT 'ACTIVE',
  `room_number` varchar(20) DEFAULT NULL,
  `created_at` datetime DEFAULT NULL,
  `created_by` bigint(20) DEFAULT NULL,
  `updated_at` timestamp NOT NULL DEFAULT CURRENT_TIMESTAMP
) ENGINE=InnoDB AUTO_INCREMENT=37 DEFAULT CHARSET=latin1;

--
-- Dumping data for table `sms_section`
--

INSERT INTO `sms_section` (`id`, `version_id`, `class_id`, `title`, `description`, `status`, `room_number`, `created_at`, `created_by`, `updated_at`) VALUES
(2, 1, 4, 'Shimul', '', 'ACTIVE', '02', '2014-06-09 11:26:19', 1, '2014-06-09 04:26:19'),
(3, 3, 6, 'Zinnia', '', 'ACTIVE', '03', '2014-06-09 14:24:25', 1, '2014-06-09 07:24:25'),
(4, 2, 7, 'Tagar', '', 'ACTIVE', '7', '2014-06-13 10:36:08', 1, '2014-06-13 03:36:08'),
(5, 1, 7, 'Palash', '', 'ACTIVE', '17', '2014-06-13 11:03:27', 1, '2014-06-13 04:03:27'),
(6, 1, 7, 'Kadam', '', 'ACTIVE', '20', '2014-06-13 13:38:17', 1, '2014-06-13 06:38:17'),
(7, 1, 7, 'Shimul', '', 'ACTIVE', '21', '2014-06-13 13:44:45', 1, '2014-06-13 06:44:45'),
(8, 3, 8, 'Merigold', '', 'ACTIVE', '809', '2014-06-14 10:35:07', 1, '2014-06-14 03:35:07'),
(9, 3, 8, 'Primrose', '', 'ACTIVE', '24', '2014-06-14 10:40:28', 1, '2014-06-14 03:40:28'),
(10, 1, 1, 'Kadam', '', 'ACTIVE', '23', '2014-06-14 13:28:00', 1, '2014-06-14 06:28:00'),
(11, 1, 1, 'Palash', '', 'ACTIVE', '25', '2014-06-14 15:03:13', 1, '2014-06-14 08:03:13'),
(12, 2, 1, 'Tagar', '', 'ACTIVE', '26', '2014-06-14 15:23:08', 1, '2014-06-14 08:23:08'),
(13, 1, 2, 'Kadam', '', 'ACTIVE', '5', '2014-06-26 12:49:42', 1, '2014-06-26 05:49:42'),
(14, 2, 2, 'Tagar', '', 'ACTIVE', '6', '2014-06-26 12:50:08', 1, '2014-06-26 05:50:08'),
(15, 1, 2, 'Palash', '', 'ACTIVE', '8', '2014-06-26 12:50:31', 1, '2014-06-26 05:50:31'),
(16, 1, 3, 'Kadam', '', 'ACTIVE', '30', '2014-07-02 12:34:05', 1, '2014-07-02 05:34:05'),
(17, 2, 3, 'Tagar', '', 'ACTIVE', '32', '2014-07-02 12:34:16', 1, '2014-07-02 05:34:16'),
(18, 1, 3, 'Polash', '', 'ACTIVE', '33', '2014-07-02 12:35:03', 1, '2014-07-02 05:35:03'),
(19, 1, 4, 'kadom', '', 'ACTIVE', '255', '2014-07-03 12:36:45', 1, '2014-07-03 05:36:45'),
(20, 1, 4, 'Palash', '', 'ACTIVE', '136', '2014-07-03 12:37:07', 1, '2014-07-03 05:37:07'),
(21, 2, 4, 'Tagar', '', 'ACTIVE', '137', '2014-07-03 12:37:29', 1, '2014-07-03 05:37:29'),
(22, 1, 5, 'Shimul', '', 'ACTIVE', '122', '2014-07-12 14:28:34', 1, '2014-07-12 07:28:34'),
(23, 1, 5, 'Polash', '', 'ACTIVE', '123', '2014-07-12 14:28:49', 1, '2014-07-12 07:28:49'),
(24, 1, 5, 'Kadam', '', 'ACTIVE', '138', '2014-07-13 10:30:23', 1, '2014-07-13 03:30:23'),
(25, 1, 9, 'Polash', '', 'ACTIVE', '233', '2014-07-14 17:49:08', 1, '2014-07-14 10:49:08'),
(26, 1, 9, 'Kadam', '', 'ACTIVE', '234', '2014-07-14 17:49:24', 1, '2014-07-14 10:49:24'),
(27, 1, 9, 'Shimul', '', 'ACTIVE', '235', '2014-07-14 17:49:38', 1, '2014-07-14 10:49:38'),
(28, 2, 9, 'Tagar', '', 'ACTIVE', '236', '2014-07-14 17:50:06', 1, '2014-07-14 10:50:06'),
(29, 3, 6, 'Dahlia', '', 'ACTIVE', '22', '2014-07-15 15:53:47', 1, '2014-07-15 08:53:47'),
(31, 2, 10, 'Tagar', '', 'ACTIVE', '121', '2015-01-08 12:46:04', 1, '2015-01-08 06:46:04'),
(32, 1, 10, 'Palash', '', 'ACTIVE', '124', '2015-01-08 12:46:44', 1, '2015-01-08 06:46:44'),
(33, 1, 10, 'Kadam', '', 'ACTIVE', '125', '2015-01-08 12:47:13', 1, '2015-01-08 06:47:13'),
(34, 1, 10, 'Shimul', '', 'ACTIVE', '126', '2015-01-08 12:47:32', 1, '2015-01-08 06:47:32'),
(35, 2, 5, 'Tagar', '', 'ACTIVE', '127', '2015-01-08 13:11:31', 1, '2015-01-08 07:11:31'),
(36, 3, 6, 'Zinnia (Day Shift)', '', 'ACTIVE', 'Ground Floor', '2015-01-18 14:06:22', 1, '2015-01-18 08:06:22');

-- --------------------------------------------------------

--
-- Table structure for table `sms_section_tuition_fee`
--

CREATE TABLE IF NOT EXISTS `sms_section_tuition_fee` (
  `id` bigint(20) unsigned NOT NULL,
  `tuition_fee_head_id` bigint(20) NOT NULL,
  `section_id` bigint(20) unsigned DEFAULT NULL,
  `ammount` float(7,2) unsigned DEFAULT '0.00',
  `status` tinyint(1) DEFAULT '1',
  `created_at` timestamp NOT NULL DEFAULT CURRENT_TIMESTAMP,
  `created_by` bigint(20) DEFAULT NULL,
  `updated_at` timestamp NULL DEFAULT NULL,
  `udpated_by` bigint(20) DEFAULT NULL
) ENGINE=InnoDB DEFAULT CHARSET=latin1;

-- --------------------------------------------------------

--
-- Table structure for table `sms_section_tuition_fee_trail`
--

CREATE TABLE IF NOT EXISTS `sms_section_tuition_fee_trail` (
  `id` bigint(20) unsigned NOT NULL,
  `section_tuition_fee_id` bigint(20) NOT NULL,
  `ammount` float DEFAULT NULL,
  `created_at` timestamp NOT NULL DEFAULT CURRENT_TIMESTAMP,
  `created_by` bigint(20) DEFAULT NULL,
  `updated_at` timestamp NULL DEFAULT NULL,
  `udpated_by` bigint(20) DEFAULT NULL
) ENGINE=InnoDB DEFAULT CHARSET=latin1;

--
-- Triggers `sms_section_tuition_fee_trail`
--
DELIMITER $$
CREATE TRIGGER `sms_section_tuition_fee_trail_ai` AFTER INSERT ON `sms_section_tuition_fee_trail`
 FOR EACH ROW UPDATE sms_section_tuition_fee SET ammount = new.ammount WHERE id = new.section_tuition_fee_id
$$
DELIMITER ;

-- --------------------------------------------------------

--
-- Table structure for table `sms_status`
--

CREATE TABLE IF NOT EXISTS `sms_status` (
  `id` tinyint(3) unsigned NOT NULL,
  `title` varchar(30) NOT NULL,
  `created_by` bigint(20) DEFAULT NULL,
  `created_at` timestamp NULL DEFAULT CURRENT_TIMESTAMP
) ENGINE=InnoDB AUTO_INCREMENT=6 DEFAULT CHARSET=latin1;

--
-- Dumping data for table `sms_status`
--

INSERT INTO `sms_status` (`id`, `title`, `created_by`, `created_at`) VALUES
(1, 'Active', 1, '2013-04-11 01:51:54'),
(2, 'Inactive', 1, '2013-04-11 01:51:54'),
(3, 'Pending', 1, '2013-04-11 01:51:54'),
(4, 'Completed', 1, '2013-04-11 01:51:54'),
(5, 'TC', 1, '2014-10-26 11:03:14');

-- --------------------------------------------------------

--
-- Table structure for table `sms_student`
--

CREATE TABLE IF NOT EXISTS `sms_student` (
  `id` bigint(20) unsigned NOT NULL,
  `student_number` varchar(50) DEFAULT NULL,
  `passwd` varchar(30) NOT NULL DEFAULT '123456',
  `personal_details_id` bigint(20) unsigned DEFAULT NULL,
  `status_id` tinyint(4) unsigned DEFAULT NULL,
  `father_guardian_id` bigint(20) unsigned DEFAULT NULL,
  `mother_guardian_id` bigint(20) unsigned DEFAULT NULL,
  `local_guardian_id` bigint(20) unsigned DEFAULT NULL,
  `present_address_id` bigint(20) unsigned DEFAULT NULL,
  `permanent_address_id` bigint(20) unsigned DEFAULT NULL,
  `photo_id` int(6) unsigned DEFAULT NULL,
  `admission_id` bigint(20) unsigned DEFAULT NULL,
  `extra_facility_id` tinyint(2) NOT NULL,
  `is_approve` enum('No','Yes') NOT NULL DEFAULT 'No',
  `approve_date` date NOT NULL,
  `created_at` timestamp NULL DEFAULT CURRENT_TIMESTAMP,
  `created_by` bigint(20) DEFAULT NULL
) ENGINE=InnoDB AUTO_INCREMENT=2 DEFAULT CHARSET=latin1;

--
-- Dumping data for table `sms_student`
--

INSERT INTO `sms_student` (`id`, `student_number`, `passwd`, `personal_details_id`, `status_id`, `father_guardian_id`, `mother_guardian_id`, `local_guardian_id`, `present_address_id`, `permanent_address_id`, `photo_id`, `admission_id`, `extra_facility_id`, `is_approve`, `approve_date`, `created_at`, `created_by`) VALUES
(1, 'DCESC2006132001', '123456', 1, 1, 1, 2, NULL, NULL, NULL, 1, 1, 0, 'Yes', '2015-12-20', '2015-12-20 08:50:32', NULL);

-- --------------------------------------------------------

--
-- Stand-in structure for view `sms_student_academic_v`
--
CREATE TABLE IF NOT EXISTS `sms_student_academic_v` (
`id` bigint(20) unsigned
,`student_number` varchar(50)
,`admission_id` bigint(20) unsigned
,`status` enum('ACTIVE','INACTIVE','PENDING')
,`student_type` varchar(50)
,`student_type_id` tinyint(3)
,`class` varchar(100)
,`class_id` tinyint(3) unsigned
,`section_id` smallint(10) unsigned
,`section` varchar(50)
,`session` year(4)
);

-- --------------------------------------------------------

--
-- Table structure for table `sms_student_address`
--

CREATE TABLE IF NOT EXISTS `sms_student_address` (
  `id` bigint(20) unsigned NOT NULL,
  `student_id` bigint(20) unsigned NOT NULL,
  `address_id` bigint(20) unsigned NOT NULL,
  `address_type` enum('PRESENT','PERMANENT') NOT NULL,
  `created_at` timestamp NOT NULL DEFAULT CURRENT_TIMESTAMP ON UPDATE CURRENT_TIMESTAMP
) ENGINE=InnoDB AUTO_INCREMENT=1681 DEFAULT CHARSET=latin1;

--
-- Dumping data for table `sms_student_address`
--

INSERT INTO `sms_student_address` (`id`, `student_id`, `address_id`, `address_type`, `created_at`) VALUES
(1, 1, 1, 'PERMANENT', '2015-04-21 17:03:08'),
(2, 2, 2, 'PERMANENT', '2015-04-20 17:12:30'),
(3, 3, 3, 'PRESENT', '2015-04-26 13:40:58'),
(4, 3, 4, 'PERMANENT', '2015-04-26 13:40:17'),
(5, 4, 5, 'PRESENT', '2015-05-07 20:28:03'),
(6, 88, 6, 'PRESENT', '2014-11-23 20:24:20'),
(7, 89, 7, 'PRESENT', '2014-11-23 20:14:14'),
(8, 90, 8, 'PRESENT', '2014-11-23 21:04:47'),
(9, 91, 9, 'PRESENT', '2014-11-23 21:06:05'),
(10, 92, 10, 'PRESENT', '2014-11-23 20:25:59'),
(11, 94, 11, 'PRESENT', '2014-11-23 19:33:21'),
(12, 95, 12, 'PRESENT', '2014-11-23 19:08:47'),
(13, 96, 13, 'PRESENT', '2014-11-23 18:58:04'),
(14, 97, 14, 'PRESENT', '2014-11-23 21:21:40'),
(15, 99, 15, 'PRESENT', '2014-11-23 18:59:26'),
(16, 106, 16, 'PRESENT', '2014-11-03 10:42:11'),
(17, 127, 17, 'PRESENT', '2014-11-03 10:42:18'),
(18, 128, 18, 'PRESENT', '2014-11-23 22:41:53'),
(19, 129, 19, 'PRESENT', '2014-11-23 22:51:10'),
(20, 132, 20, 'PRESENT', '2014-11-23 23:34:23'),
(21, 135, 21, 'PRESENT', '2014-11-23 23:15:02'),
(22, 137, 22, 'PRESENT', '2014-11-24 00:22:09'),
(23, 138, 23, 'PRESENT', '2014-11-24 00:51:01'),
(24, 139, 24, 'PRESENT', '2014-11-23 23:40:02'),
(25, 771, 25, 'PRESENT', '2014-11-23 17:09:57'),
(26, 772, 26, 'PRESENT', '2014-11-23 18:16:38'),
(27, 774, 27, 'PERMANENT', '2014-11-23 18:07:26'),
(28, 776, 28, 'PRESENT', '2014-11-23 18:20:10'),
(29, 777, 29, 'PRESENT', '2014-11-23 17:11:55'),
(30, 778, 30, 'PRESENT', '2014-11-03 10:56:04'),
(31, 779, 31, 'PRESENT', '2014-11-23 18:32:16'),
(32, 780, 32, 'PRESENT', '2014-11-23 18:18:42'),
(33, 781, 33, 'PRESENT', '2014-11-23 17:49:09'),
(34, 782, 34, 'PRESENT', '2014-11-23 18:30:10'),
(35, 783, 35, 'PRESENT', '2014-11-03 10:56:06'),
(36, 784, 36, 'PRESENT', '2014-11-23 18:02:31'),
(37, 785, 37, 'PRESENT', '2014-11-23 18:11:34'),
(38, 786, 38, 'PRESENT', '2014-11-23 18:43:04'),
(39, 787, 39, 'PRESENT', '2014-11-23 18:01:09'),
(40, 788, 40, 'PRESENT', '2014-11-23 18:05:37'),
(41, 789, 41, 'PRESENT', '2014-11-23 17:41:55'),
(42, 790, 42, 'PRESENT', '2014-11-23 17:18:31'),
(43, 791, 43, 'PRESENT', '2014-11-23 18:09:40'),
(44, 792, 44, 'PRESENT', '2014-11-23 17:59:35'),
(45, 793, 45, 'PRESENT', '2014-11-23 22:11:47'),
(46, 797, 46, 'PRESENT', '2014-11-23 21:44:24'),
(47, 799, 47, 'PRESENT', '2014-11-23 22:04:46'),
(48, 800, 48, 'PRESENT', '2014-11-03 10:56:14'),
(49, 800, 49, 'PERMANENT', '2014-11-03 10:56:14'),
(50, 801, 50, 'PRESENT', '2014-11-23 21:28:10'),
(51, 802, 51, 'PRESENT', '2014-11-23 22:08:10'),
(52, 803, 52, 'PRESENT', '2014-11-23 21:37:12'),
(53, 804, 53, 'PRESENT', '2014-11-23 21:40:53'),
(54, 805, 54, 'PRESENT', '2014-11-23 21:56:07'),
(55, 806, 55, 'PRESENT', '2014-11-03 10:56:17'),
(56, 807, 56, 'PRESENT', '2014-11-23 21:34:40'),
(57, 808, 57, 'PRESENT', '2014-11-23 22:20:27'),
(58, 809, 58, 'PRESENT', '2014-11-23 21:31:42'),
(59, 810, 59, 'PRESENT', '2014-11-23 21:49:36'),
(60, 811, 60, 'PRESENT', '2014-11-23 22:10:03'),
(61, 812, 61, 'PRESENT', '2014-11-23 21:39:39'),
(62, 813, 62, 'PRESENT', '2014-11-23 21:35:59'),
(63, 814, 63, 'PRESENT', '2014-11-23 21:45:55'),
(64, 815, 64, 'PRESENT', '2014-11-23 22:00:07'),
(65, 816, 65, 'PRESENT', '2014-11-23 21:26:10'),
(66, 817, 66, 'PRESENT', '2014-11-23 22:17:23'),
(67, 818, 67, 'PRESENT', '2014-11-03 10:56:22'),
(68, 819, 68, 'PRESENT', '2014-11-23 22:25:32'),
(69, 957, 69, 'PERMANENT', '2014-11-22 19:36:33'),
(70, 958, 70, 'PERMANENT', '2014-11-22 18:05:28'),
(71, 962, 71, 'PERMANENT', '2014-11-22 18:27:11'),
(72, 963, 72, 'PRESENT', '2014-11-22 18:32:12'),
(73, 964, 73, 'PRESENT', '2014-11-22 18:48:44'),
(74, 965, 74, 'PRESENT', '2014-11-22 18:09:17'),
(75, 966, 75, 'PRESENT', '2014-11-22 18:41:53'),
(76, 967, 76, 'PRESENT', '2014-11-22 19:13:21'),
(77, 968, 77, 'PRESENT', '2014-11-22 18:28:49'),
(78, 969, 78, 'PRESENT', '2014-11-22 19:39:47'),
(79, 970, 79, 'PRESENT', '2014-11-22 19:21:54'),
(80, 971, 80, 'PRESENT', '2014-11-22 18:35:17'),
(81, 972, 81, 'PERMANENT', '2014-11-22 19:34:06'),
(82, 1010, 82, 'PRESENT', '2014-11-23 16:57:59'),
(83, 1011, 83, 'PRESENT', '2014-11-23 16:23:49'),
(84, 1012, 84, 'PRESENT', '2014-11-23 16:26:11'),
(85, 1013, 85, 'PRESENT', '2014-11-23 16:30:13'),
(86, 1014, 86, 'PRESENT', '2014-11-23 16:33:49'),
(87, 1015, 87, 'PRESENT', '2014-11-23 16:37:50'),
(88, 1016, 88, 'PRESENT', '2014-11-23 16:40:28'),
(89, 1017, 89, 'PRESENT', '2014-11-23 16:42:01'),
(90, 1018, 90, 'PRESENT', '2014-11-23 16:47:30'),
(91, 1019, 91, 'PRESENT', '2014-11-23 16:50:59'),
(92, 1024, 92, 'PRESENT', '2014-11-23 15:48:52'),
(93, 1029, 93, 'PRESENT', '2014-11-23 16:05:41'),
(94, 1030, 94, 'PRESENT', '2014-11-23 16:13:14'),
(95, 1085, 95, 'PERMANENT', '2014-11-22 17:06:25'),
(96, 1085, 96, 'PRESENT', '2014-11-22 17:07:02'),
(97, 1062, 97, 'PERMANENT', '2014-11-22 23:15:45'),
(98, 1062, 98, 'PRESENT', '2014-11-22 17:11:27'),
(99, 1033, 99, 'PERMANENT', '2014-11-22 17:14:01'),
(100, 1033, 100, 'PRESENT', '2014-11-22 17:14:25'),
(101, 1063, 101, 'PERMANENT', '2014-11-22 17:16:34'),
(102, 1063, 102, 'PRESENT', '2014-11-22 17:17:21'),
(103, 1064, 103, 'PERMANENT', '2014-11-22 17:19:19'),
(104, 1064, 104, 'PRESENT', '2014-11-22 17:19:36'),
(105, 1065, 105, 'PERMANENT', '2014-11-22 17:22:41'),
(106, 1065, 106, 'PRESENT', '2014-11-22 17:23:03'),
(107, 1066, 107, 'PERMANENT', '2014-11-22 17:25:22'),
(108, 1066, 108, 'PRESENT', '2014-11-22 17:25:36'),
(109, 1067, 109, 'PERMANENT', '2014-11-22 17:27:53'),
(110, 1067, 110, 'PRESENT', '2014-11-22 17:28:03'),
(111, 1036, 111, 'PERMANENT', '2014-11-22 17:30:36'),
(112, 1036, 112, 'PRESENT', '2014-11-22 17:30:57'),
(113, 1107, 113, 'PERMANENT', '2014-11-22 17:32:58'),
(114, 1107, 114, 'PRESENT', '2014-11-22 17:33:12'),
(115, 1109, 115, 'PERMANENT', '2014-11-22 23:10:00'),
(116, 1109, 116, 'PRESENT', '2014-11-22 23:10:16'),
(117, 1084, 117, 'PERMANENT', '2014-11-22 17:44:49'),
(118, 1084, 118, 'PRESENT', '2014-11-22 17:45:01'),
(119, 1078, 119, 'PERMANENT', '2014-11-22 17:46:22'),
(120, 1078, 120, 'PRESENT', '2014-11-22 17:46:36'),
(121, 1037, 121, 'PERMANENT', '2014-11-22 17:49:23'),
(122, 1037, 122, 'PRESENT', '2014-11-22 17:49:59'),
(123, 958, 123, 'PRESENT', '2014-11-22 18:05:42'),
(124, 1050, 124, 'PERMANENT', '2014-11-22 18:07:23'),
(125, 1050, 125, 'PRESENT', '2014-11-22 18:07:33'),
(126, 965, 126, 'PERMANENT', '2014-11-22 18:09:07'),
(127, 1034, 127, 'PERMANENT', '2014-11-22 18:10:59'),
(128, 1034, 128, 'PRESENT', '2014-11-22 18:11:07'),
(129, 1053, 129, 'PERMANENT', '2014-11-22 18:12:26'),
(130, 1053, 130, 'PRESENT', '2014-11-22 18:12:36'),
(131, 1101, 131, 'PERMANENT', '2014-11-22 18:13:51'),
(132, 1101, 132, 'PRESENT', '2014-11-22 18:14:03'),
(133, 1068, 133, 'PERMANENT', '2014-11-22 18:25:49'),
(134, 962, 134, 'PRESENT', '2014-11-22 18:27:22'),
(135, 968, 135, 'PERMANENT', '2014-11-22 18:28:37'),
(136, 1041, 136, 'PERMANENT', '2014-11-22 18:30:29'),
(137, 1041, 137, 'PRESENT', '2014-11-22 18:30:39'),
(138, 963, 138, 'PERMANENT', '2014-11-22 18:31:59'),
(139, 961, 139, 'PERMANENT', '2014-11-22 18:33:35'),
(140, 961, 140, 'PRESENT', '2014-11-22 18:33:44'),
(141, 971, 141, 'PERMANENT', '2014-11-22 18:35:06'),
(142, 1054, 142, 'PERMANENT', '2014-11-22 18:37:08'),
(143, 1054, 143, 'PRESENT', '2014-11-22 18:37:20'),
(144, 1043, 144, 'PERMANENT', '2014-11-22 18:39:00'),
(145, 1043, 145, 'PRESENT', '2014-11-22 18:39:18'),
(146, 966, 146, 'PERMANENT', '2014-11-22 18:41:33'),
(147, 1077, 147, 'PERMANENT', '2014-11-22 18:43:17'),
(148, 1077, 148, 'PRESENT', '2014-11-22 18:43:32'),
(149, 960, 149, 'PERMANENT', '2014-11-22 18:44:49'),
(150, 960, 150, 'PRESENT', '2014-11-22 18:45:03'),
(151, 956, 151, 'PERMANENT', '2014-11-22 18:46:50'),
(152, 956, 152, 'PRESENT', '2014-11-22 18:47:01'),
(153, 964, 153, 'PERMANENT', '2014-11-22 18:48:31'),
(154, 1072, 154, 'PERMANENT', '2014-11-22 18:50:20'),
(155, 954, 155, 'PERMANENT', '2015-06-09 14:05:58'),
(156, 1072, 156, 'PRESENT', '2014-11-22 18:50:32'),
(157, 1051, 157, 'PERMANENT', '2014-11-22 18:52:24'),
(158, 1051, 158, 'PRESENT', '2014-11-22 18:52:43'),
(159, 954, 159, 'PRESENT', '2015-07-08 18:52:50'),
(160, 611, 160, 'PERMANENT', '2015-06-06 14:04:48'),
(161, 611, 161, 'PRESENT', '2015-06-06 14:04:56'),
(162, 1052, 162, 'PERMANENT', '2014-11-22 18:54:18'),
(163, 1052, 163, 'PRESENT', '2014-11-22 18:54:57'),
(164, 1071, 164, 'PERMANENT', '2014-11-22 18:56:40'),
(165, 1071, 165, 'PRESENT', '2014-11-22 18:56:51'),
(166, 1038, 166, 'PERMANENT', '2014-11-22 19:09:21'),
(167, 1038, 167, 'PRESENT', '2014-11-22 19:09:31'),
(168, 1070, 168, 'PERMANENT', '2014-11-22 19:10:59'),
(169, 1070, 169, 'PRESENT', '2014-11-22 19:11:12'),
(170, 967, 170, 'PERMANENT', '2014-11-22 19:13:08'),
(171, 1112, 171, 'PERMANENT', '2014-11-22 19:15:52'),
(172, 1112, 172, 'PRESENT', '2014-11-22 19:16:03'),
(173, 1073, 173, 'PERMANENT', '2014-11-22 19:18:15'),
(174, 1073, 174, 'PRESENT', '2014-11-22 19:18:25'),
(175, 1035, 175, 'PERMANENT', '2014-11-22 19:20:08'),
(176, 1035, 176, 'PRESENT', '2014-11-22 19:20:21'),
(177, 970, 177, 'PERMANENT', '2014-11-22 19:21:42'),
(178, 1131, 178, 'PERMANENT', '2014-11-22 19:27:23'),
(179, 1131, 179, 'PRESENT', '2014-11-22 19:27:47'),
(180, 959, 180, 'PERMANENT', '2014-11-22 19:31:21'),
(181, 959, 181, 'PRESENT', '2014-11-22 19:31:30'),
(182, 972, 182, 'PRESENT', '2014-11-22 19:34:17'),
(183, 955, 183, 'PERMANENT', '2015-06-09 18:25:38'),
(184, 957, 184, 'PRESENT', '2014-11-22 19:37:29'),
(185, 969, 185, 'PERMANENT', '2014-11-22 19:39:31'),
(186, 1046, 186, 'PERMANENT', '2014-11-22 19:41:06'),
(187, 1046, 187, 'PRESENT', '2014-11-22 19:41:18'),
(188, 1069, 188, 'PERMANENT', '2014-11-22 19:48:17'),
(189, 1069, 189, 'PRESENT', '2014-11-22 19:48:37'),
(190, 1076, 190, 'PERMANENT', '2014-11-22 19:50:39'),
(191, 1076, 191, 'PRESENT', '2014-11-22 19:50:52'),
(192, 608, 192, 'PERMANENT', '2015-06-24 17:22:35'),
(193, 608, 193, 'PRESENT', '2015-06-24 17:22:09'),
(194, 612, 194, 'PERMANENT', '2015-06-10 13:10:25'),
(195, 1087, 195, 'PERMANENT', '2014-11-22 20:00:35'),
(196, 1087, 196, 'PRESENT', '2014-11-22 20:00:49'),
(197, 612, 197, 'PRESENT', '2015-06-10 13:10:48'),
(198, 1097, 198, 'PERMANENT', '2014-11-22 20:02:12'),
(199, 1097, 199, 'PRESENT', '2014-11-22 20:02:22'),
(200, 987, 200, 'PERMANENT', '2014-11-22 20:03:32'),
(201, 987, 201, 'PRESENT', '2014-11-22 20:03:41'),
(202, 985, 202, 'PERMANENT', '2014-11-22 20:05:01'),
(203, 985, 203, 'PRESENT', '2014-11-22 20:05:10'),
(204, 1091, 204, 'PERMANENT', '2014-11-22 20:06:36'),
(205, 1091, 205, 'PRESENT', '2014-11-22 20:06:47'),
(206, 991, 206, 'PERMANENT', '2014-11-22 20:08:20'),
(207, 991, 207, 'PRESENT', '2014-11-22 20:08:32'),
(208, 988, 208, 'PERMANENT', '2014-11-22 20:10:33'),
(209, 988, 209, 'PRESENT', '2014-11-22 20:10:47'),
(210, 974, 210, 'PERMANENT', '2014-11-22 20:12:39'),
(211, 974, 211, 'PRESENT', '2014-11-22 20:12:51'),
(214, 989, 214, 'PERMANENT', '2014-11-22 20:19:18'),
(215, 989, 215, 'PRESENT', '2014-11-22 20:19:32'),
(216, 992, 216, 'PERMANENT', '2014-11-22 20:20:58'),
(217, 992, 217, 'PRESENT', '2014-11-22 20:21:10'),
(218, 990, 218, 'PERMANENT', '2014-11-22 20:22:42'),
(219, 1096, 219, 'PERMANENT', '2014-11-22 20:24:02'),
(220, 1096, 220, 'PRESENT', '2014-11-22 20:24:15'),
(221, 976, 221, 'PERMANENT', '2014-11-22 20:25:45'),
(222, 976, 222, 'PRESENT', '2014-11-22 20:25:58'),
(223, 1105, 223, 'PERMANENT', '2014-11-22 20:28:01'),
(224, 1105, 224, 'PRESENT', '2014-11-22 20:28:26'),
(225, 993, 225, 'PERMANENT', '2014-11-22 20:30:24'),
(226, 994, 226, 'PERMANENT', '2014-11-22 20:32:06'),
(227, 994, 227, 'PRESENT', '2014-11-22 20:32:16'),
(228, 1094, 228, 'PERMANENT', '2014-11-22 20:33:37'),
(229, 1094, 229, 'PRESENT', '2014-11-22 20:33:49'),
(230, 996, 230, 'PERMANENT', '2014-11-22 20:35:11'),
(231, 996, 231, 'PRESENT', '2014-11-22 20:35:22'),
(232, 980, 232, 'PERMANENT', '2014-11-22 20:36:50'),
(233, 980, 233, 'PRESENT', '2014-11-22 20:37:01'),
(234, 995, 234, 'PERMANENT', '2014-11-22 20:38:38'),
(235, 995, 235, 'PRESENT', '2014-11-22 20:38:50'),
(236, 997, 236, 'PERMANENT', '2014-11-22 20:40:56'),
(237, 997, 237, 'PRESENT', '2014-11-22 20:41:10'),
(238, 998, 238, 'PERMANENT', '2014-11-22 20:42:39'),
(239, 998, 239, 'PRESENT', '2014-11-22 20:42:48'),
(240, 981, 240, 'PERMANENT', '2014-11-22 20:44:22'),
(241, 981, 241, 'PRESENT', '2014-11-22 20:44:33'),
(242, 999, 242, 'PERMANENT', '2014-11-22 20:46:02'),
(243, 999, 243, 'PRESENT', '2014-11-22 20:46:13'),
(244, 1000, 244, 'PERMANENT', '2014-11-22 20:47:37'),
(245, 1000, 245, 'PRESENT', '2014-11-22 20:47:47'),
(246, 1095, 246, 'PERMANENT', '2014-11-22 20:49:03'),
(247, 1095, 247, 'PRESENT', '2014-11-22 20:49:16'),
(248, 1001, 248, 'PERMANENT', '2014-11-22 20:50:57'),
(249, 1001, 249, 'PRESENT', '2014-11-22 20:51:13'),
(250, 1002, 250, 'PERMANENT', '2014-11-22 20:52:52'),
(251, 1002, 251, 'PRESENT', '2014-11-22 20:53:17'),
(252, 1089, 252, 'PERMANENT', '2014-11-22 20:55:07'),
(253, 1089, 253, 'PRESENT', '2014-11-22 20:55:18'),
(254, 1003, 254, 'PERMANENT', '2014-11-22 20:57:00'),
(255, 1003, 255, 'PRESENT', '2014-11-22 20:57:09'),
(256, 1004, 256, 'PERMANENT', '2014-11-22 20:58:53'),
(257, 1004, 257, 'PRESENT', '2014-11-22 20:59:02'),
(258, 1005, 258, 'PERMANENT', '2014-11-22 21:00:49'),
(259, 1005, 259, 'PRESENT', '2014-11-22 21:01:04'),
(260, 1006, 260, 'PERMANENT', '2014-11-22 21:02:21'),
(261, 1006, 261, 'PRESENT', '2014-11-22 21:02:30'),
(262, 1007, 262, 'PERMANENT', '2014-11-22 21:04:00'),
(263, 1007, 263, 'PRESENT', '2014-11-22 21:04:13'),
(264, 1090, 264, 'PERMANENT', '2014-11-22 21:05:46'),
(265, 1090, 265, 'PRESENT', '2014-11-22 21:05:58'),
(266, 986, 266, 'PERMANENT', '2014-11-22 21:08:38'),
(267, 986, 267, 'PRESENT', '2014-11-22 21:08:51'),
(268, 1134, 268, 'PERMANENT', '2014-11-22 21:12:37'),
(269, 1134, 269, 'PRESENT', '2014-11-22 21:12:59'),
(270, 1023, 270, 'PERMANENT', '2014-11-22 21:18:09'),
(271, 1023, 271, 'PRESENT', '2014-11-22 21:18:19'),
(272, 758, 272, 'PERMANENT', '2015-06-18 15:26:40'),
(273, 758, 273, 'PRESENT', '2015-06-24 17:25:12'),
(274, 44, 274, 'PERMANENT', '2015-05-14 14:14:00'),
(275, 49, 275, 'PERMANENT', '2015-06-06 14:03:33'),
(276, 49, 276, 'PRESENT', '2015-06-06 14:03:40'),
(277, 26, 277, 'PERMANENT', '2015-06-06 13:59:56'),
(278, 26, 278, 'PRESENT', '2015-07-08 14:34:59'),
(279, 39, 279, 'PERMANENT', '2015-06-06 16:38:38'),
(280, 39, 280, 'PRESENT', '2015-06-06 16:38:48'),
(281, 64, 281, 'PERMANENT', '2015-06-06 14:26:06'),
(282, 64, 282, 'PRESENT', '2015-06-06 14:26:20'),
(283, 62, 283, 'PERMANENT', '2015-06-10 14:05:41'),
(284, 62, 284, 'PRESENT', '2015-06-10 14:06:11'),
(285, 42, 285, 'PERMANENT', '2014-11-23 15:06:47'),
(286, 42, 286, 'PRESENT', '2014-11-23 15:11:32'),
(287, 27, 287, 'PERMANENT', '2015-06-06 14:42:35'),
(288, 27, 288, 'PRESENT', '2015-06-06 14:43:12'),
(289, 55, 289, 'PERMANENT', '2015-06-09 21:23:47'),
(290, 55, 290, 'PRESENT', '2015-06-09 21:24:20'),
(291, 50, 291, 'PERMANENT', '2015-06-24 17:19:08'),
(292, 50, 292, 'PRESENT', '2015-06-24 17:19:18'),
(293, 51, 293, 'PERMANENT', '2015-06-10 12:50:18'),
(294, 51, 294, 'PRESENT', '2015-06-10 12:50:54'),
(295, 63, 295, 'PERMANENT', '2015-06-09 21:01:13'),
(296, 63, 296, 'PRESENT', '2015-06-09 21:01:43'),
(297, 620, 297, 'PERMANENT', '2015-06-10 15:20:00'),
(298, 620, 298, 'PRESENT', '2015-06-10 15:20:08'),
(299, 47, 299, 'PERMANENT', '2015-06-06 14:21:16'),
(300, 47, 300, 'PRESENT', '2015-06-06 14:21:43'),
(301, 56, 301, 'PERMANENT', '2015-06-06 16:14:40'),
(302, 56, 302, 'PRESENT', '2015-06-06 16:14:46'),
(303, 28, 303, 'PERMANENT', '2015-06-06 14:23:16'),
(304, 52, 304, 'PERMANENT', '2015-05-14 14:00:37'),
(305, 52, 305, 'PRESENT', '2015-05-14 14:01:07'),
(306, 28, 306, 'PRESENT', '2015-06-06 14:23:24'),
(307, 53, 307, 'PERMANENT', '2015-06-18 14:56:00'),
(308, 53, 308, 'PRESENT', '2015-06-18 14:56:31'),
(309, 65, 309, 'PERMANENT', '2015-06-10 15:09:19'),
(310, 65, 310, 'PRESENT', '2015-06-10 15:09:26'),
(311, 29, 311, 'PERMANENT', '2015-07-08 17:28:38'),
(312, 29, 312, 'PRESENT', '2015-07-08 17:26:42'),
(313, 67, 313, 'PERMANENT', '2015-06-10 13:24:16'),
(314, 67, 314, 'PRESENT', '2015-06-10 13:25:08'),
(315, 626, 315, 'PERMANENT', '2015-06-06 14:32:18'),
(316, 626, 316, 'PRESENT', '2015-06-06 14:32:28'),
(317, 31, 317, 'PERMANENT', '2015-06-18 14:30:01'),
(318, 31, 318, 'PRESENT', '2015-05-13 19:17:16'),
(319, 23, 319, 'PERMANENT', '2015-05-14 14:20:20'),
(320, 23, 320, 'PRESENT', '2015-06-18 14:36:01'),
(321, 978, 321, 'PERMANENT', '2014-11-23 15:47:11'),
(322, 978, 322, 'PRESENT', '2014-11-23 15:47:24'),
(323, 24, 323, 'PERMANENT', '2015-07-08 14:42:27'),
(324, 1024, 324, 'PERMANENT', '2014-11-23 15:48:40'),
(325, 24, 325, 'PRESENT', '2015-06-06 14:06:24'),
(326, 1093, 326, 'PERMANENT', '2014-11-23 15:50:24'),
(327, 1093, 327, 'PRESENT', '2014-11-23 15:50:36'),
(328, 1099, 328, 'PERMANENT', '2014-11-23 15:52:29'),
(329, 1099, 329, 'PRESENT', '2014-11-23 15:53:59'),
(330, 21, 330, 'PRESENT', '2015-06-06 17:12:49'),
(331, 1025, 331, 'PERMANENT', '2014-11-23 15:55:21'),
(332, 1025, 332, 'PRESENT', '2014-11-23 15:55:34'),
(333, 1103, 333, 'PERMANENT', '2014-11-23 15:57:09'),
(334, 1103, 334, 'PRESENT', '2014-11-23 15:57:23'),
(335, 1026, 335, 'PERMANENT', '2014-11-23 15:58:51'),
(336, 1026, 336, 'PRESENT', '2014-11-23 15:59:03'),
(337, 1027, 337, 'PERMANENT', '2014-11-23 16:01:05'),
(338, 1027, 338, 'PRESENT', '2014-11-23 16:01:35'),
(339, 1028, 339, 'PERMANENT', '2014-11-23 16:03:34'),
(340, 1028, 340, 'PRESENT', '2014-11-23 16:03:49'),
(341, 1029, 341, 'PERMANENT', '2014-11-23 16:05:26'),
(342, 975, 342, 'PERMANENT', '2014-11-23 16:07:19'),
(343, 975, 343, 'PRESENT', '2014-11-23 16:07:45'),
(344, 1030, 344, 'PERMANENT', '2014-11-23 16:12:56'),
(345, 1022, 345, 'PERMANENT', '2014-11-23 16:15:23'),
(346, 1008, 346, 'PERMANENT', '2014-11-23 16:17:27'),
(347, 1008, 347, 'PRESENT', '2014-11-23 16:17:38'),
(348, 979, 348, 'PERMANENT', '2014-11-23 16:19:19'),
(349, 1009, 349, 'PERMANENT', '2014-11-23 16:21:56'),
(350, 1009, 350, 'PRESENT', '2014-11-23 16:22:09'),
(351, 1011, 351, 'PERMANENT', '2014-11-23 16:23:37'),
(352, 20, 352, 'PERMANENT', '2015-06-06 16:18:09'),
(353, 20, 353, 'PRESENT', '2015-06-06 16:18:20'),
(354, 1012, 354, 'PERMANENT', '2014-11-23 16:25:54'),
(355, 19, 355, 'PERMANENT', '2015-06-06 14:10:45'),
(356, 19, 356, 'PRESENT', '2015-07-08 14:46:17'),
(357, 1092, 357, 'PERMANENT', '2014-11-23 16:27:47'),
(358, 1092, 358, 'PRESENT', '2014-11-23 16:28:01'),
(359, 1013, 359, 'PERMANENT', '2014-11-23 16:29:54'),
(360, 982, 360, 'PERMANENT', '2014-11-23 16:31:39'),
(361, 982, 361, 'PRESENT', '2014-11-23 16:31:53'),
(362, 1014, 362, 'PERMANENT', '2014-11-23 16:33:35'),
(363, 973, 363, 'PERMANENT', '2014-11-23 16:35:09'),
(364, 973, 364, 'PRESENT', '2014-11-23 16:35:30'),
(365, 1015, 365, 'PERMANENT', '2014-11-23 16:37:30'),
(366, 1016, 366, 'PERMANENT', '2014-11-23 16:40:18'),
(367, 1017, 367, 'PERMANENT', '2014-11-23 16:41:49'),
(368, 984, 368, 'PERMANENT', '2014-11-23 16:43:13'),
(369, 984, 369, 'PRESENT', '2014-11-23 16:43:24'),
(370, 1110, 370, 'PERMANENT', '2014-11-23 16:45:08'),
(371, 1110, 371, 'PRESENT', '2014-11-23 16:45:18'),
(372, 1018, 372, 'PERMANENT', '2014-11-23 16:47:16'),
(373, 983, 373, 'PERMANENT', '2014-11-23 16:48:55'),
(374, 983, 374, 'PRESENT', '2014-11-23 16:49:11'),
(375, 1019, 375, 'PERMANENT', '2014-11-23 16:50:44'),
(376, 1020, 376, 'PERMANENT', '2014-11-23 16:52:13'),
(377, 1020, 377, 'PRESENT', '2014-11-23 16:52:24'),
(378, 1088, 378, 'PERMANENT', '2014-11-23 16:54:14'),
(379, 1088, 379, 'PRESENT', '2014-11-23 16:54:31'),
(380, 1086, 380, 'PERMANENT', '2014-11-23 16:56:22'),
(381, 1086, 381, 'PRESENT', '2014-11-23 16:56:43'),
(382, 1010, 382, 'PERMANENT', '2014-11-23 16:57:48'),
(383, 1021, 383, 'PERMANENT', '2014-11-23 16:59:25'),
(384, 1021, 384, 'PRESENT', '2014-11-23 16:59:35'),
(385, 1111, 385, 'PERMANENT', '2014-11-23 17:01:33'),
(386, 1111, 386, 'PRESENT', '2014-11-23 17:01:45'),
(387, 770, 387, 'PERMANENT', '2014-11-23 17:07:06'),
(388, 770, 388, 'PRESENT', '2014-11-23 17:07:19'),
(389, 775, 389, 'PERMANENT', '2014-11-23 17:08:23'),
(390, 775, 390, 'PRESENT', '2014-11-23 17:08:35'),
(391, 771, 391, 'PERMANENT', '2014-11-23 17:09:45'),
(392, 777, 392, 'PERMANENT', '2014-11-23 17:11:33'),
(393, 874, 393, 'PERMANENT', '2014-11-23 17:13:19'),
(394, 874, 394, 'PRESENT', '2014-11-23 17:13:36'),
(395, 773, 395, 'PERMANENT', '2014-11-23 17:14:59'),
(396, 773, 396, 'PRESENT', '2014-11-23 17:15:10'),
(397, 790, 397, 'PERMANENT', '2014-11-23 17:18:19'),
(398, 778, 398, 'PERMANENT', '2014-11-23 17:20:07'),
(399, 875, 399, 'PERMANENT', '2014-11-23 17:35:10'),
(400, 875, 400, 'PRESENT', '2014-11-23 17:35:52'),
(401, 863, 401, 'PERMANENT', '2014-11-23 17:37:39'),
(402, 863, 402, 'PRESENT', '2014-11-23 17:37:57'),
(403, 870, 403, 'PERMANENT', '2014-11-23 17:39:36'),
(404, 870, 404, 'PRESENT', '2014-11-23 17:39:54'),
(405, 789, 405, 'PERMANENT', '2014-11-23 17:41:43'),
(406, 862, 406, 'PERMANENT', '2014-11-23 17:42:56'),
(407, 862, 407, 'PRESENT', '2014-11-23 17:43:06'),
(408, 871, 408, 'PERMANENT', '2014-11-23 17:44:17'),
(409, 871, 409, 'PRESENT', '2014-11-23 17:44:33'),
(410, 866, 410, 'PERMANENT', '2014-11-23 17:46:42'),
(411, 866, 411, 'PRESENT', '2014-11-23 17:46:51'),
(412, 781, 412, 'PERMANENT', '2014-11-23 17:48:59'),
(413, 877, 413, 'PERMANENT', '2014-11-23 17:50:35'),
(414, 877, 414, 'PRESENT', '2014-11-23 17:50:47'),
(417, 867, 417, 'PERMANENT', '2014-11-23 17:57:34'),
(418, 867, 418, 'PRESENT', '2014-11-23 17:57:49'),
(419, 792, 419, 'PERMANENT', '2014-11-23 17:59:22'),
(420, 787, 420, 'PERMANENT', '2014-11-23 18:00:56'),
(421, 784, 421, 'PERMANENT', '2014-11-23 18:02:19'),
(422, 864, 422, 'PERMANENT', '2014-11-23 18:03:44'),
(423, 864, 423, 'PRESENT', '2014-11-23 18:03:59'),
(424, 788, 424, 'PERMANENT', '2014-11-23 18:05:26'),
(425, 774, 425, 'PRESENT', '2014-11-23 18:07:42'),
(426, 791, 426, 'PERMANENT', '2014-11-23 18:09:15'),
(427, 785, 427, 'PERMANENT', '2014-11-23 18:11:22'),
(428, 772, 428, 'PERMANENT', '2014-11-23 18:16:25'),
(429, 780, 429, 'PERMANENT', '2014-11-23 18:18:27'),
(430, 776, 430, 'PERMANENT', '2014-11-23 18:19:55'),
(431, 865, 431, 'PERMANENT', '2014-11-23 18:22:28'),
(432, 865, 432, 'PRESENT', '2014-11-23 18:22:57'),
(433, 860, 433, 'PERMANENT', '2014-11-23 18:24:43'),
(434, 860, 434, 'PRESENT', '2014-11-23 18:25:04'),
(435, 873, 435, 'PERMANENT', '2014-11-23 18:26:59'),
(436, 873, 436, 'PRESENT', '2014-11-23 18:27:10'),
(437, 869, 437, 'PERMANENT', '2014-11-23 18:28:20'),
(438, 869, 438, 'PRESENT', '2014-11-23 18:28:30'),
(439, 782, 439, 'PERMANENT', '2014-11-23 18:29:47'),
(440, 779, 440, 'PERMANENT', '2014-11-23 18:32:01'),
(441, 868, 441, 'PERMANENT', '2014-11-23 18:34:47'),
(442, 868, 442, 'PRESENT', '2014-11-23 18:35:04'),
(443, 872, 443, 'PERMANENT', '2014-11-23 18:39:14'),
(444, 872, 444, 'PRESENT', '2014-11-23 18:39:26'),
(445, 876, 445, 'PERMANENT', '2014-11-23 18:41:25'),
(446, 786, 446, 'PERMANENT', '2014-11-23 18:42:53'),
(447, 476, 447, 'PERMANENT', '2014-11-23 18:44:38'),
(448, 476, 448, 'PRESENT', '2014-11-23 18:44:54'),
(449, 504, 449, 'PERMANENT', '2014-11-23 18:46:02'),
(450, 504, 450, 'PRESENT', '2014-11-23 18:46:11'),
(451, 475, 451, 'PERMANENT', '2014-11-23 18:47:52'),
(452, 475, 452, 'PRESENT', '2014-11-23 18:48:05'),
(453, 93, 453, 'PERMANENT', '2014-11-23 18:49:32'),
(454, 93, 454, 'PRESENT', '2014-11-23 18:49:44'),
(455, 474, 455, 'PERMANENT', '2014-11-23 18:51:58'),
(456, 473, 456, 'PERMANENT', '2014-11-23 18:54:08'),
(457, 473, 457, 'PRESENT', '2014-11-23 18:54:18'),
(458, 639, 458, 'PERMANENT', '2014-11-23 18:55:20'),
(459, 639, 459, 'PRESENT', '2014-11-23 18:55:33'),
(460, 471, 460, 'PERMANENT', '2014-11-23 18:56:51'),
(461, 471, 461, 'PRESENT', '2014-11-23 18:57:01'),
(462, 96, 462, 'PERMANENT', '2014-11-23 18:57:58'),
(463, 99, 463, 'PERMANENT', '2014-11-23 18:59:14'),
(464, 478, 464, 'PERMANENT', '2014-11-23 19:01:20'),
(465, 478, 465, 'PERMANENT', '2014-11-23 19:01:33'),
(466, 477, 466, 'PERMANENT', '2014-11-23 19:03:37'),
(467, 477, 467, 'PRESENT', '2014-11-23 19:03:48'),
(468, 95, 468, 'PERMANENT', '2014-11-23 19:06:37'),
(469, 479, 469, 'PERMANENT', '2014-11-23 19:10:10'),
(470, 479, 470, 'PRESENT', '2014-11-23 19:10:27'),
(471, 468, 471, 'PERMANENT', '2014-11-23 19:12:45'),
(472, 468, 472, 'PRESENT', '2014-11-23 19:12:56'),
(473, 83, 473, 'PERMANENT', '2014-11-23 19:14:14'),
(474, 83, 474, 'PRESENT', '2014-11-23 19:14:23'),
(475, 499, 475, 'PERMANENT', '2014-11-23 19:15:33'),
(476, 499, 476, 'PRESENT', '2014-11-23 19:15:46'),
(477, 85, 477, 'PRESENT', '2014-11-23 19:19:03'),
(478, 503, 478, 'PERMANENT', '2014-11-23 19:20:30'),
(479, 503, 479, 'PRESENT', '2014-11-23 19:20:37'),
(480, 467, 480, 'PERMANENT', '2014-11-23 19:21:49'),
(481, 469, 481, 'PERMANENT', '2014-11-23 19:23:22'),
(482, 469, 482, 'PRESENT', '2014-11-23 19:23:29'),
(483, 470, 483, 'PERMANENT', '2014-11-23 19:25:11'),
(484, 470, 484, 'PRESENT', '2014-11-23 19:25:29'),
(485, 472, 485, 'PERMANENT', '2014-11-23 19:31:14'),
(486, 94, 486, 'PERMANENT', '2014-11-23 19:33:12'),
(487, 500, 487, 'PERMANENT', '2014-11-23 19:34:31'),
(488, 500, 488, 'PRESENT', '2014-11-23 19:34:38'),
(489, 501, 489, 'PERMANENT', '2014-11-23 19:35:35'),
(490, 501, 490, 'PRESENT', '2014-11-23 19:35:46'),
(491, 465, 491, 'PERMANENT', '2014-11-23 19:37:37'),
(492, 465, 492, 'PRESENT', '2014-11-23 19:37:46'),
(493, 481, 493, 'PERMANENT', '2014-11-23 19:38:46'),
(494, 481, 494, 'PRESENT', '2014-11-23 19:38:59'),
(495, 482, 495, 'PERMANENT', '2014-11-23 19:40:22'),
(496, 482, 496, 'PRESENT', '2014-11-23 19:40:31'),
(497, 502, 497, 'PERMANENT', '2014-11-23 19:41:34'),
(498, 502, 498, 'PRESENT', '2014-11-23 19:41:44'),
(499, 483, 499, 'PERMANENT', '2014-11-23 19:42:54'),
(500, 483, 500, 'PRESENT', '2014-11-23 19:43:04'),
(501, 484, 501, 'PERMANENT', '2014-11-23 19:44:23'),
(502, 484, 502, 'PRESENT', '2014-11-23 19:44:41'),
(503, 486, 503, 'PERMANENT', '2014-11-23 19:46:45'),
(504, 486, 504, 'PRESENT', '2014-11-23 19:46:55'),
(505, 98, 505, 'PERMANENT', '2014-11-23 19:48:18'),
(506, 98, 506, 'PRESENT', '2014-11-23 19:48:55'),
(509, 485, 509, 'PERMANENT', '2014-11-23 19:52:09'),
(510, 485, 510, 'PRESENT', '2014-11-23 19:52:18'),
(511, 487, 511, 'PERMANENT', '2014-11-23 19:53:53'),
(512, 487, 512, 'PRESENT', '2014-11-23 19:54:38'),
(513, 480, 513, 'PERMANENT', '2014-11-23 19:55:47'),
(514, 480, 514, 'PRESENT', '2014-11-23 19:56:00'),
(515, 71, 515, 'PERMANENT', '2014-11-23 19:57:51'),
(516, 71, 516, 'PRESENT', '2014-11-23 19:57:59'),
(517, 638, 517, 'PERMANENT', '2014-11-23 20:00:00'),
(518, 638, 518, 'PRESENT', '2014-11-23 20:00:20'),
(519, 75, 519, 'PERMANENT', '2014-11-23 20:01:51'),
(520, 75, 520, 'PRESENT', '2014-11-23 20:02:04'),
(521, 80, 521, 'PERMANENT', '2014-11-23 20:03:36'),
(522, 80, 522, 'PRESENT', '2014-11-23 20:03:59'),
(523, 76, 523, 'PERMANENT', '2014-11-23 20:05:15'),
(524, 76, 524, 'PRESENT', '2014-11-23 20:05:24'),
(525, 511, 525, 'PERMANENT', '2014-11-23 20:06:29'),
(526, 511, 526, 'PRESENT', '2014-11-23 20:06:36'),
(527, 69, 527, 'PERMANENT', '2014-11-23 20:07:39'),
(528, 69, 528, 'PRESENT', '2014-11-23 20:07:48'),
(529, 70, 529, 'PERMANENT', '2014-11-23 20:09:02'),
(530, 70, 530, 'PRESENT', '2014-11-23 20:09:12'),
(531, 72, 531, 'PERMANENT', '2014-11-23 20:10:03'),
(532, 72, 532, 'PRESENT', '2014-11-23 20:10:11'),
(533, 77, 533, 'PERMANENT', '2014-11-23 20:11:21'),
(534, 77, 534, 'PRESENT', '2014-11-23 20:11:33'),
(535, 78, 535, 'PERMANENT', '2014-11-23 20:12:46'),
(536, 78, 536, 'PRESENT', '2014-11-23 20:12:55'),
(537, 89, 537, 'PERMANENT', '2014-11-23 20:14:04'),
(538, 82, 538, 'PERMANENT', '2014-11-23 20:15:34'),
(539, 82, 539, 'PRESENT', '2014-11-23 20:15:46'),
(540, 68, 540, 'PERMANENT', '2014-11-23 20:17:09'),
(541, 68, 541, 'PRESENT', '2014-11-23 20:17:19'),
(542, 496, 542, 'PERMANENT', '2014-11-23 20:18:58'),
(543, 496, 543, 'PRESENT', '2014-11-23 20:19:06'),
(544, 73, 544, 'PERMANENT', '2014-11-23 20:22:25'),
(545, 73, 545, 'PRESENT', '2014-11-23 20:22:32'),
(546, 88, 546, 'PERMANENT', '2014-11-23 20:24:04'),
(547, 92, 547, 'PERMANENT', '2014-11-23 20:25:44'),
(548, 87, 548, 'PERMANENT', '2014-11-23 20:27:18'),
(549, 87, 549, 'PRESENT', '2014-11-23 20:27:31'),
(550, 81, 550, 'PERMANENT', '2014-11-23 20:29:05'),
(551, 81, 551, 'PRESENT', '2014-11-23 20:29:17'),
(552, 642, 552, 'PERMANENT', '2014-11-23 20:31:00'),
(553, 642, 553, 'PRESENT', '2014-11-23 20:31:27'),
(554, 86, 554, 'PERMANENT', '2014-11-23 20:33:12'),
(555, 86, 555, 'PRESENT', '2014-11-23 20:33:23'),
(556, 493, 556, 'PERMANENT', '2014-11-23 20:34:48'),
(557, 494, 557, 'PERMANENT', '2014-11-23 20:36:17'),
(558, 494, 558, 'PRESENT', '2014-11-23 20:36:28'),
(559, 489, 559, 'PERMANENT', '2014-11-23 20:38:11'),
(560, 489, 560, 'PRESENT', '2014-11-23 20:38:29'),
(561, 90, 561, 'PERMANENT', '2014-11-23 21:04:38'),
(562, 91, 562, 'PERMANENT', '2014-11-23 21:05:56'),
(563, 644, 563, 'PERMANENT', '2014-11-23 21:09:15'),
(564, 644, 564, 'PRESENT', '2014-11-23 21:09:23'),
(565, 74, 565, 'PERMANENT', '2014-11-23 21:10:37'),
(566, 74, 566, 'PRESENT', '2014-11-23 21:10:47'),
(567, 84, 567, 'PERMANENT', '2014-11-23 21:11:51'),
(568, 84, 568, 'PRESENT', '2014-11-23 21:12:09'),
(569, 495, 569, 'PERMANENT', '2014-11-23 21:13:04'),
(570, 495, 570, 'PRESENT', '2014-11-23 21:13:14'),
(571, 79, 571, 'PERMANENT', '2014-11-23 21:14:29'),
(572, 79, 572, 'PRESENT', '2014-11-23 21:14:39'),
(573, 491, 573, 'PERMANENT', '2014-11-23 21:16:35'),
(574, 491, 574, 'PRESENT', '2014-11-23 21:16:56'),
(575, 492, 575, 'PERMANENT', '2014-11-23 21:18:37'),
(576, 492, 576, 'PRESENT', '2014-11-23 21:18:51'),
(577, 490, 577, 'PERMANENT', '2014-11-23 21:19:53'),
(578, 490, 578, 'PRESENT', '2014-11-23 21:20:04'),
(579, 97, 579, 'PERMANENT', '2014-11-23 21:21:30'),
(580, 488, 580, 'PERMANENT', '2014-11-23 21:22:55'),
(581, 488, 581, 'PRESENT', '2014-11-23 21:23:05'),
(582, 816, 582, 'PERMANENT', '2014-11-23 21:26:02'),
(583, 801, 583, 'PERMANENT', '2014-11-23 21:27:58'),
(584, 879, 584, 'PERMANENT', '2014-11-23 21:29:51'),
(585, 879, 585, 'PRESENT', '2014-11-23 21:30:00'),
(586, 809, 586, 'PERMANENT', '2014-11-23 21:31:31'),
(587, 818, 587, 'PERMANENT', '2014-11-23 21:33:02'),
(588, 807, 588, 'PERMANENT', '2014-11-23 21:34:30'),
(589, 813, 589, 'PERMANENT', '2014-11-23 21:35:51'),
(590, 803, 590, 'PERMANENT', '2014-11-23 21:37:02'),
(591, 822, 591, 'PERMANENT', '2014-11-23 21:38:16'),
(592, 822, 592, 'PRESENT', '2014-11-23 21:38:28'),
(593, 812, 593, 'PERMANENT', '2014-11-23 21:39:31'),
(594, 804, 594, 'PERMANENT', '2014-11-23 21:40:45'),
(595, 917, 595, 'PERMANENT', '2014-11-23 21:41:48'),
(596, 917, 596, 'PRESENT', '2014-11-23 21:41:56'),
(597, 795, 597, 'PERMANENT', '2014-11-23 21:42:54'),
(598, 795, 598, 'PRESENT', '2014-11-23 21:43:08'),
(599, 797, 599, 'PERMANENT', '2014-11-23 21:44:15'),
(600, 814, 600, 'PERMANENT', '2014-11-23 21:45:43'),
(601, 796, 601, 'PERMANENT', '2014-11-23 21:46:42'),
(602, 796, 602, 'PRESENT', '2014-11-23 21:46:52'),
(603, 798, 603, 'PERMANENT', '2014-11-23 21:47:54'),
(604, 798, 604, 'PRESENT', '2014-11-23 21:48:04'),
(605, 810, 605, 'PERMANENT', '2014-11-23 21:49:26'),
(606, 853, 606, 'PERMANENT', '2014-11-23 21:51:03'),
(607, 853, 607, 'PRESENT', '2014-11-23 21:51:15'),
(608, 824, 608, 'PERMANENT', '2014-11-23 21:52:54'),
(609, 824, 609, 'PRESENT', '2014-11-23 21:53:05'),
(610, 823, 610, 'PERMANENT', '2014-11-23 21:54:29'),
(611, 805, 611, 'PERMANENT', '2014-11-23 21:55:58'),
(612, 794, 612, 'PERMANENT', '2014-11-23 21:57:09'),
(613, 794, 613, 'PRESENT', '2014-11-23 21:57:19'),
(614, 920, 614, 'PERMANENT', '2014-11-23 21:58:24'),
(615, 920, 615, 'PRESENT', '2014-11-23 21:58:34'),
(616, 815, 616, 'PERMANENT', '2014-11-23 21:59:57'),
(617, 921, 617, 'PERMANENT', '2014-11-23 22:01:33'),
(618, 921, 618, 'PRESENT', '2014-11-23 22:01:45'),
(619, 799, 619, 'PERMANENT', '2014-11-23 22:04:29'),
(620, 923, 620, 'PERMANENT', '2014-11-23 22:06:21'),
(621, 923, 621, 'PRESENT', '2014-11-23 22:06:42'),
(622, 802, 622, 'PERMANENT', '2014-11-23 22:07:59'),
(623, 811, 623, 'PERMANENT', '2014-11-23 22:09:51'),
(624, 793, 624, 'PERMANENT', '2014-11-23 22:11:35'),
(625, 859, 625, 'PERMANENT', '2014-11-23 22:13:10'),
(626, 859, 626, 'PRESENT', '2014-11-23 22:13:23'),
(627, 817, 627, 'PERMANENT', '2014-11-23 22:17:13'),
(628, 924, 628, 'PERMANENT', '2014-11-23 22:18:32'),
(629, 924, 629, 'PRESENT', '2014-11-23 22:18:43'),
(630, 808, 630, 'PERMANENT', '2014-11-23 22:20:07'),
(631, 925, 631, 'PERMANENT', '2014-11-23 22:21:52'),
(632, 820, 632, 'PERMANENT', '2014-11-23 22:23:05'),
(633, 820, 633, 'PRESENT', '2014-11-23 22:23:18'),
(634, 819, 634, 'PERMANENT', '2014-11-23 22:25:05'),
(635, 1123, 635, 'PERMANENT', '2014-11-23 22:27:37'),
(636, 1123, 636, 'PRESENT', '2014-11-23 22:27:53'),
(637, 121, 637, 'PERMANENT', '2014-11-23 22:30:01'),
(638, 121, 638, 'PRESENT', '2014-11-23 22:30:14'),
(639, 104, 639, 'PERMANENT', '2014-11-23 22:31:18'),
(640, 104, 640, 'PRESENT', '2014-11-23 22:31:27'),
(641, 111, 641, 'PERMANENT', '2014-11-23 22:32:31'),
(642, 111, 642, 'PRESENT', '2014-11-23 22:32:39'),
(643, 113, 643, 'PERMANENT', '2014-11-23 22:33:38'),
(644, 113, 644, 'PRESENT', '2014-11-23 22:33:49'),
(645, 513, 645, 'PERMANENT', '2014-11-23 22:34:47'),
(646, 513, 646, 'PRESENT', '2014-11-23 22:34:58'),
(647, 123, 647, 'PERMANENT', '2014-11-23 22:36:12'),
(648, 123, 648, 'PRESENT', '2014-11-23 22:36:21'),
(649, 646, 649, 'PERMANENT', '2014-11-23 22:37:18'),
(650, 646, 650, 'PRESENT', '2014-11-23 22:37:27'),
(651, 105, 651, 'PERMANENT', '2014-11-23 22:38:23'),
(652, 105, 652, 'PRESENT', '2014-11-23 22:38:36'),
(653, 140, 653, 'PERMANENT', '2014-11-23 22:40:18'),
(654, 140, 654, 'PRESENT', '2014-11-23 22:40:27'),
(655, 128, 655, 'PERMANENT', '2014-11-23 22:41:46'),
(656, 120, 656, 'PERMANENT', '2014-11-23 22:43:15'),
(657, 120, 657, 'PRESENT', '2014-11-23 22:43:33'),
(658, 122, 658, 'PERMANENT', '2014-11-23 22:48:10'),
(659, 122, 659, 'PRESENT', '2014-11-23 22:48:22'),
(660, 125, 660, 'PERMANENT', '2014-11-23 22:49:22'),
(661, 125, 661, 'PRESENT', '2014-11-23 22:49:33'),
(662, 129, 662, 'PERMANENT', '2014-11-23 22:50:46'),
(663, 127, 663, 'PERMANENT', '2014-11-23 22:53:02'),
(664, 127, 664, 'PERMANENT', '2014-11-23 22:53:45'),
(665, 108, 665, 'PERMANENT', '2014-11-23 22:55:34'),
(666, 108, 666, 'PRESENT', '2014-11-23 22:55:50'),
(667, 103, 667, 'PERMANENT', '2014-11-23 22:56:49'),
(668, 103, 668, 'PRESENT', '2014-11-23 22:57:02'),
(669, 124, 669, 'PERMANENT', '2014-11-23 22:58:33'),
(670, 124, 670, 'PRESENT', '2014-11-23 22:58:41'),
(671, 107, 671, 'PERMANENT', '2014-11-23 23:00:13'),
(672, 107, 672, 'PRESENT', '2014-11-23 23:00:24'),
(673, 117, 673, 'PERMANENT', '2014-11-23 23:02:20'),
(674, 117, 674, 'PRESENT', '2014-11-23 23:02:31'),
(675, 463, 675, 'PERMANENT', '2014-11-23 23:03:53'),
(676, 463, 676, 'PRESENT', '2014-11-23 23:04:02'),
(677, 115, 677, 'PERMANENT', '2014-11-23 23:05:35'),
(678, 115, 678, 'PRESENT', '2014-11-23 23:05:46'),
(679, 126, 679, 'PERMANENT', '2014-11-23 23:07:06'),
(680, 126, 680, 'PRESENT', '2014-11-23 23:07:22'),
(681, 518, 681, 'PERMANENT', '2014-11-23 23:08:29'),
(682, 518, 682, 'PRESENT', '2014-11-23 23:08:41'),
(683, 666, 683, 'PERMANENT', '2014-11-23 23:09:44'),
(684, 666, 684, 'PRESENT', '2014-11-23 23:09:55'),
(685, 130, 685, 'PERMANENT', '2014-11-23 23:11:17'),
(686, 130, 686, 'PRESENT', '2014-11-23 23:11:26'),
(687, 118, 687, 'PERMANENT', '2014-11-23 23:12:23'),
(688, 118, 688, 'PRESENT', '2014-11-23 23:12:34'),
(689, 636, 689, 'PERMANENT', '2014-11-23 23:13:39'),
(690, 636, 690, 'PRESENT', '2014-11-23 23:13:50'),
(691, 135, 691, 'PERMANENT', '2014-11-23 23:14:52'),
(692, 116, 692, 'PERMANENT', '2014-11-23 23:16:16'),
(693, 116, 693, 'PRESENT', '2014-11-23 23:16:26'),
(694, 672, 694, 'PERMANENT', '2014-11-23 23:18:00'),
(695, 672, 695, 'PRESENT', '2014-11-23 23:18:11'),
(696, 706, 696, 'PERMANENT', '2014-11-23 23:20:20'),
(697, 706, 697, 'PRESENT', '2014-11-23 23:20:31'),
(698, 114, 698, 'PERMANENT', '2014-11-23 23:24:21'),
(699, 114, 699, 'PRESENT', '2014-11-23 23:24:33'),
(700, 119, 700, 'PERMANENT', '2014-11-23 23:25:45'),
(701, 119, 701, 'PRESENT', '2014-11-23 23:25:56'),
(702, 112, 702, 'PERMANENT', '2014-11-23 23:27:20'),
(703, 112, 703, 'PRESENT', '2014-11-23 23:27:30'),
(704, 517, 704, 'PERMANENT', '2014-11-23 23:28:24'),
(705, 517, 705, 'PRESENT', '2014-11-23 23:28:36'),
(706, 514, 706, 'PERMANENT', '2014-11-23 23:29:57'),
(707, 514, 707, 'PRESENT', '2014-11-23 23:30:08'),
(708, 110, 708, 'PERMANENT', '2014-11-23 23:31:27'),
(709, 110, 709, 'PRESENT', '2014-11-23 23:31:37'),
(710, 133, 710, 'PERMANENT', '2014-11-23 23:32:46'),
(711, 133, 711, 'PRESENT', '2014-11-23 23:32:57'),
(712, 132, 712, 'PERMANENT', '2014-11-23 23:34:13'),
(713, 506, 713, 'PERMANENT', '2014-11-23 23:35:38'),
(714, 506, 714, 'PRESENT', '2014-11-23 23:35:48'),
(715, 641, 715, 'PERMANENT', '2014-11-23 23:36:56'),
(716, 641, 716, 'PRESENT', '2014-11-23 23:37:06'),
(717, 136, 717, 'PERMANENT', '2014-11-23 23:38:06'),
(718, 136, 718, 'PRESENT', '2014-11-23 23:38:19'),
(719, 139, 719, 'PERMANENT', '2014-11-23 23:39:48'),
(720, 516, 720, 'PERMANENT', '2014-11-23 23:41:39'),
(721, 516, 721, 'PRESENT', '2014-11-23 23:41:50'),
(722, 643, 722, 'PERMANENT', '2014-11-23 23:42:57'),
(723, 643, 723, 'PRESENT', '2014-11-23 23:43:05'),
(724, 645, 724, 'PERMANENT', '2014-11-23 23:44:02'),
(725, 645, 725, 'PRESENT', '2014-11-23 23:44:09'),
(726, 647, 726, 'PERMANENT', '2014-11-23 23:45:57'),
(727, 647, 727, 'PRESENT', '2014-11-23 23:46:15'),
(728, 648, 728, 'PERMANENT', '2014-11-23 23:47:40'),
(729, 655, 729, 'PERMANENT', '2014-11-23 23:49:18'),
(730, 102, 730, 'PERMANENT', '2014-11-23 23:51:39'),
(731, 102, 731, 'PRESENT', '2014-11-23 23:51:55'),
(732, 656, 732, 'PERMANENT', '2014-11-23 23:53:05'),
(733, 656, 733, 'PRESENT', '2014-11-23 23:53:19'),
(734, 659, 734, 'PERMANENT', '2014-11-23 23:55:45'),
(735, 659, 735, 'PRESENT', '2014-11-23 23:56:06'),
(736, 101, 736, 'PERMANENT', '2014-11-23 23:57:59'),
(737, 660, 737, 'PERMANENT', '2014-11-23 23:59:04'),
(738, 660, 738, 'PRESENT', '2014-11-23 23:59:16'),
(739, 661, 739, 'PERMANENT', '2014-11-24 00:00:35'),
(740, 661, 740, 'PRESENT', '2014-11-24 00:01:00'),
(741, 662, 741, 'PERMANENT', '2014-11-24 00:03:12'),
(742, 662, 742, 'PRESENT', '2014-11-24 00:03:26'),
(743, 131, 743, 'PERMANENT', '2014-11-24 00:04:49'),
(744, 131, 744, 'PRESENT', '2014-11-24 00:04:57'),
(745, 663, 745, 'PERMANENT', '2015-06-06 13:34:30'),
(746, 663, 746, 'PRESENT', '2015-06-06 13:34:37'),
(747, 510, 747, 'PERMANENT', '2014-11-24 00:08:40'),
(748, 510, 748, 'PRESENT', '2014-11-24 00:08:55'),
(749, 665, 749, 'PERMANENT', '2014-11-24 00:12:14'),
(750, 665, 750, 'PRESENT', '2014-11-24 00:12:25'),
(751, 698, 751, 'PERMANENT', '2014-11-24 00:15:12'),
(752, 698, 752, 'PRESENT', '2014-11-24 00:15:23'),
(753, 507, 753, 'PERMANENT', '2014-11-24 00:17:24'),
(754, 507, 754, 'PRESENT', '2014-11-24 00:17:39'),
(755, 134, 755, 'PERMANENT', '2014-11-24 00:19:11'),
(756, 134, 756, 'PRESENT', '2014-11-24 00:19:23'),
(757, 137, 757, 'PERMANENT', '2014-11-24 00:21:56'),
(758, 667, 758, 'PERMANENT', '2014-11-24 00:25:09'),
(759, 667, 759, 'PRESENT', '2014-11-24 00:25:44'),
(760, 668, 760, 'PERMANENT', '2014-11-24 00:28:42'),
(761, 668, 761, 'PRESENT', '2014-11-24 00:29:00'),
(762, 669, 762, 'PERMANENT', '2014-11-24 00:30:33'),
(763, 669, 763, 'PRESENT', '2014-11-24 00:30:45'),
(764, 670, 764, 'PERMANENT', '2014-11-24 00:32:13'),
(765, 671, 765, 'PERMANENT', '2014-11-24 00:45:06'),
(766, 671, 766, 'PRESENT', '2014-11-24 00:45:28'),
(767, 509, 767, 'PERMANENT', '2014-11-24 00:47:36'),
(768, 509, 768, 'PRESENT', '2014-11-24 00:47:51'),
(769, 138, 769, 'PERMANENT', '2014-11-24 00:50:39'),
(770, 508, 770, 'PERMANENT', '2014-11-24 00:52:34'),
(771, 508, 771, 'PRESENT', '2014-11-24 00:52:49'),
(772, 673, 772, 'PERMANENT', '2014-11-24 00:54:49'),
(773, 673, 773, 'PRESENT', '2014-11-24 00:55:05'),
(774, 674, 774, 'PERMANENT', '2014-11-24 00:56:27'),
(775, 674, 775, 'PRESENT', '2014-11-24 00:56:44'),
(776, 100, 776, 'PERMANENT', '2014-11-24 00:59:46'),
(777, 100, 777, 'PRESENT', '2014-11-24 01:00:12'),
(778, 505, 778, 'PERMANENT', '2014-11-24 01:02:02'),
(779, 505, 779, 'PRESENT', '2014-11-24 01:02:17'),
(780, 675, 780, 'PERMANENT', '2014-11-24 01:03:50'),
(781, 675, 781, 'PRESENT', '2014-11-24 01:04:07'),
(782, 884, 782, 'PERMANENT', '2014-11-24 01:09:39'),
(783, 884, 783, 'PRESENT', '2014-11-24 01:09:53'),
(784, 883, 784, 'PERMANENT', '2014-11-24 01:11:20'),
(785, 828, 785, 'PERMANENT', '2014-11-24 01:13:13'),
(786, 828, 786, 'PRESENT', '2014-11-24 01:13:27'),
(787, 829, 787, 'PERMANENT', '2014-11-24 01:14:39'),
(788, 829, 788, 'PRESENT', '2014-11-24 01:14:54'),
(789, 831, 789, 'PERMANENT', '2014-11-24 01:16:35'),
(790, 831, 790, 'PRESENT', '2014-11-24 01:16:51'),
(791, 830, 791, 'PERMANENT', '2014-11-24 01:18:22'),
(792, 830, 792, 'PRESENT', '2014-11-24 01:18:37'),
(793, 918, 793, 'PERMANENT', '2014-11-24 01:19:55'),
(794, 919, 794, 'PERMANENT', '2014-11-24 01:21:31'),
(795, 826, 795, 'PERMANENT', '2014-11-24 01:22:54'),
(796, 826, 796, 'PRESENT', '2014-11-24 01:23:08'),
(797, 832, 797, 'PERMANENT', '2014-11-24 01:24:27'),
(798, 832, 798, 'PRESENT', '2014-11-24 01:24:44'),
(799, 886, 799, 'PERMANENT', '2014-11-24 01:26:50'),
(800, 886, 800, 'PRESENT', '2014-11-24 01:27:07'),
(801, 881, 801, 'PERMANENT', '2014-11-24 01:28:50'),
(802, 881, 802, 'PRESENT', '2014-11-24 01:29:03'),
(803, 882, 803, 'PERMANENT', '2014-11-24 01:30:27'),
(804, 882, 804, 'PRESENT', '2014-11-24 01:30:50'),
(805, 834, 805, 'PERMANENT', '2014-11-24 01:33:30'),
(806, 834, 806, 'PRESENT', '2014-11-24 01:33:44'),
(807, 835, 807, 'PERMANENT', '2014-11-24 01:35:33'),
(808, 835, 808, 'PRESENT', '2014-11-24 01:35:43'),
(809, 927, 809, 'PERMANENT', '2014-11-24 01:37:22'),
(810, 836, 810, 'PERMANENT', '2014-11-24 01:39:04'),
(811, 836, 811, 'PRESENT', '2014-11-24 01:39:15'),
(812, 837, 812, 'PERMANENT', '2014-11-24 01:40:40'),
(813, 837, 813, 'PRESENT', '2014-11-24 01:40:55'),
(814, 838, 814, 'PERMANENT', '2014-11-24 01:42:37'),
(815, 838, 815, 'PRESENT', '2014-11-24 01:42:48'),
(816, 885, 816, 'PERMANENT', '2014-11-24 01:44:26'),
(817, 885, 817, 'PRESENT', '2014-11-24 01:44:38'),
(818, 827, 818, 'PERMANENT', '2014-11-24 01:46:47'),
(819, 827, 819, 'PRESENT', '2014-11-24 01:47:02'),
(820, 841, 820, 'PERMANENT', '2014-11-24 01:49:30'),
(821, 841, 821, 'PRESENT', '2014-11-24 01:49:42'),
(822, 825, 822, 'PERMANENT', '2014-11-24 01:51:36'),
(823, 825, 823, 'PRESENT', '2014-11-24 01:51:49'),
(824, 839, 824, 'PERMANENT', '2014-11-24 01:53:28'),
(825, 839, 825, 'PRESENT', '2014-11-24 01:53:39'),
(826, 887, 826, 'PERMANENT', '2014-11-24 01:55:22'),
(827, 887, 827, 'PRESENT', '2014-11-24 01:55:43'),
(828, 930, 828, 'PERMANENT', '2014-11-24 02:02:37'),
(829, 930, 829, 'PRESENT', '2014-11-24 02:02:55'),
(830, 880, 830, 'PERMANENT', '2014-11-24 02:04:43'),
(831, 880, 831, 'PRESENT', '2014-11-24 02:04:56'),
(832, 842, 832, 'PERMANENT', '2014-11-24 02:06:29'),
(833, 842, 833, 'PRESENT', '2014-11-24 02:06:45'),
(834, 889, 834, 'PERMANENT', '2014-11-24 02:10:19'),
(835, 889, 835, 'PRESENT', '2014-11-24 02:10:34'),
(836, 179, 836, 'PERMANENT', '2014-11-24 02:14:04'),
(837, 179, 837, 'PRESENT', '2014-11-24 02:14:15'),
(838, 536, 838, 'PERMANENT', '2014-11-24 02:17:05'),
(839, 536, 839, 'PRESENT', '2014-11-24 02:17:39'),
(840, 1142, 840, 'PERMANENT', '2014-11-24 02:21:28'),
(841, 1142, 841, 'PRESENT', '2014-11-24 02:21:56'),
(842, 184, 842, 'PERMANENT', '2014-11-24 02:29:23'),
(843, 184, 843, 'PRESENT', '2014-11-24 02:29:38'),
(844, 712, 844, 'PERMANENT', '2014-11-24 02:31:36'),
(845, 712, 845, 'PRESENT', '2014-11-24 02:31:45'),
(846, 205, 846, 'PERMANENT', '2014-11-24 02:35:32'),
(847, 189, 847, 'PERMANENT', '2014-11-24 02:37:35'),
(848, 189, 848, 'PRESENT', '2014-11-24 02:38:04'),
(849, 497, 849, 'PERMANENT', '2014-11-24 02:40:07'),
(850, 497, 850, 'PRESENT', '2014-11-24 02:40:15'),
(851, 713, 851, 'PERMANENT', '2014-11-24 02:43:01'),
(852, 713, 852, 'PRESENT', '2014-11-24 02:43:29'),
(853, 192, 853, 'PERMANENT', '2014-11-24 02:47:06'),
(854, 192, 854, 'PRESENT', '2014-11-24 02:47:16'),
(855, 215, 855, 'PERMANENT', '2014-11-24 02:49:51'),
(856, 215, 856, 'PRESENT', '2014-11-24 02:50:00'),
(857, 213, 857, 'PERMANENT', '2014-11-24 02:51:57'),
(858, 213, 858, 'PRESENT', '2014-11-24 02:52:12'),
(859, 716, 859, 'PERMANENT', '2014-11-24 02:54:38'),
(860, 716, 860, 'PRESENT', '2014-11-24 02:54:50'),
(861, 209, 861, 'PERMANENT', '2014-11-24 02:56:58'),
(862, 209, 862, 'PRESENT', '2014-11-24 02:57:08'),
(863, 210, 863, 'PERMANENT', '2014-11-24 02:59:29'),
(864, 172, 864, 'PERMANENT', '2014-11-24 03:01:27'),
(865, 172, 865, 'PRESENT', '2014-11-24 03:01:39'),
(866, 532, 866, 'PERMANENT', '2014-11-24 03:03:25'),
(867, 532, 867, 'PRESENT', '2014-11-24 03:03:40'),
(868, 533, 868, 'PERMANENT', '2014-11-24 03:07:19'),
(869, 533, 869, 'PRESENT', '2014-11-24 03:07:30'),
(870, 207, 870, 'PERMANENT', '2014-11-24 03:09:05'),
(871, 207, 871, 'PRESENT', '2014-11-24 03:09:16'),
(872, 201, 872, 'PERMANENT', '2014-11-24 03:10:34'),
(873, 201, 873, 'PRESENT', '2014-11-24 03:10:47'),
(874, 211, 874, 'PERMANENT', '2014-11-24 03:12:32'),
(875, 211, 875, 'PRESENT', '2014-11-24 03:12:40'),
(876, 718, 876, 'PERMANENT', '2014-11-24 03:14:47'),
(877, 718, 877, 'PRESENT', '2014-11-24 03:14:57'),
(878, 719, 878, 'PERMANENT', '2014-11-24 03:16:49'),
(879, 719, 879, 'PRESENT', '2014-11-24 03:17:02'),
(880, 170, 880, 'PERMANENT', '2014-11-24 03:18:45'),
(881, 537, 881, 'PERMANENT', '2014-11-24 03:20:12'),
(882, 537, 882, 'PRESENT', '2014-11-24 03:20:29'),
(883, 531, 883, 'PERMANENT', '2014-11-24 03:22:29'),
(884, 531, 884, 'PRESENT', '2014-11-24 03:22:47'),
(885, 498, 885, 'PERMANENT', '2014-11-24 03:24:07'),
(886, 498, 886, 'PRESENT', '2014-11-24 03:24:15'),
(887, 214, 887, 'PERMANENT', '2014-11-24 03:25:50'),
(888, 214, 888, 'PRESENT', '2014-11-24 03:26:04'),
(889, 214, 889, 'PRESENT', '2014-11-24 03:26:16'),
(890, 187, 890, 'PERMANENT', '2014-11-24 03:28:22'),
(891, 187, 891, 'PRESENT', '2014-11-24 03:28:38'),
(892, 175, 892, 'PERMANENT', '2014-11-24 03:30:20'),
(893, 175, 893, 'PRESENT', '2014-11-24 03:30:29'),
(894, 1384, 894, 'PERMANENT', '2015-01-26 17:23:56'),
(895, 1382, 895, 'PERMANENT', '2015-01-26 17:31:37'),
(896, 1382, 896, 'PRESENT', '2015-01-26 17:32:06'),
(899, 1380, 899, 'PERMANENT', '2015-01-26 17:57:57'),
(900, 1380, 900, 'PRESENT', '2015-01-26 17:58:20'),
(901, 1381, 901, 'PERMANENT', '2015-01-26 18:01:34'),
(902, 1381, 902, 'PRESENT', '2015-01-26 18:01:48'),
(905, 1208, 905, 'PRESENT', '2015-06-14 14:07:21'),
(906, 1208, 906, 'PERMANENT', '2015-04-30 18:36:04'),
(907, 1162, 907, 'PERMANENT', '2015-02-07 16:18:27'),
(908, 1162, 908, 'PRESENT', '2015-04-09 16:09:02'),
(909, 1157, 909, 'PERMANENT', '2015-04-09 15:53:36'),
(910, 1157, 910, 'PRESENT', '2015-04-09 15:54:43'),
(911, 1161, 911, 'PERMANENT', '2015-04-09 16:03:23'),
(912, 1161, 912, 'PRESENT', '2015-04-09 16:04:32'),
(913, 1163, 913, 'PERMANENT', '2015-02-07 20:13:34'),
(914, 1163, 914, 'PRESENT', '2015-04-09 16:41:39'),
(915, 1166, 915, 'PERMANENT', '2015-04-09 16:51:31'),
(916, 1166, 916, 'PRESENT', '2015-04-09 16:52:00'),
(917, 1167, 917, 'PERMANENT', '2015-04-28 18:55:52'),
(918, 1167, 918, 'PRESENT', '2015-04-28 18:56:00'),
(919, 1169, 919, 'PERMANENT', '2015-04-09 16:54:42'),
(920, 1169, 920, 'PRESENT', '2015-04-09 16:54:52'),
(921, 1171, 921, 'PERMANENT', '2015-04-09 16:57:30'),
(922, 1171, 922, 'PRESENT', '2015-04-09 16:57:45'),
(923, 1283, 923, 'PERMANENT', '2015-02-07 21:21:08'),
(924, 1283, 924, 'PRESENT', '2015-02-07 21:21:26'),
(925, 1284, 925, 'PERMANENT', '2015-02-07 21:23:22'),
(926, 1284, 926, 'PRESENT', '2015-02-07 21:48:54'),
(927, 1285, 927, 'PERMANENT', '2015-02-08 18:36:20'),
(928, 1285, 928, 'PRESENT', '2015-02-08 18:36:29'),
(929, 1287, 929, 'PERMANENT', '2015-02-08 18:39:27'),
(930, 1287, 930, 'PRESENT', '2015-02-08 18:39:38'),
(931, 1288, 931, 'PERMANENT', '2015-02-08 18:42:50'),
(932, 1288, 932, 'PRESENT', '2015-02-08 18:43:13'),
(933, 1291, 933, 'PERMANENT', '2015-02-08 18:44:52'),
(934, 1291, 934, 'PRESENT', '2015-02-08 18:45:00'),
(935, 1290, 935, 'PERMANENT', '2015-02-08 18:46:58'),
(936, 1290, 936, 'PRESENT', '2015-02-08 18:47:14'),
(937, 1292, 937, 'PERMANENT', '2015-02-08 18:48:19'),
(938, 1292, 938, 'PRESENT', '2015-02-08 18:48:28'),
(939, 1293, 939, 'PERMANENT', '2015-02-08 18:52:38'),
(940, 1293, 940, 'PRESENT', '2015-02-08 18:53:03'),
(941, 1295, 941, 'PERMANENT', '2015-02-08 18:55:54'),
(942, 1295, 942, 'PRESENT', '2015-02-08 18:56:15'),
(943, 1296, 943, 'PERMANENT', '2015-02-08 18:58:03'),
(944, 1296, 944, 'PRESENT', '2015-02-08 18:58:55'),
(945, 1298, 945, 'PERMANENT', '2015-02-08 19:01:03'),
(946, 1298, 946, 'PRESENT', '2015-02-08 19:01:15'),
(947, 1299, 947, 'PERMANENT', '2015-02-08 19:03:03'),
(948, 1299, 948, 'PRESENT', '2015-02-08 19:03:17'),
(949, 1388, 949, 'PERMANENT', '2015-02-08 19:05:36'),
(950, 1388, 950, 'PRESENT', '2015-02-08 19:06:17'),
(951, 1387, 951, 'PERMANENT', '2015-02-08 19:07:46'),
(952, 1387, 952, 'PRESENT', '2015-02-08 19:08:24'),
(953, 1352, 953, 'PERMANENT', '2015-02-08 19:20:19'),
(954, 1352, 954, 'PRESENT', '2015-02-08 19:21:22'),
(955, 1353, 955, 'PERMANENT', '2015-02-08 19:23:14'),
(956, 1353, 956, 'PRESENT', '2015-02-08 19:23:36'),
(957, 1354, 957, 'PERMANENT', '2015-02-08 19:25:17'),
(958, 1354, 958, 'PRESENT', '2015-02-08 19:25:52'),
(959, 1355, 959, 'PERMANENT', '2015-02-08 19:27:05'),
(960, 1355, 960, 'PRESENT', '2015-02-08 19:27:24'),
(961, 1356, 961, 'PERMANENT', '2015-02-08 19:29:19'),
(962, 1356, 962, 'PRESENT', '2015-02-08 19:29:53'),
(963, 1357, 963, 'PERMANENT', '2015-02-08 19:31:54'),
(964, 1357, 964, 'PRESENT', '2015-02-08 19:32:50'),
(965, 1358, 965, 'PERMANENT', '2015-02-08 19:39:59'),
(966, 1358, 966, 'PRESENT', '2015-02-08 19:40:17'),
(967, 1359, 967, 'PERMANENT', '2015-02-08 19:41:38'),
(968, 1359, 968, 'PRESENT', '2015-02-08 19:41:55'),
(969, 1360, 969, 'PERMANENT', '2015-02-08 19:42:58'),
(970, 1360, 970, 'PRESENT', '2015-02-08 19:44:00'),
(971, 1361, 971, 'PERMANENT', '2015-02-08 19:45:18'),
(972, 1361, 972, 'PRESENT', '2015-02-08 19:45:42'),
(973, 1362, 973, 'PERMANENT', '2015-02-08 19:47:50'),
(974, 1362, 974, 'PRESENT', '2015-02-08 19:48:05'),
(975, 1363, 975, 'PERMANENT', '2015-02-08 20:15:01'),
(976, 1363, 976, 'PRESENT', '2015-02-08 20:15:18'),
(977, 1364, 977, 'PERMANENT', '2015-02-08 20:41:25'),
(978, 1364, 978, 'PRESENT', '2015-02-08 20:42:23'),
(979, 1365, 979, 'PERMANENT', '2015-02-08 20:43:43'),
(980, 1365, 980, 'PRESENT', '2015-02-08 20:44:26'),
(981, 1366, 981, 'PERMANENT', '2015-02-08 20:45:41'),
(982, 1366, 982, 'PRESENT', '2015-02-08 20:45:51'),
(983, 1367, 983, 'PERMANENT', '2015-02-08 20:49:08'),
(984, 1367, 984, 'PRESENT', '2015-02-08 20:49:34'),
(985, 1368, 985, 'PERMANENT', '2015-02-08 20:53:43'),
(986, 1368, 986, 'PRESENT', '2015-02-08 20:54:04'),
(987, 1369, 987, 'PERMANENT', '2015-02-08 20:55:54'),
(988, 1369, 988, 'PRESENT', '2015-02-08 21:02:44'),
(989, 1376, 989, 'PERMANENT', '2015-02-08 21:05:20'),
(990, 1376, 990, 'PRESENT', '2015-02-08 21:05:51'),
(991, 1370, 991, 'PERMANENT', '2015-02-08 21:09:24'),
(992, 1370, 992, 'PRESENT', '2015-02-08 21:10:11'),
(993, 1371, 993, 'PERMANENT', '2015-02-08 21:12:12'),
(994, 1371, 994, 'PRESENT', '2015-02-08 21:12:52'),
(995, 1372, 995, 'PERMANENT', '2015-02-08 21:15:29'),
(996, 1372, 996, 'PRESENT', '2015-02-08 21:15:50'),
(997, 1373, 997, 'PERMANENT', '2015-02-08 21:17:25'),
(998, 1373, 998, 'PRESENT', '2015-02-08 21:17:41'),
(999, 1374, 999, 'PERMANENT', '2015-02-08 21:19:19'),
(1000, 1374, 1000, 'PRESENT', '2015-02-08 21:19:33'),
(1001, 1377, 1001, 'PERMANENT', '2015-02-08 21:21:04'),
(1002, 1377, 1002, 'PRESENT', '2015-02-08 21:21:18'),
(1003, 1375, 1003, 'PERMANENT', '2015-02-08 21:23:10'),
(1004, 1375, 1004, 'PRESENT', '2015-02-08 21:23:24'),
(1005, 1234, 1005, 'PERMANENT', '2015-02-10 15:32:31'),
(1006, 1234, 1006, 'PRESENT', '2015-02-10 15:32:51'),
(1007, 1236, 1007, 'PERMANENT', '2015-02-10 15:37:57'),
(1008, 1236, 1008, 'PRESENT', '2015-02-10 15:38:34');
INSERT INTO `sms_student_address` (`id`, `student_id`, `address_id`, `address_type`, `created_at`) VALUES
(1009, 1237, 1009, 'PERMANENT', '2015-02-10 15:40:14'),
(1010, 1237, 1010, 'PRESENT', '2015-02-10 15:40:24'),
(1011, 1239, 1011, 'PERMANENT', '2015-02-10 15:42:15'),
(1012, 1239, 1012, 'PRESENT', '2015-02-10 15:42:35'),
(1013, 1241, 1013, 'PERMANENT', '2015-02-10 15:44:06'),
(1014, 1241, 1014, 'PRESENT', '2015-02-10 15:44:14'),
(1015, 1247, 1015, 'PERMANENT', '2015-02-10 15:48:20'),
(1016, 1247, 1016, 'PRESENT', '2015-02-10 15:48:48'),
(1017, 1240, 1017, 'PERMANENT', '2015-02-10 15:52:41'),
(1018, 1240, 1018, 'PRESENT', '2015-02-10 15:53:02'),
(1019, 1249, 1019, 'PERMANENT', '2015-02-10 15:54:20'),
(1020, 1249, 1020, 'PRESENT', '2015-02-10 15:54:40'),
(1021, 1242, 1021, 'PERMANENT', '2015-02-10 15:57:46'),
(1022, 1242, 1022, 'PRESENT', '2015-02-10 15:57:53'),
(1023, 1243, 1023, 'PERMANENT', '2015-02-10 15:59:17'),
(1024, 1243, 1024, 'PRESENT', '2015-02-10 15:59:42'),
(1025, 1244, 1025, 'PERMANENT', '2015-02-10 16:00:53'),
(1026, 1244, 1026, 'PRESENT', '2015-02-10 16:01:12'),
(1027, 1248, 1027, 'PERMANENT', '2015-02-10 16:02:34'),
(1028, 1248, 1028, 'PRESENT', '2015-02-10 16:02:59'),
(1029, 1246, 1029, 'PERMANENT', '2015-02-10 16:04:52'),
(1030, 1246, 1030, 'PRESENT', '2015-02-10 16:05:22'),
(1031, 1385, 1031, 'PERMANENT', '2015-02-10 16:07:23'),
(1032, 1385, 1032, 'PRESENT', '2015-02-10 16:07:38'),
(1033, 1386, 1033, 'PERMANENT', '2015-02-10 16:11:12'),
(1034, 1386, 1034, 'PRESENT', '2015-02-10 16:11:28'),
(1035, 1397, 1035, 'PERMANENT', '2015-02-10 16:13:41'),
(1036, 1397, 1036, 'PRESENT', '2015-02-10 16:13:51'),
(1037, 1398, 1037, 'PERMANENT', '2015-02-10 16:23:01'),
(1038, 1398, 1038, 'PRESENT', '2015-02-10 16:23:17'),
(1039, 1159, 1039, 'PERMANENT', '2015-02-10 16:31:37'),
(1040, 1159, 1040, 'PRESENT', '2015-02-10 16:31:59'),
(1041, 1200, 1041, 'PERMANENT', '2015-02-10 16:35:55'),
(1042, 1200, 1042, 'PRESENT', '2015-02-10 16:36:27'),
(1043, 1201, 1043, 'PERMANENT', '2015-02-10 16:40:40'),
(1044, 1201, 1044, 'PRESENT', '2015-02-10 16:40:54'),
(1045, 1202, 1045, 'PERMANENT', '2015-02-10 18:07:57'),
(1046, 1202, 1046, 'PRESENT', '2015-02-10 18:08:10'),
(1047, 1203, 1047, 'PERMANENT', '2015-02-10 18:10:25'),
(1048, 1203, 1048, 'PRESENT', '2015-02-10 18:10:41'),
(1049, 1204, 1049, 'PERMANENT', '2015-02-10 18:13:53'),
(1050, 1204, 1050, 'PRESENT', '2015-02-10 18:14:24'),
(1051, 1205, 1051, 'PERMANENT', '2015-02-10 18:15:48'),
(1052, 1205, 1052, 'PRESENT', '2015-02-10 18:16:00'),
(1053, 1206, 1053, 'PERMANENT', '2015-02-10 18:17:33'),
(1054, 1206, 1054, 'PRESENT', '2015-02-10 18:17:47'),
(1055, 1207, 1055, 'PERMANENT', '2015-02-10 18:19:02'),
(1056, 1207, 1056, 'PRESENT', '2015-02-10 18:19:12'),
(1057, 1209, 1057, 'PERMANENT', '2015-02-10 18:22:23'),
(1058, 1209, 1058, 'PRESENT', '2015-02-10 18:22:45'),
(1059, 1210, 1059, 'PERMANENT', '2015-02-10 18:24:32'),
(1060, 1210, 1060, 'PRESENT', '2015-02-10 18:24:46'),
(1061, 1211, 1061, 'PERMANENT', '2015-02-10 18:29:35'),
(1062, 1211, 1062, 'PRESENT', '2015-02-10 18:29:59'),
(1063, 1212, 1063, 'PERMANENT', '2015-02-10 18:35:31'),
(1064, 1212, 1064, 'PRESENT', '2015-02-10 18:35:45'),
(1065, 1213, 1065, 'PERMANENT', '2015-02-10 18:37:32'),
(1066, 1213, 1066, 'PRESENT', '2015-02-10 18:37:48'),
(1067, 1214, 1067, 'PERMANENT', '2015-02-10 18:42:38'),
(1068, 1214, 1068, 'PRESENT', '2015-02-10 18:43:17'),
(1069, 1215, 1069, 'PERMANENT', '2015-02-10 18:47:10'),
(1070, 1215, 1070, 'PRESENT', '2015-02-10 18:47:35'),
(1071, 1216, 1071, 'PERMANENT', '2015-02-10 18:48:51'),
(1072, 1216, 1072, 'PRESENT', '2015-02-10 18:49:20'),
(1073, 1217, 1073, 'PERMANENT', '2015-02-10 18:59:01'),
(1074, 1217, 1074, 'PRESENT', '2015-02-10 18:59:16'),
(1075, 1218, 1075, 'PERMANENT', '2015-02-10 19:01:22'),
(1076, 1218, 1076, 'PRESENT', '2015-02-10 19:01:38'),
(1077, 1219, 1077, 'PERMANENT', '2015-02-10 19:05:06'),
(1078, 1219, 1078, 'PRESENT', '2015-02-10 19:05:27'),
(1079, 1220, 1079, 'PERMANENT', '2015-02-10 19:07:36'),
(1080, 1222, 1080, 'PERMANENT', '2015-02-10 19:10:07'),
(1081, 1222, 1081, 'PRESENT', '2015-02-10 19:10:21'),
(1082, 1223, 1082, 'PERMANENT', '2015-02-10 19:13:26'),
(1083, 1223, 1083, 'PRESENT', '2015-02-10 19:13:53'),
(1084, 1221, 1084, 'PERMANENT', '2015-02-10 19:16:22'),
(1085, 1221, 1085, 'PRESENT', '2015-02-10 19:16:58'),
(1086, 1224, 1086, 'PERMANENT', '2015-02-10 19:21:05'),
(1087, 1224, 1087, 'PRESENT', '2015-02-10 19:21:31'),
(1088, 1225, 1088, 'PERMANENT', '2015-02-10 19:23:12'),
(1089, 1225, 1089, 'PRESENT', '2015-02-10 19:23:25'),
(1090, 1226, 1090, 'PERMANENT', '2015-02-10 19:26:08'),
(1091, 1226, 1091, 'PRESENT', '2015-02-10 19:26:20'),
(1092, 1227, 1092, 'PERMANENT', '2015-02-10 19:27:40'),
(1093, 1227, 1093, 'PRESENT', '2015-02-10 19:27:54'),
(1094, 1228, 1094, 'PERMANENT', '2015-02-10 19:30:49'),
(1095, 1228, 1095, 'PRESENT', '2015-02-10 19:31:11'),
(1096, 1229, 1096, 'PERMANENT', '2015-02-10 19:33:33'),
(1097, 1229, 1097, 'PRESENT', '2015-02-10 19:33:48'),
(1098, 1230, 1098, 'PERMANENT', '2015-02-10 19:46:52'),
(1099, 1230, 1099, 'PRESENT', '2015-02-10 19:47:06'),
(1100, 1232, 1100, 'PERMANENT', '2015-02-10 19:50:33'),
(1101, 1232, 1101, 'PRESENT', '2015-02-10 19:50:57'),
(1102, 1233, 1102, 'PERMANENT', '2015-02-10 19:55:16'),
(1103, 1233, 1103, 'PRESENT', '2015-02-10 19:55:36'),
(1104, 1250, 1104, 'PERMANENT', '2015-02-10 19:57:01'),
(1105, 1250, 1105, 'PRESENT', '2015-02-10 19:57:11'),
(1106, 1251, 1106, 'PERMANENT', '2015-02-10 19:58:20'),
(1107, 1251, 1107, 'PRESENT', '2015-02-10 19:58:43'),
(1108, 1252, 1108, 'PERMANENT', '2015-02-10 20:00:45'),
(1109, 1252, 1109, 'PRESENT', '2015-02-10 20:01:09'),
(1110, 1253, 1110, 'PERMANENT', '2015-02-10 20:02:47'),
(1111, 1253, 1111, 'PRESENT', '2015-02-10 20:03:01'),
(1112, 1254, 1112, 'PERMANENT', '2015-02-10 20:05:11'),
(1113, 1254, 1113, 'PRESENT', '2015-02-10 20:05:43'),
(1114, 1255, 1114, 'PERMANENT', '2015-02-10 20:20:58'),
(1115, 1255, 1115, 'PRESENT', '2015-02-10 20:21:13'),
(1116, 1265, 1116, 'PERMANENT', '2015-02-12 15:13:55'),
(1117, 1265, 1117, 'PRESENT', '2015-02-12 15:14:39'),
(1118, 1266, 1118, 'PERMANENT', '2015-02-12 15:16:05'),
(1119, 1266, 1119, 'PRESENT', '2015-02-12 15:16:52'),
(1120, 1305, 1120, 'PERMANENT', '2015-02-12 15:17:54'),
(1121, 1305, 1121, 'PRESENT', '2015-02-12 15:18:07'),
(1122, 1267, 1122, 'PERMANENT', '2015-02-12 15:20:21'),
(1123, 1267, 1123, 'PRESENT', '2015-02-12 15:20:53'),
(1124, 1268, 1124, 'PERMANENT', '2015-02-12 15:21:55'),
(1125, 1268, 1125, 'PRESENT', '2015-02-12 15:22:28'),
(1126, 1289, 1126, 'PERMANENT', '2015-02-12 15:24:04'),
(1127, 1289, 1127, 'PRESENT', '2015-02-12 15:24:31'),
(1128, 1294, 1128, 'PERMANENT', '2015-02-12 15:42:38'),
(1129, 1294, 1129, 'PRESENT', '2015-02-12 15:42:45'),
(1130, 1297, 1130, 'PERMANENT', '2015-02-12 15:45:37'),
(1131, 1297, 1131, 'PRESENT', '2015-02-12 15:45:47'),
(1132, 1300, 1132, 'PERMANENT', '2015-02-12 15:48:33'),
(1133, 1300, 1133, 'PRESENT', '2015-02-12 15:49:02'),
(1134, 1393, 1134, 'PERMANENT', '2015-02-12 16:01:32'),
(1135, 1393, 1135, 'PRESENT', '2015-02-12 16:01:46'),
(1136, 1301, 1136, 'PERMANENT', '2015-02-12 16:03:21'),
(1137, 1301, 1137, 'PRESENT', '2015-02-12 16:04:21'),
(1138, 1302, 1138, 'PERMANENT', '2015-02-12 16:06:22'),
(1139, 1302, 1139, 'PRESENT', '2015-02-12 16:07:18'),
(1140, 1303, 1140, 'PERMANENT', '2015-02-12 16:08:30'),
(1141, 1303, 1141, 'PRESENT', '2015-02-12 16:08:41'),
(1142, 1304, 1142, 'PERMANENT', '2015-02-12 16:11:52'),
(1143, 1304, 1143, 'PRESENT', '2015-02-12 16:12:15'),
(1144, 1315, 1144, 'PERMANENT', '2015-02-12 16:16:13'),
(1145, 1315, 1145, 'PRESENT', '2015-02-12 16:16:37'),
(1146, 1316, 1146, 'PERMANENT', '2015-02-12 16:18:52'),
(1147, 1316, 1147, 'PRESENT', '2015-02-12 16:19:02'),
(1148, 1414, 1148, 'PERMANENT', '2015-02-24 19:35:30'),
(1149, 1415, 1149, 'PERMANENT', '2015-02-25 18:16:34'),
(1150, 752, 1150, 'PERMANENT', '2015-03-01 17:23:34'),
(1151, 1416, 1151, 'PERMANENT', '2015-03-09 14:51:08'),
(1152, 279, 1152, 'PERMANENT', '2015-04-09 19:21:30'),
(1153, 1419, 1153, 'PERMANENT', '2015-04-04 15:33:24'),
(1154, 1419, 1154, 'PRESENT', '2015-04-04 15:34:21'),
(1155, 1420, 1155, 'PERMANENT', '2015-04-04 18:35:30'),
(1156, 1420, 1156, 'PRESENT', '2015-04-04 18:35:50'),
(1157, 1421, 1157, 'PERMANENT', '2015-04-04 18:53:03'),
(1158, 1421, 1158, 'PRESENT', '2015-04-04 18:53:12'),
(1159, 1422, 1159, 'PERMANENT', '2015-04-06 16:40:24'),
(1160, 1422, 1160, 'PRESENT', '2015-04-06 16:40:32'),
(1161, 1423, 1161, 'PERMANENT', '2015-04-06 17:13:13'),
(1162, 1423, 1162, 'PRESENT', '2015-04-06 17:14:03'),
(1163, 1424, 1163, 'PERMANENT', '2015-04-06 18:01:47'),
(1164, 1424, 1164, 'PRESENT', '2015-04-06 18:02:22'),
(1165, 1425, 1165, 'PERMANENT', '2015-04-07 18:28:54'),
(1166, 1425, 1166, 'PRESENT', '2015-04-07 18:29:29'),
(1167, 848, 1167, 'PERMANENT', '2015-04-08 18:03:37'),
(1168, 848, 1168, 'PRESENT', '2015-04-08 18:04:23'),
(1169, 910, 1169, 'PERMANENT', '2015-06-09 14:03:45'),
(1170, 910, 1170, 'PRESENT', '2015-06-09 14:03:56'),
(1171, 1426, 1171, 'PERMANENT', '2015-04-08 18:38:24'),
(1172, 1426, 1172, 'PRESENT', '2015-04-08 18:39:18'),
(1173, 895, 1173, 'PERMANENT', '2015-04-09 14:33:01'),
(1174, 895, 1174, 'PRESENT', '2015-04-09 14:35:25'),
(1175, 845, 1175, 'PERMANENT', '2015-04-09 14:37:43'),
(1176, 845, 1176, 'PRESENT', '2015-04-09 14:38:15'),
(1177, 847, 1177, 'PERMANENT', '2015-04-09 14:41:34'),
(1178, 847, 1178, 'PRESENT', '2015-04-09 14:42:24'),
(1179, 849, 1179, 'PERMANENT', '2015-04-09 14:46:39'),
(1180, 849, 1180, 'PRESENT', '2015-04-09 14:46:49'),
(1181, 892, 1181, 'PERMANENT', '2015-04-09 14:51:37'),
(1182, 892, 1182, 'PRESENT', '2015-04-09 14:52:25'),
(1183, 937, 1183, 'PERMANENT', '2015-04-09 15:21:28'),
(1184, 937, 1184, 'PRESENT', '2015-04-09 15:23:16'),
(1185, 937, 1185, 'PRESENT', '2015-04-09 15:23:27'),
(1186, 844, 1186, 'PERMANENT', '2015-04-09 17:33:11'),
(1187, 844, 1187, 'PRESENT', '2015-04-09 17:33:20'),
(1188, 936, 1188, 'PERMANENT', '2015-04-09 15:33:11'),
(1189, 936, 1189, 'PRESENT', '2015-04-09 15:33:20'),
(1190, 935, 1190, 'PERMANENT', '2015-04-09 15:37:49'),
(1191, 935, 1191, 'PRESENT', '2015-04-09 15:37:58'),
(1192, 843, 1192, 'PERMANENT', '2015-04-09 15:41:25'),
(1193, 843, 1193, 'PRESENT', '2015-04-09 15:42:18'),
(1194, 894, 1194, 'PERMANENT', '2015-04-09 15:45:57'),
(1195, 894, 1195, 'PRESENT', '2015-04-09 15:48:36'),
(1196, 1126, 1196, 'PERMANENT', '2015-04-09 17:11:07'),
(1197, 1126, 1197, 'PRESENT', '2015-04-09 17:11:55'),
(1198, 851, 1198, 'PERMANENT', '2015-04-09 17:16:32'),
(1199, 851, 1199, 'PRESENT', '2015-04-09 17:16:49'),
(1200, 850, 1200, 'PERMANENT', '2015-04-09 17:22:23'),
(1201, 850, 1201, 'PRESENT', '2015-04-09 17:26:00'),
(1202, 541, 1202, 'PERMANENT', '2015-04-09 19:11:02'),
(1203, 541, 1203, 'PRESENT', '2015-04-09 19:11:18'),
(1204, 279, 1204, 'PRESENT', '2015-05-07 19:42:38'),
(1205, 259, 1205, 'PERMANENT', '2015-04-09 19:28:37'),
(1206, 259, 1206, 'PRESENT', '2015-04-09 19:30:06'),
(1207, 277, 1207, 'PERMANENT', '2015-04-09 19:35:03'),
(1208, 277, 1208, 'PRESENT', '2015-04-09 19:35:40'),
(1209, 240, 1209, 'PERMANENT', '2015-04-09 19:44:43'),
(1210, 240, 1210, 'PRESENT', '2015-04-09 19:45:38'),
(1211, 253, 1211, 'PERMANENT', '2015-04-09 19:48:59'),
(1212, 253, 1212, 'PRESENT', '2015-04-09 19:49:22'),
(1213, 281, 1213, 'PERMANENT', '2015-04-11 16:45:43'),
(1214, 281, 1214, 'PRESENT', '2015-04-11 16:45:53'),
(1215, 1140, 1215, 'PERMANENT', '2015-04-11 16:49:58'),
(1216, 1140, 1216, 'PRESENT', '2015-04-11 16:50:37'),
(1217, 260, 1217, 'PERMANENT', '2015-04-11 16:57:25'),
(1218, 260, 1218, 'PRESENT', '2015-04-11 16:57:58'),
(1219, 284, 1219, 'PERMANENT', '2015-04-11 17:17:36'),
(1220, 284, 1220, 'PRESENT', '2015-04-11 17:18:25'),
(1221, 544, 1221, 'PERMANENT', '2015-04-12 15:15:30'),
(1222, 544, 1222, 'PRESENT', '2015-04-12 15:16:05'),
(1223, 540, 1223, 'PERMANENT', '2015-04-12 15:46:21'),
(1224, 540, 1224, 'PRESENT', '2015-04-12 15:46:55'),
(1225, 539, 1225, 'PERMANENT', '2015-04-12 15:51:01'),
(1226, 539, 1226, 'PRESENT', '2015-04-12 15:51:31'),
(1227, 285, 1227, 'PERMANENT', '2015-05-07 19:47:59'),
(1228, 285, 1228, 'PRESENT', '2015-04-12 17:11:16'),
(1229, 737, 1229, 'PERMANENT', '2015-04-12 17:13:50'),
(1230, 737, 1230, 'PRESENT', '2015-04-12 17:14:00'),
(1231, 249, 1231, 'PERMANENT', '2015-04-12 17:17:23'),
(1232, 249, 1232, 'PRESENT', '2015-04-12 17:17:32'),
(1233, 726, 1233, 'PERMANENT', '2015-04-12 17:21:57'),
(1234, 726, 1234, 'PRESENT', '2015-04-29 19:36:15'),
(1235, 221, 1235, 'PERMANENT', '2015-04-12 17:27:23'),
(1236, 221, 1236, 'PRESENT', '2015-04-12 17:29:04'),
(1237, 228, 1237, 'PERMANENT', '2015-04-12 17:33:09'),
(1238, 228, 1238, 'PRESENT', '2015-04-12 17:34:48'),
(1239, 283, 1239, 'PERMANENT', '2015-04-12 17:46:35'),
(1240, 283, 1240, 'PRESENT', '2015-04-12 17:50:34'),
(1241, 728, 1241, 'PERMANENT', '2015-04-12 17:53:05'),
(1242, 728, 1242, 'PRESENT', '2015-04-12 17:53:32'),
(1243, 553, 1243, 'PERMANENT', '2015-04-12 18:04:55'),
(1244, 553, 1244, 'PRESENT', '2015-04-12 18:05:27'),
(1245, 550, 1245, 'PERMANENT', '2015-04-12 18:08:28'),
(1246, 550, 1246, 'PRESENT', '2015-04-12 18:08:37'),
(1247, 893, 1247, 'PERMANENT', '2015-04-12 18:11:39'),
(1248, 893, 1248, 'PRESENT', '2015-04-12 18:12:07'),
(1249, 546, 1249, 'PERMANENT', '2015-04-12 18:27:18'),
(1250, 546, 1250, 'PRESENT', '2015-04-12 18:27:46'),
(1251, 231, 1251, 'PERMANENT', '2015-04-12 18:31:32'),
(1252, 231, 1252, 'PRESENT', '2015-04-12 18:31:43'),
(1253, 223, 1253, 'PERMANENT', '2015-04-12 18:44:02'),
(1254, 223, 1254, 'PRESENT', '2015-04-12 18:45:54'),
(1255, 554, 1255, 'PERMANENT', '2015-04-12 18:56:43'),
(1256, 554, 1256, 'PRESENT', '2015-04-12 18:56:56'),
(1257, 225, 1257, 'PERMANENT', '2015-04-12 19:05:32'),
(1258, 225, 1258, 'PRESENT', '2015-04-12 19:05:56'),
(1259, 243, 1259, 'PERMANENT', '2015-04-12 19:18:11'),
(1260, 243, 1260, 'PRESENT', '2015-04-12 19:18:24'),
(1261, 273, 1261, 'PERMANENT', '2015-04-12 19:20:47'),
(1262, 273, 1262, 'PRESENT', '2015-04-12 19:21:12'),
(1263, 230, 1263, 'PERMANENT', '2015-04-12 19:35:07'),
(1264, 230, 1264, 'PRESENT', '2015-04-12 19:35:22'),
(1265, 569, 1265, 'PERMANENT', '2015-04-12 19:42:59'),
(1266, 569, 1266, 'PRESENT', '2015-04-29 19:40:13'),
(1267, 261, 1267, 'PERMANENT', '2015-04-12 19:47:08'),
(1268, 261, 1268, 'PRESENT', '2015-04-12 19:47:17'),
(1269, 229, 1269, 'PERMANENT', '2015-04-12 19:50:23'),
(1270, 229, 1270, 'PRESENT', '2015-04-12 19:50:42'),
(1271, 725, 1271, 'PERMANENT', '2015-04-12 19:55:44'),
(1272, 725, 1272, 'PRESENT', '2015-04-12 19:55:53'),
(1273, 564, 1273, 'PERMANENT', '2015-04-12 19:59:02'),
(1274, 564, 1274, 'PRESENT', '2015-04-12 19:59:17'),
(1275, 548, 1275, 'PERMANENT', '2015-04-12 20:01:52'),
(1276, 548, 1276, 'PRESENT', '2015-04-12 20:02:01'),
(1277, 559, 1277, 'PERMANENT', '2015-04-23 17:03:06'),
(1278, 559, 1278, 'PRESENT', '2015-04-23 17:03:11'),
(1279, 570, 1279, 'PERMANENT', '2015-04-23 17:08:47'),
(1280, 570, 1280, 'PRESENT', '2015-04-23 17:08:51'),
(1281, 286, 1281, 'PERMANENT', '2015-04-23 17:10:00'),
(1282, 286, 1282, 'PRESENT', '2015-04-23 17:10:04'),
(1283, 278, 1283, 'PERMANENT', '2015-04-23 17:14:08'),
(1284, 278, 1284, 'PRESENT', '2015-04-23 17:14:18'),
(1285, 257, 1285, 'PERMANENT', '2015-04-26 12:49:30'),
(1286, 257, 1286, 'PRESENT', '2015-04-26 12:49:34'),
(1287, 567, 1287, 'PERMANENT', '2015-04-26 12:50:57'),
(1288, 567, 1288, 'PRESENT', '2015-04-26 12:51:31'),
(1289, 219, 1289, 'PERMANENT', '2015-04-26 12:53:51'),
(1290, 219, 1290, 'PRESENT', '2015-04-26 12:53:55'),
(1291, 262, 1291, 'PERMANENT', '2015-04-26 12:56:54'),
(1292, 262, 1292, 'PRESENT', '2015-04-26 12:57:05'),
(1293, 237, 1293, 'PERMANENT', '2015-04-26 13:01:07'),
(1294, 237, 1294, 'PRESENT', '2015-04-26 13:01:18'),
(1295, 263, 1295, 'PERMANENT', '2015-04-26 13:43:29'),
(1296, 263, 1296, 'PRESENT', '2015-04-26 13:43:34'),
(1297, 557, 1297, 'PERMANENT', '2015-04-26 16:51:24'),
(1298, 557, 1298, 'PRESENT', '2015-04-26 16:51:31'),
(1299, 565, 1299, 'PERMANENT', '2015-04-26 17:15:22'),
(1300, 734, 1300, 'PERMANENT', '2015-04-26 17:32:45'),
(1301, 734, 1301, 'PRESENT', '2015-04-26 17:32:51'),
(1302, 244, 1302, 'PERMANENT', '2015-04-26 17:35:13'),
(1303, 244, 1303, 'PRESENT', '2015-04-26 17:35:22'),
(1304, 1427, 1304, 'PERMANENT', '2015-04-19 15:33:00'),
(1305, 1427, 1305, 'PRESENT', '2015-04-19 15:33:38'),
(1306, 1428, 1306, 'PERMANENT', '2015-04-20 16:08:21'),
(1307, 1428, 1307, 'PRESENT', '2015-04-20 16:08:28'),
(1308, 271, 1308, 'PERMANENT', '2015-04-20 16:47:05'),
(1309, 271, 1309, 'PRESENT', '2015-04-20 16:47:32'),
(1310, 241, 1310, 'PERMANENT', '2015-04-20 16:53:02'),
(1311, 241, 1311, 'PRESENT', '2015-04-20 16:53:13'),
(1312, 220, 1312, 'PERMANENT', '2015-04-20 16:55:11'),
(1313, 220, 1313, 'PRESENT', '2015-05-07 20:26:15'),
(1314, 727, 1314, 'PERMANENT', '2015-04-20 17:01:33'),
(1315, 727, 1315, 'PRESENT', '2015-04-20 17:01:58'),
(1316, 4, 1316, 'PERMANENT', '2015-04-20 17:06:54'),
(1317, 2, 1317, 'PRESENT', '2015-04-20 17:12:51'),
(1318, 234, 1318, 'PERMANENT', '2015-04-20 17:40:30'),
(1319, 234, 1319, 'PRESENT', '2015-04-20 17:40:39'),
(1320, 251, 1320, 'PERMANENT', '2015-04-21 13:01:58'),
(1321, 251, 1321, 'PRESENT', '2015-04-21 13:02:07'),
(1322, 258, 1322, 'PERMANENT', '2015-04-21 13:05:46'),
(1323, 258, 1323, 'PRESENT', '2015-04-21 13:06:04'),
(1324, 268, 1324, 'PERMANENT', '2015-04-21 13:08:15'),
(1325, 268, 1325, 'PRESENT', '2015-04-21 13:08:32'),
(1326, 552, 1326, 'PERMANENT', '2015-04-21 13:23:53'),
(1327, 552, 1327, 'PRESENT', '2015-04-21 13:24:30'),
(1328, 549, 1328, 'PERMANENT', '2015-04-21 13:28:39'),
(1329, 549, 1329, 'PRESENT', '2015-04-21 13:28:46'),
(1330, 555, 1330, 'PERMANENT', '2015-04-21 13:39:57'),
(1331, 555, 1331, 'PRESENT', '2015-05-07 20:33:37'),
(1332, 275, 1332, 'PERMANENT', '2015-04-21 13:42:05'),
(1333, 275, 1333, 'PRESENT', '2015-04-21 13:42:54'),
(1334, 547, 1334, 'PERMANENT', '2015-04-21 13:54:22'),
(1335, 547, 1335, 'PRESENT', '2015-04-21 13:59:50'),
(1336, 235, 1336, 'PERMANENT', '2015-04-21 14:07:00'),
(1337, 235, 1337, 'PRESENT', '2015-04-21 14:07:27'),
(1338, 561, 1338, 'PERMANENT', '2015-04-21 14:25:30'),
(1339, 561, 1339, 'PRESENT', '2015-04-21 14:26:27'),
(1340, 272, 1340, 'PERMANENT', '2015-04-21 14:30:27'),
(1341, 272, 1341, 'PRESENT', '2015-04-21 14:30:48'),
(1342, 280, 1342, 'PERMANENT', '2015-04-21 14:46:56'),
(1343, 280, 1343, 'PRESENT', '2015-04-21 14:47:03'),
(1344, 226, 1344, 'PERMANENT', '2015-04-21 14:49:58'),
(1345, 226, 1345, 'PRESENT', '2015-04-21 14:50:05'),
(1346, 732, 1346, 'PERMANENT', '2015-04-21 14:52:19'),
(1347, 732, 1347, 'PRESENT', '2015-04-21 14:52:38'),
(1348, 556, 1348, 'PERMANENT', '2015-04-21 15:59:52'),
(1349, 556, 1349, 'PRESENT', '2015-04-21 15:59:59'),
(1350, 560, 1350, 'PERMANENT', '2015-04-21 16:05:20'),
(1351, 560, 1351, 'PRESENT', '2015-04-21 16:05:55'),
(1352, 246, 1352, 'PERMANENT', '2015-04-21 16:10:29'),
(1353, 246, 1353, 'PRESENT', '2015-04-21 16:10:49'),
(1354, 736, 1354, 'PERMANENT', '2015-04-21 16:40:09'),
(1355, 736, 1355, 'PRESENT', '2015-04-21 16:40:28'),
(1356, 242, 1356, 'PERMANENT', '2015-04-21 16:48:46'),
(1357, 242, 1357, 'PRESENT', '2015-04-21 16:50:25'),
(1358, 274, 1358, 'PERMANENT', '2015-04-21 16:52:33'),
(1359, 274, 1359, 'PRESENT', '2015-04-21 16:52:40'),
(1360, 287, 1360, 'PERMANENT', '2015-04-21 16:55:22'),
(1361, 287, 1361, 'PRESENT', '2015-04-21 16:55:58'),
(1362, 252, 1362, 'PERMANENT', '2015-04-21 16:59:03'),
(1363, 252, 1363, 'PRESENT', '2015-04-21 16:59:12'),
(1364, 1, 1364, 'PRESENT', '2015-04-21 17:03:33'),
(1365, 232, 1365, 'PERMANENT', '2015-04-21 17:05:39'),
(1366, 232, 1366, 'PRESENT', '2015-04-21 17:05:46'),
(1367, 730, 1367, 'PERMANENT', '2015-04-21 17:08:08'),
(1368, 730, 1368, 'PRESENT', '2015-04-21 17:08:16'),
(1369, 542, 1369, 'PERMANENT', '2015-04-21 17:12:42'),
(1370, 542, 1370, 'PRESENT', '2015-04-21 17:12:52'),
(1371, 563, 1371, 'PERMANENT', '2015-04-21 17:15:36'),
(1372, 563, 1372, 'PRESENT', '2015-04-21 17:16:33'),
(1373, 562, 1373, 'PERMANENT', '2015-04-21 17:18:01'),
(1374, 562, 1374, 'PRESENT', '2015-05-07 20:12:55'),
(1375, 227, 1375, 'PERMANENT', '2015-04-21 17:20:49'),
(1376, 227, 1376, 'PRESENT', '2015-04-21 17:20:58'),
(1377, 255, 1377, 'PERMANENT', '2015-04-21 17:24:16'),
(1378, 255, 1378, 'PRESENT', '2015-04-21 17:24:23'),
(1379, 245, 1379, 'PERMANENT', '2015-04-21 17:27:09'),
(1380, 245, 1380, 'PRESENT', '2015-04-21 17:27:24'),
(1381, 566, 1381, 'PERMANENT', '2015-04-21 17:29:51'),
(1382, 566, 1382, 'PRESENT', '2015-04-21 17:29:57'),
(1383, 558, 1383, 'PERMANENT', '2015-04-21 17:32:53'),
(1384, 558, 1384, 'PRESENT', '2015-04-21 17:33:20'),
(1385, 269, 1385, 'PERMANENT', '2015-04-23 16:53:39'),
(1386, 269, 1386, 'PRESENT', '2015-04-23 16:53:45'),
(1387, 545, 1387, 'PERMANENT', '2015-04-23 16:59:28'),
(1388, 545, 1388, 'PRESENT', '2015-04-23 17:00:42'),
(1389, 729, 1389, 'PERMANENT', '2015-04-23 17:05:29'),
(1390, 729, 1390, 'PRESENT', '2015-04-23 17:06:27'),
(1391, 250, 1391, 'PERMANENT', '2015-04-23 17:12:49'),
(1392, 217, 1392, 'PERMANENT', '2015-04-23 17:18:27'),
(1393, 217, 1393, 'PRESENT', '2015-04-23 17:18:36'),
(1394, 1429, 1394, 'PERMANENT', '2015-04-25 14:34:29'),
(1395, 1429, 1395, 'PRESENT', '2015-04-25 14:34:37'),
(1396, 1141, 1396, 'PERMANENT', '2015-04-26 12:58:49'),
(1397, 1141, 1397, 'PRESENT', '2015-04-26 12:58:59'),
(1398, 233, 1398, 'PERMANENT', '2015-04-26 13:05:47'),
(1399, 233, 1399, 'PRESENT', '2015-04-26 13:06:22'),
(1400, 222, 1400, 'PERMANENT', '2015-04-26 13:29:45'),
(1401, 222, 1401, 'PRESENT', '2015-04-26 13:29:55'),
(1402, 551, 1402, 'PERMANENT', '2015-04-26 13:32:50'),
(1403, 551, 1403, 'PRESENT', '2015-04-26 13:33:00'),
(1404, 568, 1404, 'PERMANENT', '2015-04-26 13:36:28'),
(1405, 568, 1405, 'PRESENT', '2015-04-26 13:38:26'),
(1406, 731, 1406, 'PERMANENT', '2015-04-26 16:32:52'),
(1407, 731, 1407, 'PRESENT', '2015-04-26 16:33:38'),
(1408, 276, 1408, 'PERMANENT', '2015-04-26 16:53:58'),
(1409, 276, 1409, 'PRESENT', '2015-04-26 16:54:07'),
(1410, 282, 1410, 'PERMANENT', '2015-04-26 17:01:01'),
(1411, 282, 1411, 'PRESENT', '2015-04-26 17:01:18'),
(1412, 256, 1412, 'PERMANENT', '2015-04-26 17:10:10'),
(1413, 256, 1413, 'PRESENT', '2015-04-26 17:10:39'),
(1414, 565, 1414, 'PRESENT', '2015-04-26 17:16:27'),
(1415, 538, 1415, 'PERMANENT', '2015-04-26 17:25:33'),
(1416, 538, 1416, 'PRESENT', '2015-04-26 17:26:05'),
(1417, 270, 1417, 'PERMANENT', '2015-04-26 17:28:35'),
(1418, 270, 1418, 'PRESENT', '2015-04-26 17:28:47'),
(1419, 266, 1419, 'PERMANENT', '2015-04-26 17:37:32'),
(1420, 266, 1420, 'PRESENT', '2015-04-26 17:37:39'),
(1421, 247, 1421, 'PERMANENT', '2015-04-26 17:41:26'),
(1422, 247, 1422, 'PRESENT', '2015-04-26 17:41:34'),
(1423, 265, 1423, 'PERMANENT', '2015-04-26 17:58:25'),
(1424, 265, 1424, 'PRESENT', '2015-04-26 18:06:20'),
(1425, 733, 1425, 'PERMANENT', '2015-04-28 18:35:45'),
(1426, 733, 1426, 'PRESENT', '2015-04-28 18:36:11'),
(1427, 238, 1427, 'PERMANENT', '2015-04-28 18:38:17'),
(1428, 238, 1428, 'PRESENT', '2015-04-28 18:40:02'),
(1429, 236, 1429, 'PERMANENT', '2015-04-28 18:47:37'),
(1430, 236, 1430, 'PRESENT', '2015-04-28 18:48:18'),
(1431, 224, 1431, 'PERMANENT', '2015-04-28 18:52:57'),
(1432, 224, 1432, 'PRESENT', '2015-04-28 18:53:07'),
(1433, 1430, 1433, 'PERMANENT', '2015-05-05 15:15:25'),
(1434, 1430, 1434, 'PRESENT', '2015-05-05 15:15:49'),
(1435, 1432, 1435, 'PERMANENT', '2015-05-12 16:05:20'),
(1436, 1432, 1436, 'PRESENT', '2015-05-12 16:05:45'),
(1437, 1403, 1437, 'PERMANENT', '2015-05-13 16:39:15'),
(1438, 1403, 1438, 'PRESENT', '2015-05-13 16:39:45'),
(1439, 1333, 1439, 'PERMANENT', '2015-06-24 18:43:09'),
(1440, 1333, 1440, 'PRESENT', '2015-06-24 18:43:43'),
(1441, 603, 1441, 'PERMANENT', '2015-05-13 16:52:23'),
(1442, 603, 1442, 'PRESENT', '2015-05-13 16:52:30'),
(1443, 619, 1443, 'PERMANENT', '2015-05-13 16:57:34'),
(1444, 619, 1444, 'PRESENT', '2015-05-13 16:57:41'),
(1445, 12, 1445, 'PERMANENT', '2015-06-24 17:53:21'),
(1446, 12, 1446, 'PRESENT', '2015-06-24 17:53:29'),
(1447, 149, 1447, 'PERMANENT', '2015-06-18 15:32:21'),
(1448, 149, 1448, 'PRESENT', '2015-06-18 15:32:11'),
(1449, 618, 1449, 'PERMANENT', '2015-06-24 17:52:11'),
(1450, 618, 1450, 'PRESENT', '2015-06-24 17:52:21'),
(1451, 45, 1451, 'PERMANENT', '2015-06-18 14:13:10'),
(1452, 45, 1452, 'PRESENT', '2015-06-24 17:17:26'),
(1453, 762, 1453, 'PERMANENT', '2015-05-13 18:23:06'),
(1454, 762, 1454, 'PRESENT', '2015-05-13 18:23:18'),
(1455, 46, 1455, 'PERMANENT', '2015-07-08 14:26:23'),
(1456, 46, 1456, 'PRESENT', '2015-07-08 14:26:29'),
(1457, 609, 1457, 'PERMANENT', '2015-05-13 17:53:33'),
(1458, 609, 1458, 'PRESENT', '2015-05-13 17:53:44'),
(1459, 622, 1459, 'PERMANENT', '2015-05-13 18:01:56'),
(1460, 622, 1460, 'PRESENT', '2015-06-24 17:47:29'),
(1461, 601, 1461, 'PERMANENT', '2015-06-24 17:16:15'),
(1462, 601, 1462, 'PRESENT', '2015-06-24 17:16:21'),
(1463, 142, 1463, 'PERMANENT', '2015-05-13 18:09:47'),
(1464, 142, 1464, 'PRESENT', '2015-05-13 18:10:08'),
(1465, 153, 1465, 'PERMANENT', '2015-05-13 18:16:08'),
(1466, 153, 1466, 'PRESENT', '2015-05-13 18:16:41'),
(1467, 614, 1467, 'PERMANENT', '2015-05-13 18:19:48'),
(1468, 614, 1468, 'PRESENT', '2015-06-18 14:18:55'),
(1469, 48, 1469, 'PERMANENT', '2015-06-18 14:53:35'),
(1470, 141, 1470, 'PERMANENT', '2015-06-18 15:21:03'),
(1471, 141, 1471, 'PRESENT', '2015-06-24 18:20:02'),
(1472, 8, 1472, 'PERMANENT', '2015-05-13 18:54:22'),
(1473, 8, 1473, 'PRESENT', '2015-06-24 18:14:58'),
(1474, 625, 1474, 'PERMANENT', '2015-06-24 18:16:40'),
(1475, 625, 1475, 'PRESENT', '2015-06-18 14:14:02'),
(1476, 150, 1476, 'PERMANENT', '2015-05-13 19:09:27'),
(1477, 145, 1477, 'PERMANENT', '2015-05-13 19:28:16'),
(1478, 145, 1478, 'PRESENT', '2015-05-13 19:28:36'),
(1479, 58, 1479, 'PERMANENT', '2015-06-18 13:45:47'),
(1480, 58, 1480, 'PRESENT', '2015-06-18 13:45:31'),
(1481, 759, 1481, 'PERMANENT', '2015-06-24 18:05:19'),
(1482, 759, 1482, 'PRESENT', '2015-05-13 19:55:02'),
(1483, 615, 1483, 'PERMANENT', '2015-06-18 15:36:38'),
(1484, 615, 1484, 'PRESENT', '2015-06-18 15:36:47'),
(1485, 628, 1485, 'PERMANENT', '2015-05-14 13:51:28'),
(1486, 628, 1486, 'PRESENT', '2015-07-08 14:24:17'),
(1487, 606, 1487, 'PERMANENT', '2015-05-14 13:54:34'),
(1488, 606, 1488, 'PRESENT', '2015-05-14 13:54:50'),
(1489, 159, 1489, 'PERMANENT', '2015-06-18 13:51:25'),
(1490, 159, 1490, 'PRESENT', '2015-05-14 14:04:23'),
(1491, 624, 1491, 'PERMANENT', '2015-05-14 14:09:20'),
(1492, 624, 1492, 'PRESENT', '2015-07-08 14:25:27'),
(1493, 44, 1493, 'PRESENT', '2015-06-24 18:23:35'),
(1494, 60, 1494, 'PERMANENT', '2015-05-14 14:24:03'),
(1495, 60, 1495, 'PRESENT', '2015-05-14 14:24:26'),
(1496, 610, 1496, 'PERMANENT', '2015-06-18 14:32:20'),
(1497, 610, 1497, 'PRESENT', '2015-07-08 14:30:28'),
(1498, 36, 1498, 'PERMANENT', '2015-05-14 14:34:15'),
(1499, 36, 1499, 'PRESENT', '2015-06-24 18:48:35'),
(1500, 738, 1500, 'PERMANENT', '2015-05-16 16:33:56'),
(1501, 738, 1501, 'PRESENT', '2015-05-16 16:34:18'),
(1502, 147, 1502, 'PERMANENT', '2015-06-06 14:01:36'),
(1503, 147, 1503, 'PRESENT', '2015-06-06 14:01:49'),
(1504, 30, 1504, 'PERMANENT', '2015-06-06 14:02:41'),
(1505, 30, 1505, 'PRESENT', '2015-06-06 14:02:46'),
(1506, 1433, 1506, 'PERMANENT', '2015-05-20 17:34:53'),
(1507, 1433, 1507, 'PRESENT', '2015-05-20 17:35:05'),
(1508, 1335, 1508, 'PERMANENT', '2015-06-06 17:33:30'),
(1509, 1335, 1509, 'PRESENT', '2015-06-06 17:34:00'),
(1510, 5, 1510, 'PERMANENT', '2015-06-06 17:31:59'),
(1511, 5, 1511, 'PRESENT', '2015-06-06 17:32:06'),
(1512, 7, 1512, 'PERMANENT', '2015-06-06 17:27:44'),
(1513, 7, 1513, 'PRESENT', '2015-06-06 17:28:39'),
(1514, 143, 1514, 'PERMANENT', '2015-06-06 17:26:39'),
(1515, 143, 1515, 'PRESENT', '2015-06-06 17:26:45'),
(1516, 604, 1516, 'PERMANENT', '2015-05-26 15:57:42'),
(1517, 604, 1517, 'PRESENT', '2015-05-26 15:58:04'),
(1518, 25, 1518, 'PERMANENT', '2015-06-06 17:16:01'),
(1519, 25, 1519, 'PRESENT', '2015-06-06 17:16:12'),
(1520, 13, 1520, 'PERMANENT', '2015-06-06 17:14:30'),
(1521, 13, 1521, 'PRESENT', '2015-06-06 17:14:58'),
(1522, 21, 1522, 'PERMANENT', '2015-06-06 17:12:43'),
(1523, 57, 1523, 'PERMANENT', '2015-06-06 17:11:02'),
(1524, 57, 1524, 'PRESENT', '2015-06-06 17:11:14'),
(1525, 37, 1525, 'PERMANENT', '2015-06-06 17:05:32'),
(1526, 37, 1526, 'PRESENT', '2015-06-06 17:05:41'),
(1527, 66, 1527, 'PERMANENT', '2015-06-06 17:00:40'),
(1528, 66, 1528, 'PRESENT', '2015-06-06 17:00:49'),
(1529, 33, 1529, 'PERMANENT', '2015-07-08 15:48:26'),
(1530, 33, 1530, 'PRESENT', '2015-06-06 16:59:06'),
(1531, 607, 1531, 'PERMANENT', '2015-06-06 16:32:27'),
(1532, 607, 1532, 'PRESENT', '2015-06-06 16:32:36'),
(1533, 152, 1533, 'PERMANENT', '2015-06-06 16:31:03'),
(1534, 152, 1534, 'PRESENT', '2015-06-06 16:31:07'),
(1535, 54, 1535, 'PERMANENT', '2015-07-08 15:08:35'),
(1536, 54, 1536, 'PRESENT', '2015-07-08 15:08:42'),
(1537, 148, 1537, 'PERMANENT', '2015-06-06 16:16:12'),
(1538, 148, 1538, 'PRESENT', '2015-06-06 16:16:21'),
(1539, 11, 1539, 'PERMANENT', '2015-06-06 16:10:51'),
(1540, 11, 1540, 'PRESENT', '2015-06-06 16:11:02'),
(1541, 616, 1541, 'PERMANENT', '2015-06-06 16:04:46'),
(1542, 616, 1542, 'PRESENT', '2015-06-06 16:04:58'),
(1543, 376, 1543, 'PERMANENT', '2015-06-06 12:54:08'),
(1544, 376, 1544, 'PRESENT', '2015-06-06 12:54:26'),
(1545, 630, 1545, 'PERMANENT', '2015-07-08 14:43:39'),
(1546, 630, 1546, 'PRESENT', '2015-06-06 14:08:30'),
(1547, 158, 1547, 'PERMANENT', '2015-06-06 14:12:52'),
(1548, 158, 1548, 'PRESENT', '2015-06-06 14:13:02'),
(1549, 602, 1549, 'PERMANENT', '2015-06-06 14:16:35'),
(1550, 602, 1550, 'PRESENT', '2015-07-08 14:48:08'),
(1551, 17, 1551, 'PERMANENT', '2015-06-06 14:36:04'),
(1552, 17, 1552, 'PRESENT', '2015-07-08 14:56:56'),
(1553, 38, 1553, 'PERMANENT', '2015-06-06 14:40:39'),
(1554, 38, 1554, 'PRESENT', '2015-06-06 14:40:49'),
(1555, 43, 1555, 'PERMANENT', '2015-06-06 14:47:23'),
(1556, 43, 1556, 'PRESENT', '2015-06-06 14:47:47'),
(1557, 763, 1557, 'PERMANENT', '2015-06-09 14:08:50'),
(1558, 763, 1558, 'PRESENT', '2015-06-09 18:18:49'),
(1559, 911, 1559, 'PERMANENT', '2015-06-09 18:20:50'),
(1560, 911, 1560, 'PRESENT', '2015-06-09 18:20:58'),
(1561, 951, 1561, 'PERMANENT', '2015-06-09 18:22:41'),
(1562, 951, 1562, 'PRESENT', '2015-06-09 18:22:54'),
(1563, 955, 1563, 'PRESENT', '2015-06-09 18:26:34'),
(1564, 1129, 1564, 'PERMANENT', '2015-06-09 18:59:53'),
(1565, 1129, 1565, 'PRESENT', '2015-06-09 19:00:46'),
(1566, 768, 1566, 'PERMANENT', '2015-06-09 19:03:55'),
(1567, 768, 1567, 'PRESENT', '2015-06-09 19:05:03'),
(1568, 766, 1568, 'PERMANENT', '2015-06-09 19:07:44'),
(1569, 766, 1569, 'PRESENT', '2015-06-09 19:08:00'),
(1570, 765, 1570, 'PERMANENT', '2015-06-09 19:09:22'),
(1571, 765, 1571, 'PRESENT', '2015-06-09 19:09:56'),
(1572, 764, 1572, 'PERMANENT', '2015-07-08 17:35:20'),
(1573, 764, 1573, 'PRESENT', '2015-06-09 19:12:09'),
(1574, 949, 1574, 'PERMANENT', '2015-06-09 19:15:27'),
(1575, 949, 1575, 'PRESENT', '2015-06-09 19:15:50'),
(1576, 950, 1576, 'PERMANENT', '2015-06-09 19:19:08'),
(1577, 950, 1577, 'PRESENT', '2015-06-09 19:19:43'),
(1578, 953, 1578, 'PERMANENT', '2015-06-09 19:21:21'),
(1579, 953, 1579, 'PRESENT', '2015-06-09 19:21:29'),
(1580, 1130, 1580, 'PERMANENT', '2015-06-09 19:26:18'),
(1581, 1130, 1581, 'PRESENT', '2015-06-09 19:26:55'),
(1582, 767, 1582, 'PERMANENT', '2015-06-09 19:30:45'),
(1583, 767, 1583, 'PRESENT', '2015-06-09 19:31:12'),
(1584, 769, 1584, 'PERMANENT', '2015-06-09 19:32:47'),
(1585, 769, 1585, 'PRESENT', '2015-06-09 19:33:24'),
(1586, 952, 1586, 'PERMANENT', '2015-06-09 19:35:00'),
(1587, 952, 1587, 'PRESENT', '2015-06-09 19:35:06'),
(1588, 1334, 1588, 'PERMANENT', '2015-06-09 19:37:00'),
(1589, 1334, 1589, 'PRESENT', '2015-06-09 19:38:11'),
(1590, 6, 1590, 'PERMANENT', '2015-06-09 20:26:36'),
(1591, 6, 1591, 'PRESENT', '2015-06-09 20:26:59'),
(1592, 160, 1592, 'PERMANENT', '2015-06-09 20:28:42'),
(1593, 160, 1593, 'PRESENT', '2015-06-09 20:28:56'),
(1594, 154, 1594, 'PERMANENT', '2015-06-09 20:31:01'),
(1595, 154, 1595, 'PRESENT', '2015-06-09 20:31:38'),
(1596, 633, 1596, 'PERMANENT', '2015-06-09 20:34:35'),
(1597, 633, 1597, 'PRESENT', '2015-06-09 20:34:54'),
(1598, 621, 1598, 'PERMANENT', '2015-06-09 20:36:59'),
(1599, 621, 1599, 'PRESENT', '2015-06-09 20:37:05'),
(1600, 632, 1600, 'PERMANENT', '2015-06-09 20:39:37'),
(1601, 632, 1601, 'PRESENT', '2015-06-09 20:40:05'),
(1602, 10, 1602, 'PERMANENT', '2015-06-09 20:42:03'),
(1603, 10, 1603, 'PRESENT', '2015-06-09 20:42:11'),
(1604, 16, 1604, 'PERMANENT', '2015-06-09 21:12:14'),
(1605, 16, 1605, 'PRESENT', '2015-06-09 21:12:38'),
(1606, 151, 1606, 'PERMANENT', '2015-06-09 21:14:30'),
(1607, 18, 1607, 'PERMANENT', '2015-07-08 17:33:13'),
(1608, 18, 1608, 'PRESENT', '2015-07-08 17:33:27'),
(1609, 157, 1609, 'PERMANENT', '2015-06-10 12:47:02'),
(1610, 157, 1610, 'PERMANENT', '2015-06-10 12:47:11'),
(1611, 157, 1611, 'PRESENT', '2015-06-10 12:47:33'),
(1612, 631, 1612, 'PERMANENT', '2015-06-10 12:53:19'),
(1613, 631, 1613, 'PRESENT', '2015-06-10 12:53:57'),
(1614, 41, 1614, 'PERMANENT', '2015-06-10 12:56:37'),
(1615, 41, 1615, 'PRESENT', '2015-06-10 12:57:50'),
(1616, 613, 1616, 'PERMANENT', '2015-07-08 17:00:50'),
(1617, 613, 1617, 'PRESENT', '2015-06-10 13:00:21'),
(1618, 9, 1618, 'PERMANENT', '2015-06-10 13:04:13'),
(1619, 9, 1619, 'PRESENT', '2015-06-10 13:07:04'),
(1620, 623, 1620, 'PERMANENT', '2015-06-10 13:13:27'),
(1621, 623, 1621, 'PRESENT', '2015-06-10 13:13:56'),
(1622, 61, 1622, 'PERMANENT', '2015-06-10 13:17:53'),
(1623, 61, 1623, 'PRESENT', '2015-06-10 13:18:59'),
(1624, 761, 1624, 'PERMANENT', '2015-06-10 13:20:23'),
(1625, 761, 1625, 'PRESENT', '2015-06-10 13:21:21'),
(1626, 40, 1626, 'PERMANENT', '2015-06-10 13:26:40'),
(1627, 40, 1627, 'PRESENT', '2015-06-10 13:28:25'),
(1628, 605, 1628, 'PERMANENT', '2015-06-10 14:12:44'),
(1629, 605, 1629, 'PRESENT', '2015-06-10 14:13:06'),
(1630, 59, 1630, 'PERMANENT', '2015-06-10 14:38:26'),
(1631, 59, 1631, 'PRESENT', '2015-06-10 14:38:45'),
(1632, 22, 1632, 'PERMANENT', '2015-06-10 14:43:55'),
(1633, 22, 1633, 'PRESENT', '2015-06-10 14:44:06'),
(1634, 600, 1634, 'PERMANENT', '2015-06-10 15:05:03'),
(1635, 600, 1635, 'PRESENT', '2015-06-10 15:05:10'),
(1636, 617, 1636, 'PERMANENT', '2015-06-10 15:06:56'),
(1637, 617, 1637, 'PRESENT', '2015-06-10 15:07:02'),
(1638, 629, 1638, 'PERMANENT', '2015-07-08 17:21:56'),
(1639, 629, 1639, 'PRESENT', '2015-06-10 15:11:44'),
(1640, 14, 1640, 'PERMANENT', '2015-06-10 15:15:23'),
(1641, 14, 1641, 'PRESENT', '2015-06-10 15:15:52'),
(1642, 1328, 1642, 'PERMANENT', '2015-06-10 15:17:54'),
(1643, 1331, 1643, 'PERMANENT', '2015-06-10 15:23:10'),
(1644, 1331, 1644, 'PRESENT', '2015-06-10 15:24:56'),
(1645, 1332, 1645, 'PERMANENT', '2015-06-10 15:27:23'),
(1646, 1332, 1646, 'PRESENT', '2015-06-10 15:27:42'),
(1647, 150, 1647, 'PRESENT', '2015-06-24 17:54:13'),
(1648, 846, 1648, 'PERMANENT', '2015-06-20 15:15:25'),
(1649, 846, 1649, 'PRESENT', '2015-06-20 15:15:36'),
(1650, 1165, 1650, 'PERMANENT', '2015-06-20 16:16:03'),
(1651, 1436, 1651, 'PERMANENT', '2015-07-07 15:00:20'),
(1652, 1436, 1652, 'PRESENT', '2015-07-07 15:00:35'),
(1653, 48, 1653, 'PRESENT', '2015-07-08 14:27:26'),
(1654, 151, 1654, 'PRESENT', '2015-07-08 16:53:49'),
(1655, 1328, 1655, 'PRESENT', '2015-07-08 17:23:21'),
(1656, 1437, 1656, 'PERMANENT', '2015-07-12 14:47:14'),
(1657, 1437, 1657, 'PRESENT', '2015-09-10 04:39:38'),
(1660, 1439, 1660, 'PERMANENT', '2015-07-12 19:40:05'),
(1661, 1439, 1661, 'PRESENT', '2015-07-12 19:40:11'),
(1662, 1440, 1662, 'PERMANENT', '2015-07-26 15:18:45'),
(1663, 1440, 1663, 'PRESENT', '2015-07-26 15:19:30'),
(1664, 1441, 1664, 'PRESENT', '2015-08-03 16:18:13'),
(1665, 1442, 1665, 'PERMANENT', '2015-08-03 16:30:52'),
(1666, 1442, 1666, 'PRESENT', '2015-08-03 16:31:22'),
(1667, 1443, 1667, 'PERMANENT', '2015-08-06 15:28:08'),
(1668, 1443, 1668, 'PRESENT', '2015-08-06 15:28:15'),
(1669, 1444, 1669, 'PERMANENT', '2015-08-08 14:58:46'),
(1670, 1444, 1670, 'PRESENT', '2015-08-08 14:59:59'),
(1671, 1445, 1671, 'PERMANENT', '2015-08-08 16:50:39'),
(1672, 1445, 1672, 'PRESENT', '2015-08-08 16:51:12'),
(1673, 1446, 1673, 'PERMANENT', '2015-08-10 18:02:34'),
(1674, 1446, 1674, 'PRESENT', '2015-08-10 18:02:41'),
(1675, 1447, 1675, 'PERMANENT', '2015-08-17 13:41:08'),
(1676, 1447, 1676, 'PRESENT', '2015-08-17 13:42:06'),
(1677, 1448, 1677, 'PERMANENT', '2015-09-02 09:54:00'),
(1678, 1448, 1678, 'PRESENT', '2015-09-02 09:54:08'),
(1679, 1449, 1679, 'PERMANENT', '2015-09-18 09:50:10'),
(1680, 1449, 1680, 'PRESENT', '2015-09-18 09:50:15');

--
-- Triggers `sms_student_address`
--
DELIMITER $$
CREATE TRIGGER `student_address_ai` AFTER INSERT ON `sms_student_address`
 FOR EACH ROW begin
  case new.address_type
   when 'PRESENT' THEN update  sms_student set present_address_id = new.address_id where id = new.student_id;
 else 
   update  sms_student  set permanent_address_id = new.address_id where id = new.student_id;
 END CASE;
end
$$
DELIMITER ;

-- --------------------------------------------------------

--
-- Table structure for table `sms_student_attendance`
--

CREATE TABLE IF NOT EXISTS `sms_student_attendance` (
  `id` bigint(20) unsigned NOT NULL,
  `student_id` bigint(20) unsigned NOT NULL,
  `date` date NOT NULL,
  `attendance_status` enum('Present','Absent') DEFAULT NULL,
  `created_at` timestamp NULL DEFAULT NULL,
  `updated_at` timestamp NOT NULL DEFAULT CURRENT_TIMESTAMP ON UPDATE CURRENT_TIMESTAMP,
  `created_by` bigint(20) DEFAULT NULL,
  `updated_by` bigint(20) DEFAULT NULL
) ENGINE=InnoDB AUTO_INCREMENT=2 DEFAULT CHARSET=latin1;

--
-- Dumping data for table `sms_student_attendance`
--

INSERT INTO `sms_student_attendance` (`id`, `student_id`, `date`, `attendance_status`, `created_at`, `updated_at`, `created_by`, `updated_by`) VALUES
(1, 1, '2016-01-19', 'Present', '2016-01-19 05:38:46', '2016-01-19 05:38:46', 1250, NULL);

-- --------------------------------------------------------

--
-- Table structure for table `sms_student_extra_facility_list`
--

CREATE TABLE IF NOT EXISTS `sms_student_extra_facility_list` (
  `id` tinyint(2) NOT NULL,
  `title` varchar(100) NOT NULL,
  `description` varchar(150) NOT NULL,
  `created_at` timestamp NOT NULL DEFAULT CURRENT_TIMESTAMP ON UPDATE CURRENT_TIMESTAMP
) ENGINE=InnoDB AUTO_INCREMENT=4 DEFAULT CHARSET=latin1;

--
-- Dumping data for table `sms_student_extra_facility_list`
--

INSERT INTO `sms_student_extra_facility_list` (`id`, `title`, `description`, `created_at`) VALUES
(1, 'Transport Facility', 'Transport Facility', '2014-10-27 17:37:25'),
(2, 'Special Class', 'Special Class', '2014-10-27 17:37:25'),
(3, 'Transport & Special Class Both', 'Both', '2014-10-28 16:31:46');

-- --------------------------------------------------------

--
-- Table structure for table `sms_student_guardian`
--

CREATE TABLE IF NOT EXISTS `sms_student_guardian` (
  `id` bigint(20) unsigned NOT NULL,
  `student_id` bigint(20) unsigned NOT NULL,
  `guardian_id` bigint(20) unsigned NOT NULL,
  `relationship_id` int(8) unsigned NOT NULL,
  `created_at` timestamp NOT NULL DEFAULT CURRENT_TIMESTAMP ON UPDATE CURRENT_TIMESTAMP
) ENGINE=InnoDB AUTO_INCREMENT=3 DEFAULT CHARSET=latin1;

--
-- Dumping data for table `sms_student_guardian`
--

INSERT INTO `sms_student_guardian` (`id`, `student_id`, `guardian_id`, `relationship_id`, `created_at`) VALUES
(1, 1, 1, 2, '2016-01-13 05:23:02'),
(2, 1, 2, 1, '2016-01-13 05:23:47');

--
-- Triggers `sms_student_guardian`
--
DELIMITER $$
CREATE TRIGGER `student_guardian_ai` AFTER INSERT ON `sms_student_guardian`
 FOR EACH ROW begin
  case new.relationship_id
   when 1 THEN update  sms_student set mother_guardian_id = new.guardian_id where id = new.student_id;
   when 2 THEN update  sms_student set father_guardian_id = new.guardian_id where id = new.student_id;
 else 
   update  sms_student  set local_guardian_id = new.guardian_id where id = new.student_id;
 END CASE;
end
$$
DELIMITER ;

-- --------------------------------------------------------

--
-- Table structure for table `sms_student_house`
--

CREATE TABLE IF NOT EXISTS `sms_student_house` (
  `id` int(11) NOT NULL,
  `house_id` tinyint(3) NOT NULL,
  `student_id` int(11) NOT NULL,
  `create_date` timestamp NOT NULL DEFAULT CURRENT_TIMESTAMP ON UPDATE CURRENT_TIMESTAMP,
  `update_date` datetime NOT NULL
) ENGINE=InnoDB AUTO_INCREMENT=1203 DEFAULT CHARSET=latin1;

--
-- Dumping data for table `sms_student_house`
--

INSERT INTO `sms_student_house` (`id`, `house_id`, `student_id`, `create_date`, `update_date`) VALUES
(1, 2, 133, '2015-01-20 23:28:49', '2015-01-21 05:28:49'),
(2, 1, 964, '2014-09-14 12:58:58', '2014-09-14 06:58:58'),
(3, 1, 137, '2015-01-20 23:01:15', '2015-01-21 05:01:15'),
(4, 1, 142, '2014-10-19 02:53:47', '2014-10-19 08:53:47'),
(5, 1, 138, '2015-01-20 23:01:15', '2015-01-21 05:01:15'),
(6, 1, 780, '2015-01-20 19:31:42', '2015-01-21 01:31:42'),
(7, 4, 131, '2015-01-20 22:22:42', '2015-01-21 04:22:42'),
(8, 3, 132, '2015-01-20 22:44:01', '2015-01-21 04:44:01'),
(9, 3, 134, '2014-10-19 02:56:49', '2014-10-19 08:56:49'),
(10, 4, 139, '2015-01-20 22:22:10', '2015-01-21 04:22:10'),
(11, 1, 140, '2015-01-20 23:00:39', '2015-01-21 05:00:39'),
(13, 4, 144, '2015-01-20 15:29:49', '2015-01-20 09:29:49'),
(14, 2, 970, '2014-09-14 12:58:30', '2014-09-14 06:58:30'),
(15, 4, 130, '2014-10-19 03:00:31', '2014-10-19 09:00:31'),
(16, 4, 765, '2014-10-19 03:00:31', '2014-10-19 09:00:31'),
(17, 3, 135, '2015-01-20 22:44:36', '2015-01-21 04:44:36'),
(20, 4, 150, '2015-01-20 15:19:53', '2015-01-20 09:19:53'),
(21, 1, 143, '2015-01-20 18:20:47', '2015-01-21 12:20:47'),
(22, 1, 974, '2015-01-20 17:31:05', '2015-01-20 11:31:05'),
(23, 3, 149, '2015-01-20 16:37:16', '2015-01-20 10:37:16'),
(24, 2, 762, '2014-10-19 02:58:56', '2014-10-19 08:58:56'),
(25, 4, 763, '2014-10-19 03:00:31', '2014-10-19 09:00:31'),
(26, 1, 758, '2014-10-19 02:53:47', '2014-10-19 08:53:47'),
(29, 1, 978, '2015-01-20 17:29:18', '2015-01-20 11:29:18'),
(30, 1, 136, '2014-10-19 02:53:47', '2014-10-19 08:53:47'),
(31, 2, 147, '2014-10-19 02:58:56', '2014-10-19 08:58:56'),
(32, 4, 764, '2015-01-20 19:21:50', '2015-01-21 01:21:50'),
(33, 2, 141, '2014-10-19 02:58:56', '2014-10-19 08:58:56'),
(34, 4, 760, '2014-10-19 03:00:31', '2014-10-19 09:00:31'),
(35, 2, 761, '2014-10-19 02:58:56', '2014-10-19 08:58:56'),
(36, 3, 759, '2015-01-20 16:22:16', '2015-01-20 10:22:16'),
(38, 4, 744, '2014-10-19 03:00:31', '2014-10-19 09:00:31'),
(42, 1, 773, '2015-01-20 19:36:23', '2015-01-21 01:36:23'),
(47, 3, 968, '2014-10-19 03:04:48', '2014-10-19 09:04:48'),
(57, 1, 146, '2014-10-19 03:05:46', '2014-10-19 09:05:46'),
(58, 1, 768, '2015-01-20 10:17:35', '2015-01-20 04:17:35'),
(59, 4, 148, '2014-10-19 03:02:36', '2014-10-19 09:02:36'),
(60, 3, 772, '2014-10-19 03:04:48', '2014-10-19 09:04:48'),
(63, 1, 720, '2014-10-19 03:05:46', '2014-10-19 09:05:46'),
(64, 2, 722, '2014-10-19 03:03:42', '2014-10-19 09:03:42'),
(66, 1, 769, '2015-01-20 11:23:16', '2015-01-20 05:23:16'),
(67, 2, 770, '2015-01-20 19:13:04', '2015-01-21 01:13:04'),
(71, 1, 771, '2015-01-20 19:30:59', '2015-01-21 01:30:59'),
(76, 1, 984, '2015-01-20 18:44:08', '2015-01-21 12:44:08'),
(78, 2, 743, '2014-10-19 03:03:42', '2014-10-19 09:03:42'),
(80, 4, 985, '2015-01-20 17:00:42', '2015-01-20 11:00:42'),
(81, 1, 982, '2014-10-19 03:42:53', '0000-00-00 00:00:00'),
(82, 1, 1000, '2014-10-19 03:42:53', '0000-00-00 00:00:00'),
(83, 1, 1002, '2014-10-19 03:42:53', '0000-00-00 00:00:00'),
(84, 2, 1005, '2015-01-20 17:09:19', '2015-01-20 11:09:19'),
(85, 2, 776, '2015-01-20 19:15:00', '2015-01-21 01:15:00'),
(87, 1, 1009, '2014-10-19 03:42:53', '0000-00-00 00:00:00'),
(89, 2, 777, '2015-01-20 19:13:39', '2015-01-21 01:13:39'),
(90, 4, 1015, '2015-01-20 18:22:27', '2015-01-21 12:22:27'),
(98, 3, 775, '2015-01-20 19:24:31', '2015-01-21 01:24:31'),
(100, 3, 975, '2015-01-20 18:35:22', '2015-01-21 12:35:22'),
(102, 3, 995, '2015-01-20 17:21:00', '2015-01-20 11:21:00'),
(103, 2, 998, '2014-10-19 03:50:29', '0000-00-00 00:00:00'),
(104, 3, 779, '2015-01-20 19:22:56', '2015-01-21 01:22:56'),
(105, 4, 1010, '2015-01-20 17:45:16', '2015-01-20 11:45:16'),
(106, 2, 1011, '2014-10-19 03:50:29', '0000-00-00 00:00:00'),
(107, 4, 1014, '2015-01-20 18:23:24', '2015-01-21 12:23:24'),
(109, 3, 981, '2015-01-20 17:19:06', '2015-01-20 11:19:06'),
(112, 2, 216, '2014-10-19 03:53:16', '0000-00-00 00:00:00'),
(114, 1, 789, '2015-01-20 19:35:37', '2015-01-21 01:35:37'),
(116, 2, 787, '2014-10-19 03:53:16', '0000-00-00 00:00:00'),
(117, 3, 973, '2014-10-19 03:55:04', '0000-00-00 00:00:00'),
(118, 4, 979, '2015-01-20 18:20:57', '2015-01-21 12:20:57'),
(119, 1, 983, '2015-01-20 18:40:29', '2015-01-21 12:40:29'),
(120, 2, 996, '2015-01-20 17:10:58', '2015-01-20 11:10:58'),
(121, 3, 999, '2014-10-19 03:55:04', '0000-00-00 00:00:00'),
(124, 2, 1008, '2015-01-20 18:30:56', '2015-01-21 12:30:56'),
(127, 1, 782, '2015-01-20 19:32:40', '2015-01-21 01:32:40'),
(129, 3, 784, '2014-10-19 03:56:30', '0000-00-00 00:00:00'),
(133, 1, 1013, '2015-01-20 18:41:33', '2015-01-21 12:41:33'),
(136, 2, 786, '2015-01-20 19:18:10', '2015-01-21 01:18:10'),
(137, 3, 992, '2015-01-20 18:09:47', '2015-01-21 12:09:47'),
(138, 3, 993, '2015-01-20 17:20:08', '2015-01-20 11:20:08'),
(140, 1, 1004, '2015-01-20 18:42:14', '2015-01-21 12:42:14'),
(141, 1, 1012, '2015-01-20 18:42:53', '2015-01-21 12:42:53'),
(142, 2, 778, '2015-01-20 19:16:38', '2015-01-21 01:16:38'),
(143, 4, 1016, '2014-10-19 03:58:10', '0000-00-00 00:00:00'),
(144, 3, 774, '2015-01-20 19:23:39', '2015-01-21 01:23:39'),
(147, 4, 218, '2014-10-19 03:59:48', '0000-00-00 00:00:00'),
(149, 4, 687, '2014-10-19 03:59:48', '0000-00-00 00:00:00'),
(151, 4, 1007, '2014-10-19 03:59:48', '0000-00-00 00:00:00'),
(154, 1, 783, '2015-01-20 19:37:01', '2015-01-21 01:37:01'),
(160, 4, 812, '2014-10-20 04:59:26', '0000-00-00 00:00:00'),
(161, 4, 811, '2014-10-20 04:59:26', '0000-00-00 00:00:00'),
(163, 3, 807, '2015-01-20 21:54:10', '2015-01-21 03:54:10'),
(167, 4, 327, '2014-10-20 04:59:26', '0000-00-00 00:00:00'),
(172, 1, 347, '2014-10-20 05:02:59', '0000-00-00 00:00:00'),
(174, 4, 809, '2015-01-20 21:41:05', '2015-01-21 03:41:05'),
(175, 1, 814, '2015-01-20 22:00:17', '2015-01-21 04:00:17'),
(179, 3, 818, '2015-01-20 21:54:10', '2015-01-21 03:54:10'),
(180, 2, 817, '2015-01-20 21:47:25', '2015-01-21 03:47:25'),
(181, 4, 339, '2014-10-20 05:04:46', '0000-00-00 00:00:00'),
(186, 2, 354, '2014-10-20 06:07:02', '0000-00-00 00:00:00'),
(187, 2, 355, '2014-10-20 06:07:02', '0000-00-00 00:00:00'),
(188, 2, 313, '2014-10-20 06:07:02', '0000-00-00 00:00:00'),
(189, 2, 815, '2014-10-20 06:07:02', '0000-00-00 00:00:00'),
(190, 1, 816, '2015-01-20 21:58:42', '2015-01-21 03:58:42'),
(194, 3, 320, '2014-10-20 08:16:03', '0000-00-00 00:00:00'),
(195, 4, 819, '2015-01-20 21:42:03', '2015-01-21 03:42:03'),
(199, 1, 766, '2015-01-20 10:38:33', '2015-01-20 04:38:33'),
(201, 3, 363, '2014-10-20 08:16:03', '0000-00-00 00:00:00'),
(204, 1, 821, '2014-10-20 08:16:58', '0000-00-00 00:00:00'),
(205, 4, 767, '2015-01-20 19:22:55', '2015-01-21 01:22:55'),
(206, 1, 328, '2014-10-20 08:16:58', '0000-00-00 00:00:00'),
(211, 2, 314, '2014-10-21 02:56:30', '0000-00-00 00:00:00'),
(213, 2, 810, '2014-10-21 02:56:30', '0000-00-00 00:00:00'),
(214, 4, 813, '2015-01-20 21:41:32', '2015-01-21 03:41:32'),
(219, 2, 808, '2015-01-20 21:46:56', '2015-01-21 03:46:56'),
(221, 3, 306, '2014-10-21 02:57:34', '0000-00-00 00:00:00'),
(223, 3, 304, '2014-10-21 02:57:34', '0000-00-00 00:00:00'),
(224, 2, 806, '2015-01-20 21:47:25', '2015-01-21 03:47:25'),
(226, 4, 380, '2014-10-21 03:06:28', '0000-00-00 00:00:00'),
(227, 4, 393, '2014-10-21 03:06:28', '0000-00-00 00:00:00'),
(229, 4, 408, '2014-10-21 03:06:28', '0000-00-00 00:00:00'),
(231, 4, 391, '2014-10-21 03:06:28', '0000-00-00 00:00:00'),
(232, 4, 387, '2014-10-21 03:06:28', '0000-00-00 00:00:00'),
(233, 4, 382, '2014-10-21 03:06:28', '0000-00-00 00:00:00'),
(234, 1, 410, '2015-01-20 21:59:52', '2015-01-21 03:59:52'),
(235, 2, 392, '2015-01-20 21:13:05', '2015-01-21 03:13:05'),
(236, 1, 401, '2015-01-20 22:11:13', '2015-01-21 04:11:13'),
(239, 2, 432, '2014-10-21 03:07:27', '0000-00-00 00:00:00'),
(240, 4, 853, '2015-01-20 21:43:51', '2015-01-21 03:43:51'),
(241, 2, 390, '2014-10-21 03:07:27', '0000-00-00 00:00:00'),
(242, 1, 385, '2015-01-20 22:22:39', '2015-01-21 04:22:39'),
(245, 2, 406, '2014-10-21 03:07:27', '0000-00-00 00:00:00'),
(246, 1, 375, '2015-01-20 22:24:02', '2015-01-21 04:24:02'),
(247, 3, 851, '2014-10-21 03:08:42', '0000-00-00 00:00:00'),
(248, 3, 398, '2014-10-21 03:08:42', '0000-00-00 00:00:00'),
(250, 3, 404, '2014-10-21 03:08:42', '0000-00-00 00:00:00'),
(251, 2, 389, '2015-01-20 20:43:47', '2015-01-21 02:43:47'),
(252, 3, 394, '2014-10-21 03:08:42', '0000-00-00 00:00:00'),
(253, 1, 386, '2015-01-20 21:00:41', '2015-01-21 03:00:41'),
(256, 3, 854, '2015-01-20 21:11:24', '2015-01-21 03:11:24'),
(257, 1, 388, '2014-10-21 03:09:54', '0000-00-00 00:00:00'),
(258, 1, 396, '2014-10-21 03:09:54', '0000-00-00 00:00:00'),
(259, 1, 381, '2014-10-21 03:09:54', '0000-00-00 00:00:00'),
(260, 1, 852, '2014-10-21 03:09:54', '0000-00-00 00:00:00'),
(262, 1, 383, '2014-10-21 03:09:54', '0000-00-00 00:00:00'),
(264, 4, 402, '2014-10-21 03:11:20', '0000-00-00 00:00:00'),
(266, 4, 833, '2014-10-21 03:11:20', '0000-00-00 00:00:00'),
(268, 1, 447, '2015-01-20 22:25:23', '2015-01-21 04:25:23'),
(269, 1, 395, '2015-01-20 21:55:26', '2015-01-21 03:55:26'),
(271, 2, 436, '2014-10-21 03:12:23', '0000-00-00 00:00:00'),
(272, 4, 445, '2015-01-20 20:33:17', '2015-01-21 02:33:17'),
(273, 2, 377, '2014-10-21 03:12:23', '0000-00-00 00:00:00'),
(274, 2, 407, '2014-10-21 03:12:23', '0000-00-00 00:00:00'),
(275, 2, 400, '2014-10-21 03:12:23', '0000-00-00 00:00:00'),
(277, 4, 379, '2015-01-20 20:33:17', '2015-01-21 02:33:17'),
(278, 3, 399, '2014-10-21 03:13:26', '0000-00-00 00:00:00'),
(279, 1, 823, '2015-01-20 21:59:32', '2015-01-21 03:59:32'),
(280, 1, 443, '2015-01-20 22:12:36', '2015-01-21 04:12:36'),
(281, 1, 376, '2015-01-20 21:05:09', '2015-01-21 03:05:09'),
(282, 1, 403, '2015-01-20 21:50:19', '2015-01-21 03:50:19'),
(283, 3, 378, '2014-10-21 03:13:26', '0000-00-00 00:00:00'),
(284, 3, 405, '2014-10-21 03:13:26', '0000-00-00 00:00:00'),
(285, 2, 438, '2015-01-20 20:43:45', '2015-01-21 02:43:45'),
(286, 1, 449, '2014-10-21 03:14:39', '0000-00-00 00:00:00'),
(291, 1, 824, '2014-10-21 03:14:39', '0000-00-00 00:00:00'),
(293, 1, 441, '2014-10-21 03:14:39', '0000-00-00 00:00:00'),
(294, 1, 426, '2015-01-20 21:45:43', '2015-01-21 03:45:43'),
(295, 4, 453, '2014-10-21 03:16:59', '0000-00-00 00:00:00'),
(298, 1, 451, '2015-01-20 21:55:26', '2015-01-21 03:55:26'),
(300, 1, 424, '2015-01-20 21:45:43', '2015-01-21 03:45:43'),
(301, 4, 409, '2014-10-21 03:16:59', '0000-00-00 00:00:00'),
(302, 4, 450, '2014-10-21 03:16:59', '0000-00-00 00:00:00'),
(303, 2, 429, '2015-01-20 20:46:33', '2015-01-21 02:46:33'),
(304, 2, 418, '2014-10-21 03:18:14', '0000-00-00 00:00:00'),
(305, 4, 422, '2015-01-20 20:33:17', '2015-01-21 02:33:17'),
(307, 1, 416, '2015-01-20 22:22:39', '2015-01-21 04:22:39'),
(308, 2, 448, '2014-10-21 03:18:14', '0000-00-00 00:00:00'),
(309, 2, 420, '2014-10-21 03:18:14', '0000-00-00 00:00:00'),
(310, 1, 439, '2015-01-20 22:22:39', '2015-01-21 04:22:39'),
(311, 2, 455, '2014-10-21 03:18:14', '0000-00-00 00:00:00'),
(313, 1, 454, '2015-01-20 22:09:04', '2015-01-21 04:09:04'),
(314, 3, 411, '2014-10-21 03:19:13', '0000-00-00 00:00:00'),
(316, 3, 440, '2014-10-21 03:19:13', '0000-00-00 00:00:00'),
(317, 4, 415, '2015-01-20 21:02:39', '2015-01-21 03:02:39'),
(318, 1, 427, '2015-01-20 22:24:02', '2015-01-21 04:24:02'),
(319, 3, 442, '2014-10-21 03:19:13', '0000-00-00 00:00:00'),
(320, 1, 446, '2014-10-21 03:20:17', '0000-00-00 00:00:00'),
(321, 1, 435, '2014-10-21 03:20:17', '0000-00-00 00:00:00'),
(322, 1, 444, '2014-10-21 03:20:17', '0000-00-00 00:00:00'),
(323, 1, 822, '2014-10-21 03:20:18', '0000-00-00 00:00:00'),
(325, 1, 433, '2014-10-21 03:20:18', '0000-00-00 00:00:00'),
(326, 1, 437, '2014-10-21 03:20:18', '0000-00-00 00:00:00'),
(329, 1, 945, '2014-10-21 03:25:53', '0000-00-00 00:00:00'),
(330, 2, 397, '2014-10-21 03:26:27', '0000-00-00 00:00:00'),
(331, 2, 413, '2015-01-20 20:43:55', '2015-01-21 02:43:55'),
(332, 4, 526, '2014-10-21 03:30:16', '0000-00-00 00:00:00'),
(333, 4, 868, '2014-10-21 03:30:16', '0000-00-00 00:00:00'),
(335, 4, 513, '2014-10-21 03:30:16', '0000-00-00 00:00:00'),
(337, 4, 509, '2015-01-20 23:19:42', '2015-01-21 05:19:42'),
(338, 4, 870, '2015-01-20 19:03:59', '2015-01-21 01:03:59'),
(339, 2, 524, '2014-10-21 03:31:08', '0000-00-00 00:00:00'),
(340, 4, 869, '2015-01-20 19:07:15', '2015-01-21 01:07:15'),
(342, 3, 520, '2014-10-21 03:32:08', '0000-00-00 00:00:00'),
(345, 4, 511, '2015-01-20 19:48:52', '2015-01-21 01:48:52'),
(347, 3, 478, '2015-01-20 21:14:35', '2015-01-21 03:14:35'),
(348, 4, 864, '2014-10-21 03:34:01', '0000-00-00 00:00:00'),
(349, 4, 482, '2014-10-21 03:34:01', '0000-00-00 00:00:00'),
(351, 4, 460, '2014-10-21 03:34:02', '0000-00-00 00:00:00'),
(352, 3, 479, '2015-01-20 21:13:54', '2015-01-21 03:13:54'),
(353, 2, 469, '2015-01-20 20:35:00', '2015-01-21 02:35:00'),
(355, 1, 465, '2015-01-20 21:23:50', '2015-01-21 03:23:50'),
(356, 2, 462, '2014-10-21 03:34:50', '0000-00-00 00:00:00'),
(357, 3, 470, '2015-01-20 20:38:58', '2015-01-21 02:38:58'),
(358, 3, 468, '2015-01-20 20:40:13', '2015-01-21 02:40:13'),
(359, 3, 463, '2015-01-20 23:35:14', '2015-01-21 05:35:14'),
(362, 4, 475, '2015-01-20 20:56:28', '2015-01-21 02:56:28'),
(363, 1, 867, '2015-01-20 19:33:58', '2015-01-21 01:33:58'),
(365, 1, 473, '2015-01-20 20:19:40', '2015-01-21 02:19:40'),
(366, 2, 866, '2015-01-20 19:17:19', '2015-01-21 01:17:19'),
(367, 4, 477, '2015-01-20 19:49:24', '2015-01-21 01:49:24'),
(368, 2, 476, '2015-01-20 21:03:59', '2015-01-21 03:03:59'),
(369, 3, 466, '2015-01-20 21:16:00', '2015-01-21 03:16:00'),
(371, 1, 464, '2014-10-21 03:36:28', '0000-00-00 00:00:00'),
(372, 3, 472, '2015-01-20 20:41:27', '2015-01-21 02:41:27'),
(373, 4, 467, '2015-01-20 19:50:39', '2015-01-21 01:50:39'),
(374, 2, 471, '2015-01-20 20:33:26', '2015-01-21 02:33:26'),
(375, 2, 865, '2015-01-20 19:14:19', '2015-01-21 01:14:19'),
(376, 1, 484, '2015-01-20 20:19:44', '2015-01-21 02:19:44'),
(377, 1, 494, '2015-01-20 20:19:44', '2015-01-21 02:19:44'),
(378, 4, 499, '2014-10-21 03:37:23', '0000-00-00 00:00:00'),
(379, 2, 488, '2015-01-20 20:35:36', '2015-01-21 02:35:36'),
(380, 1, 461, '2015-01-20 22:25:23', '2015-01-21 04:25:23'),
(381, 4, 506, '2014-10-21 03:37:23', '0000-00-00 00:00:00'),
(382, 4, 781, '2014-10-21 03:37:23', '0000-00-00 00:00:00'),
(383, 3, 501, '2015-01-20 21:15:18', '2015-01-21 03:15:18'),
(386, 4, 872, '2015-01-20 19:04:36', '2015-01-21 01:04:36'),
(387, 2, 505, '2014-10-21 03:38:17', '0000-00-00 00:00:00'),
(388, 4, 490, '2015-01-20 19:52:14', '2015-01-21 01:52:14'),
(389, 2, 58, '2014-10-21 03:38:17', '0000-00-00 00:00:00'),
(390, 2, 486, '2014-10-21 03:38:17', '0000-00-00 00:00:00'),
(391, 4, 489, '2015-01-20 19:47:49', '2015-01-21 01:47:49'),
(392, 4, 493, '2015-01-20 19:51:05', '2015-01-21 01:51:05'),
(393, 1, 487, '2015-01-20 21:31:00', '2015-01-21 03:31:00'),
(394, 2, 485, '2015-01-20 20:34:23', '2015-01-21 02:34:23'),
(395, 1, 504, '2015-01-20 20:19:40', '2015-01-21 02:19:40'),
(396, 1, 491, '2015-01-20 20:49:14', '2015-01-21 02:49:14'),
(397, 3, 459, '2014-10-21 03:39:04', '0000-00-00 00:00:00'),
(398, 3, 59, '2015-01-20 19:05:49', '2015-01-21 01:05:49'),
(399, 2, 496, '2015-01-20 21:05:53', '2015-01-21 03:05:53'),
(400, 4, 871, '2015-01-20 19:05:59', '2015-01-21 01:05:59'),
(401, 1, 492, '2014-10-21 03:39:51', '0000-00-00 00:00:00'),
(402, 2, 500, '2015-01-20 21:08:39', '2015-01-21 03:08:39'),
(403, 1, 502, '2015-01-20 20:19:24', '2015-01-21 02:19:24'),
(404, 2, 503, '2015-01-20 21:06:49', '2015-01-21 03:06:49'),
(405, 1, 56, '2014-10-21 03:39:51', '0000-00-00 00:00:00'),
(406, 4, 521, '2014-10-21 03:57:27', '0000-00-00 00:00:00'),
(407, 4, 522, '2014-10-21 03:57:27', '0000-00-00 00:00:00'),
(408, 2, 517, '2014-10-21 03:58:10', '0000-00-00 00:00:00'),
(409, 1, 480, '2015-01-20 20:50:26', '2015-01-21 02:50:26'),
(410, 2, 510, '2015-01-20 23:28:21', '2015-01-21 05:28:21'),
(411, 3, 481, '2014-10-21 03:59:02', '0000-00-00 00:00:00'),
(412, 4, 514, '2015-01-20 23:20:40', '2015-01-21 05:20:40'),
(413, 4, 483, '2015-01-20 19:52:50', '2015-01-21 01:52:50'),
(414, 1, 516, '2015-01-20 23:40:09', '2015-01-21 05:40:09'),
(415, 1, 518, '2015-01-20 23:01:15', '2015-01-21 05:01:15'),
(416, 1, 507, '2014-10-21 03:59:34', '0000-00-00 00:00:00'),
(417, 4, 508, '2015-01-20 23:19:20', '2015-01-21 05:19:20'),
(418, 1, 519, '2014-10-21 03:59:34', '0000-00-00 00:00:00'),
(421, 2, 474, '2015-01-20 20:29:16', '2015-01-21 02:29:16'),
(424, 2, 631, '2015-01-20 18:53:09', '2015-01-21 12:53:09'),
(425, 4, 595, '2014-10-21 04:14:48', '0000-00-00 00:00:00'),
(426, 4, 598, '2014-10-21 04:14:48', '0000-00-00 00:00:00'),
(427, 4, 629, '2014-10-21 04:14:48', '0000-00-00 00:00:00'),
(428, 1, 624, '2015-01-20 16:43:31', '2015-01-20 10:43:31'),
(429, 4, 604, '2014-10-21 04:14:48', '0000-00-00 00:00:00'),
(430, 4, 626, '2014-10-21 04:14:48', '0000-00-00 00:00:00'),
(431, 4, 610, '2014-10-21 04:14:48', '0000-00-00 00:00:00'),
(432, 4, 632, '2014-10-21 04:14:48', '0000-00-00 00:00:00'),
(433, 1, 622, '2015-01-20 17:09:35', '2015-01-20 11:09:35'),
(434, 1, 620, '2015-01-20 19:16:26', '2015-01-21 01:16:26'),
(435, 2, 617, '2015-01-20 18:57:19', '2015-01-21 12:57:19'),
(437, 1, 618, '2015-01-20 17:11:48', '2015-01-20 11:11:48'),
(438, 3, 589, '2014-10-21 04:21:02', '0000-00-00 00:00:00'),
(439, 3, 888, '2014-10-21 04:21:02', '0000-00-00 00:00:00'),
(440, 3, 583, '2014-10-21 04:21:02', '0000-00-00 00:00:00'),
(442, 3, 607, '2014-10-21 04:21:02', '0000-00-00 00:00:00'),
(443, 2, 611, '2015-01-20 17:56:13', '2015-01-20 11:56:13'),
(444, 3, 619, '2014-10-21 04:21:02', '0000-00-00 00:00:00'),
(445, 1, 616, '2014-10-21 04:22:10', '0000-00-00 00:00:00'),
(447, 3, 636, '2015-01-20 23:35:58', '2015-01-21 05:35:58'),
(448, 4, 628, '2015-01-20 15:19:53', '2015-01-20 09:19:53'),
(449, 1, 585, '2014-10-21 04:22:10', '0000-00-00 00:00:00'),
(450, 4, 592, '2015-01-20 20:36:31', '2015-01-21 02:36:31'),
(451, 4, 601, '2015-01-20 15:19:53', '2015-01-20 09:19:53'),
(452, 1, 627, '2014-10-21 04:22:10', '0000-00-00 00:00:00'),
(453, 1, 625, '2014-10-21 04:22:10', '0000-00-00 00:00:00'),
(454, 4, 623, '2015-01-20 18:40:53', '2015-01-21 12:40:53'),
(456, 1, 586, '2014-10-21 04:22:10', '0000-00-00 00:00:00'),
(457, 1, 630, '2014-10-21 04:22:10', '0000-00-00 00:00:00'),
(458, 1, 633, '2014-10-21 04:22:10', '0000-00-00 00:00:00'),
(459, 4, 621, '2015-01-20 18:32:15', '2015-01-21 12:32:15'),
(469, 3, 571, '2014-10-21 04:25:31', '0000-00-00 00:00:00'),
(471, 3, 572, '2014-10-21 04:25:31', '0000-00-00 00:00:00'),
(472, 3, 581, '2014-10-21 04:25:31', '0000-00-00 00:00:00'),
(474, 1, 898, '2014-10-21 04:26:23', '0000-00-00 00:00:00'),
(475, 1, 573, '2014-10-21 04:26:23', '0000-00-00 00:00:00'),
(476, 3, 897, '2015-01-20 21:07:00', '2015-01-21 03:07:00'),
(479, 1, 577, '2014-10-21 04:26:23', '0000-00-00 00:00:00'),
(481, 3, 876, '2015-01-20 19:26:00', '2015-01-21 01:26:00'),
(484, 4, 896, '2014-10-21 04:27:17', '0000-00-00 00:00:00'),
(485, 4, 597, '2014-10-21 04:27:17', '0000-00-00 00:00:00'),
(486, 1, 588, '2015-01-20 21:45:43', '2015-01-21 03:45:43'),
(488, 1, 874, '2015-01-20 19:30:27', '2015-01-21 01:30:27'),
(489, 4, 891, '2014-10-21 04:27:17', '0000-00-00 00:00:00'),
(490, 3, 608, '2015-01-20 16:24:37', '2015-01-20 10:24:37'),
(491, 2, 686, '2014-10-21 04:28:11', '0000-00-00 00:00:00'),
(492, 2, 613, '2014-10-21 04:28:11', '0000-00-00 00:00:00'),
(493, 1, 612, '2015-01-20 19:16:26', '2015-01-21 01:16:26'),
(494, 2, 596, '2014-10-21 04:28:11', '0000-00-00 00:00:00'),
(495, 2, 614, '2014-10-21 04:28:11', '0000-00-00 00:00:00'),
(496, 4, 606, '2015-01-20 15:18:02', '2015-01-20 09:18:02'),
(497, 1, 605, '2015-01-20 19:16:26', '2015-01-21 01:16:26'),
(498, 4, 609, '2015-01-20 15:29:49', '2015-01-20 09:29:49'),
(499, 3, 615, '2014-10-21 04:29:02', '0000-00-00 00:00:00'),
(501, 3, 594, '2014-10-21 04:29:02', '0000-00-00 00:00:00'),
(503, 3, 591, '2014-10-21 04:29:02', '0000-00-00 00:00:00'),
(504, 3, 587, '2014-10-21 04:29:02', '0000-00-00 00:00:00'),
(505, 4, 602, '2015-01-20 17:25:44', '2015-01-20 11:25:44'),
(506, 3, 603, '2015-01-20 16:22:16', '2015-01-20 10:22:16'),
(508, 3, 590, '2015-01-20 21:04:00', '2015-01-21 03:04:00'),
(510, 4, 873, '2015-01-20 19:08:01', '2015-01-21 01:08:01'),
(511, 3, 875, '2015-01-20 19:25:13', '2015-01-21 01:25:13'),
(518, 3, 543, '2014-10-21 04:43:38', '0000-00-00 00:00:00'),
(520, 3, 599, '2014-10-21 04:44:18', '0000-00-00 00:00:00'),
(521, 1, 593, '2015-01-20 21:45:43', '2015-01-21 03:45:43'),
(524, 4, 928, '2014-10-21 04:53:57', '0000-00-00 00:00:00'),
(526, 4, 934, '2014-10-21 04:53:57', '0000-00-00 00:00:00'),
(527, 4, 938, '2014-10-21 04:53:57', '0000-00-00 00:00:00'),
(529, 4, 933, '2014-10-21 04:53:57', '0000-00-00 00:00:00'),
(533, 4, 903, '2014-10-21 04:53:57', '0000-00-00 00:00:00'),
(534, 2, 904, '2015-01-20 21:23:10', '2015-01-21 03:23:10'),
(535, 1, 60, '2015-01-20 16:43:31', '2015-01-20 10:43:31'),
(536, 4, 901, '2014-10-21 04:53:57', '0000-00-00 00:00:00'),
(537, 3, 921, '2015-01-20 21:55:10', '2015-01-21 03:55:10'),
(538, 2, 289, '2014-10-21 04:54:36', '0000-00-00 00:00:00'),
(541, 2, 906, '2014-10-21 04:54:36', '0000-00-00 00:00:00'),
(544, 3, 929, '2014-10-21 04:55:57', '0000-00-00 00:00:00'),
(546, 3, 932, '2014-10-21 04:55:57', '0000-00-00 00:00:00'),
(547, 3, 923, '2014-10-21 04:55:57', '0000-00-00 00:00:00'),
(549, 3, 295, '2014-10-21 04:55:57', '0000-00-00 00:00:00'),
(554, 1, 905, '2014-10-21 04:57:08', '0000-00-00 00:00:00'),
(555, 1, 288, '2014-10-21 04:57:08', '0000-00-00 00:00:00'),
(557, 1, 926, '2014-10-21 04:57:08', '0000-00-00 00:00:00'),
(558, 1, 290, '2014-10-21 04:57:08', '0000-00-00 00:00:00'),
(560, 3, 922, '2015-01-20 21:51:50', '2015-01-21 03:51:50'),
(562, 4, 911, '2014-10-21 04:58:55', '0000-00-00 00:00:00'),
(563, 3, 53, '2015-01-20 16:37:16', '2015-01-20 10:37:16'),
(564, 4, 45, '2014-10-21 04:58:55', '0000-00-00 00:00:00'),
(565, 3, 41, '2015-01-20 19:06:52', '2015-01-21 01:06:52'),
(566, 4, 37, '2014-10-21 04:58:55', '0000-00-00 00:00:00'),
(568, 4, 33, '2014-10-21 04:58:55', '0000-00-00 00:00:00'),
(570, 1, 29, '2015-01-20 16:43:31', '2015-01-20 10:43:31'),
(571, 3, 48, '2015-01-20 16:37:16', '2015-01-20 10:37:16'),
(572, 3, 917, '2015-01-20 21:52:47', '2015-01-21 03:52:47'),
(573, 4, 52, '2015-01-20 15:17:02', '2015-01-20 09:17:02'),
(574, 2, 43, '2014-10-21 05:03:28', '0000-00-00 00:00:00'),
(575, 4, 57, '2015-01-20 17:29:48', '2015-01-20 11:29:48'),
(577, 3, 909, '2015-01-20 21:26:11', '2015-01-21 03:26:11'),
(578, 2, 30, '2014-10-21 05:03:28', '0000-00-00 00:00:00'),
(579, 2, 44, '2014-10-21 05:03:28', '0000-00-00 00:00:00'),
(580, 2, 27, '2014-10-21 05:03:28', '0000-00-00 00:00:00'),
(581, 1, 50, '2015-01-20 17:06:10', '2015-01-20 11:06:10'),
(582, 3, 51, '2014-10-21 05:04:45', '0000-00-00 00:00:00'),
(583, 3, 55, '2014-10-21 05:04:45', '0000-00-00 00:00:00'),
(584, 3, 42, '2014-10-21 05:04:45', '0000-00-00 00:00:00'),
(585, 4, 40, '2015-01-20 18:43:34', '2015-01-21 12:43:34'),
(586, 2, 54, '2015-01-20 18:01:37', '2015-01-21 12:01:37'),
(587, 3, 36, '2014-10-21 05:04:45', '0000-00-00 00:00:00'),
(590, 2, 908, '2015-01-20 21:20:17', '2015-01-21 03:20:17'),
(591, 1, 916, '2014-10-21 05:05:54', '0000-00-00 00:00:00'),
(592, 4, 46, '2015-01-20 15:19:53', '2015-01-20 09:19:53'),
(593, 4, 39, '2015-01-20 17:27:45', '2015-01-20 11:27:45'),
(594, 1, 38, '2014-10-21 05:05:54', '0000-00-00 00:00:00'),
(595, 1, 920, '2014-10-21 05:05:54', '0000-00-00 00:00:00'),
(596, 1, 910, '2014-10-21 05:05:54', '0000-00-00 00:00:00'),
(597, 1, 31, '2014-10-21 05:05:54', '0000-00-00 00:00:00'),
(598, 2, 907, '2015-01-20 21:08:15', '2015-01-21 03:08:15'),
(599, 2, 28, '2015-01-20 17:57:15', '2015-01-20 11:57:15'),
(600, 4, 67, '2014-10-21 05:06:45', '0000-00-00 00:00:00'),
(601, 3, 74, '2015-01-20 20:39:38', '2015-01-21 02:39:38'),
(602, 1, 925, '2015-01-20 22:00:17', '2015-01-21 04:00:17'),
(603, 2, 76, '2015-01-20 20:28:40', '2015-01-21 02:28:40'),
(604, 4, 64, '2014-10-21 05:06:45', '0000-00-00 00:00:00'),
(605, 4, 83, '2014-10-21 05:06:45', '0000-00-00 00:00:00'),
(606, 2, 66, '2014-10-21 05:07:43', '0000-00-00 00:00:00'),
(607, 1, 87, '2015-01-20 20:47:49', '2015-01-21 02:47:49'),
(608, 1, 81, '2015-01-20 20:46:53', '2015-01-21 02:46:53'),
(609, 4, 89, '2015-01-20 20:59:36', '2015-01-21 02:59:36'),
(610, 3, 69, '2015-01-20 21:12:49', '2015-01-21 03:12:49'),
(611, 4, 85, '2015-01-20 20:58:21', '2015-01-21 02:58:21'),
(612, 2, 62, '2014-10-21 05:07:43', '0000-00-00 00:00:00'),
(613, 3, 70, '2015-01-20 21:13:15', '2015-01-21 03:13:15'),
(614, 2, 912, '2014-10-21 05:07:43', '0000-00-00 00:00:00'),
(615, 1, 73, '2015-01-20 21:24:55', '2015-01-21 03:24:55'),
(616, 3, 79, '2014-10-21 05:08:46', '0000-00-00 00:00:00'),
(617, 4, 80, '2015-01-20 20:57:02', '2015-01-21 02:57:02'),
(618, 3, 84, '2014-10-21 05:08:46', '0000-00-00 00:00:00'),
(619, 4, 61, '2015-01-20 18:43:34', '2015-01-21 12:43:34'),
(620, 4, 90, '2015-01-20 20:57:47', '2015-01-21 02:57:47'),
(621, 3, 72, '2014-10-21 05:08:46', '0000-00-00 00:00:00'),
(622, 4, 65, '2015-01-20 18:43:34', '2015-01-21 12:43:34'),
(623, 3, 913, '2014-10-21 05:08:46', '0000-00-00 00:00:00'),
(625, 2, 82, '2015-01-20 21:03:16', '2015-01-21 03:03:16'),
(626, 1, 68, '2014-10-21 05:10:05', '0000-00-00 00:00:00'),
(627, 1, 63, '2014-10-21 05:10:05', '0000-00-00 00:00:00'),
(628, 2, 88, '2015-01-20 21:08:11', '2015-01-21 03:08:11'),
(629, 3, 86, '2015-01-20 20:40:52', '2015-01-21 02:40:52'),
(630, 3, 75, '2015-01-20 20:42:40', '2015-01-21 02:42:40'),
(631, 4, 71, '2015-01-20 19:48:16', '2015-01-21 01:48:16'),
(632, 2, 77, '2015-01-20 20:32:47', '2015-01-21 02:32:47'),
(633, 1, 91, '2014-10-21 05:10:05', '0000-00-00 00:00:00'),
(634, 1, 931, '2014-10-21 05:10:05', '0000-00-00 00:00:00'),
(635, 1, 78, '2015-01-20 20:19:24', '2015-01-21 02:19:24'),
(636, 3, 924, '2015-01-20 21:51:50', '2015-01-21 03:51:50'),
(637, 1, 946, '2014-10-22 03:50:07', '0000-00-00 00:00:00'),
(640, 2, 324, '2014-10-22 04:11:09', '0000-00-00 00:00:00'),
(641, 1, 1096, '2015-01-20 17:30:21', '2015-01-20 11:30:21'),
(642, 4, 1103, '2015-01-20 18:21:37', '2015-01-21 12:21:37'),
(643, 1, 1104, '2014-10-27 03:20:45', '0000-00-00 00:00:00'),
(644, 2, 1102, '2014-10-27 03:21:29', '0000-00-00 00:00:00'),
(645, 3, 1100, '2014-10-27 03:21:54', '0000-00-00 00:00:00'),
(646, 2, 1105, '2015-01-20 18:29:03', '2015-01-21 12:29:03'),
(647, 4, 1091, '2015-01-20 17:01:44', '2015-01-20 11:01:44'),
(648, 3, 1093, '2015-01-20 17:18:17', '2015-01-20 11:18:17'),
(649, 1, 1095, '2015-01-20 18:45:01', '2015-01-21 12:45:01'),
(650, 3, 1099, '2015-01-20 17:21:54', '2015-01-20 11:21:54'),
(651, 4, 1092, '2014-10-27 04:29:03', '0000-00-00 00:00:00'),
(652, 4, 1098, '2014-10-27 04:29:03', '0000-00-00 00:00:00'),
(653, 1, 1097, '2015-01-20 17:28:13', '2015-01-20 11:28:13'),
(654, 3, 1087, '2014-10-27 04:36:05', '0000-00-00 00:00:00'),
(655, 4, 1088, '2015-01-20 18:24:09', '2015-01-21 12:24:09'),
(656, 2, 1094, '2015-01-20 17:10:14', '2015-01-20 11:10:14'),
(657, 4, 1090, '2014-10-27 04:36:29', '0000-00-00 00:00:00'),
(658, 2, 1089, '2015-01-20 18:30:02', '2015-01-21 12:30:02'),
(659, 3, 1083, '2014-10-27 04:38:18', '0000-00-00 00:00:00'),
(660, 2, 1082, '2014-10-27 04:38:41', '0000-00-00 00:00:00'),
(661, 1, 1080, '2014-10-27 04:39:04', '0000-00-00 00:00:00'),
(662, 1, 1067, '2014-10-27 05:10:37', '0000-00-00 00:00:00'),
(663, 1, 1069, '2014-10-27 05:10:37', '0000-00-00 00:00:00'),
(664, 4, 1068, '2014-10-27 05:11:14', '0000-00-00 00:00:00'),
(665, 3, 1070, '2014-10-27 05:11:47', '0000-00-00 00:00:00'),
(666, 2, 1071, '2014-10-27 05:12:39', '0000-00-00 00:00:00'),
(667, 2, 1077, '2014-10-27 05:12:39', '0000-00-00 00:00:00'),
(668, 3, 1072, '2014-10-27 05:13:44', '0000-00-00 00:00:00'),
(669, 2, 1073, '2014-10-27 05:14:26', '0000-00-00 00:00:00'),
(670, 3, 1074, '2014-10-27 05:15:11', '0000-00-00 00:00:00'),
(671, 3, 1076, '2014-10-27 05:15:11', '0000-00-00 00:00:00'),
(672, 3, 1079, '2014-10-27 05:15:11', '0000-00-00 00:00:00'),
(673, 1, 1075, '2014-10-27 05:15:54', '0000-00-00 00:00:00'),
(674, 4, 1078, '2014-10-27 05:16:24', '0000-00-00 00:00:00'),
(675, 1, 1057, '2014-10-27 05:30:30', '0000-00-00 00:00:00'),
(676, 1, 1063, '2014-10-27 05:30:30', '0000-00-00 00:00:00'),
(677, 1, 1066, '2014-10-27 05:30:30', '0000-00-00 00:00:00'),
(678, 3, 1059, '2014-10-27 05:31:24', '0000-00-00 00:00:00'),
(679, 3, 1065, '2014-10-27 05:31:24', '0000-00-00 00:00:00'),
(680, 1, 1061, '2014-10-27 05:31:50', '0000-00-00 00:00:00'),
(681, 2, 1058, '2014-10-27 05:32:23', '0000-00-00 00:00:00'),
(682, 2, 1060, '2014-10-27 05:32:23', '0000-00-00 00:00:00'),
(683, 2, 1056, '2014-10-27 05:33:07', '0000-00-00 00:00:00'),
(684, 3, 1054, '2014-10-27 05:33:43', '0000-00-00 00:00:00'),
(685, 3, 1055, '2014-10-27 05:33:43', '0000-00-00 00:00:00'),
(686, 4, 1053, '2014-10-27 05:34:22', '0000-00-00 00:00:00'),
(687, 2, 1048, '2014-10-27 05:37:45', '0000-00-00 00:00:00'),
(688, 3, 1040, '2014-10-27 05:38:17', '0000-00-00 00:00:00'),
(689, 4, 790, '2015-01-20 19:05:28', '2015-01-21 01:05:28'),
(690, 4, 877, '2015-01-20 19:03:21', '2015-01-21 01:03:21'),
(691, 2, 785, '2015-01-20 19:18:59', '2015-01-21 01:18:59'),
(692, 2, 863, '2015-01-20 19:15:45', '2015-01-21 01:15:45'),
(693, 3, 788, '2015-01-20 19:27:24', '2015-01-21 01:27:24'),
(694, 4, 860, '2014-11-17 07:59:41', '0000-00-00 00:00:00'),
(695, 3, 862, '2014-11-17 08:00:16', '0000-00-00 00:00:00'),
(696, 3, 792, '2014-11-17 08:00:16', '0000-00-00 00:00:00'),
(697, 4, 791, '2015-01-20 19:08:58', '2015-01-21 01:08:58'),
(698, 1, 638, '2015-01-20 20:19:24', '2015-01-21 02:19:24'),
(699, 3, 98, '2015-01-20 21:12:21', '2015-01-21 03:12:21'),
(700, 4, 650, '2015-01-20 19:51:36', '2015-01-21 01:51:36'),
(701, 1, 96, '2015-01-20 21:27:41', '2015-01-21 03:27:41'),
(702, 1, 649, '2015-01-20 20:51:02', '2015-01-21 02:51:02'),
(703, 3, 644, '2014-11-17 08:05:26', '0000-00-00 00:00:00'),
(704, 2, 495, '2015-01-20 21:07:20', '2015-01-21 03:07:20'),
(705, 2, 97, '2015-01-20 21:05:08', '2015-01-21 03:05:08'),
(706, 4, 642, '2015-01-20 20:59:04', '2015-01-21 02:59:04'),
(707, 3, 639, '2014-11-17 08:06:31', '0000-00-00 00:00:00'),
(708, 4, 99, '2015-01-20 19:50:05', '2015-01-21 01:50:05'),
(709, 2, 95, '2015-01-20 20:29:52', '2015-01-21 02:29:52'),
(710, 1, 93, '2015-01-20 20:19:44', '2015-01-21 02:19:44'),
(711, 2, 94, '2015-01-20 21:04:38', '2015-01-21 03:04:38'),
(712, 3, 92, '2015-01-20 20:42:00', '2015-01-21 02:42:00'),
(713, 1, 748, '2015-01-20 22:22:39', '2015-01-21 04:22:39'),
(714, 3, 747, '2014-11-22 12:23:00', '0000-00-00 00:00:00'),
(715, 3, 458, '2015-01-20 20:57:29', '2015-01-21 02:57:29'),
(716, 1, 950, '2015-01-20 11:57:18', '0000-00-00 00:00:00'),
(717, 1, 1323, '2015-01-20 11:59:09', '0000-00-00 00:00:00'),
(718, 3, 6, '2015-01-20 14:55:44', '0000-00-00 00:00:00'),
(719, 3, 1312, '2015-01-20 14:55:44', '0000-00-00 00:00:00'),
(720, 3, 17, '2015-01-20 14:55:44', '0000-00-00 00:00:00'),
(721, 3, 25, '2015-01-20 14:55:44', '0000-00-00 00:00:00'),
(722, 3, 5, '2015-01-20 14:55:44', '0000-00-00 00:00:00'),
(723, 4, 159, '2015-01-20 15:13:37', '0000-00-00 00:00:00'),
(724, 2, 18, '2015-01-20 16:08:42', '0000-00-00 00:00:00'),
(725, 2, 153, '2015-01-20 16:08:42', '0000-00-00 00:00:00'),
(726, 2, 12, '2015-01-20 16:08:42', '0000-00-00 00:00:00'),
(727, 3, 23, '2015-01-20 16:15:16', '0000-00-00 00:00:00'),
(728, 3, 8, '2015-01-20 16:15:16', '0000-00-00 00:00:00'),
(729, 1, 145, '2015-01-20 16:41:52', '0000-00-00 00:00:00'),
(730, 4, 1134, '2015-01-20 17:05:04', '0000-00-00 00:00:00'),
(731, 4, 1291, '2015-01-20 17:05:04', '0000-00-00 00:00:00'),
(732, 4, 1027, '2015-01-20 17:05:04', '0000-00-00 00:00:00'),
(733, 4, 990, '2015-01-20 17:05:04', '0000-00-00 00:00:00'),
(734, 4, 980, '2015-01-20 17:05:04', '0000-00-00 00:00:00'),
(735, 2, 1026, '2015-01-20 17:14:01', '0000-00-00 00:00:00'),
(736, 2, 1111, '2015-01-20 17:14:01', '0000-00-00 00:00:00'),
(737, 2, 1003, '2015-01-20 17:14:01', '0000-00-00 00:00:00'),
(738, 2, 1025, '2015-01-20 17:14:01', '0000-00-00 00:00:00'),
(739, 2, 1351, '2015-01-20 17:14:01', '0000-00-00 00:00:00'),
(740, 2, 1018, '2015-01-20 17:14:01', '0000-00-00 00:00:00'),
(741, 4, 19, '2015-01-20 17:21:15', '0000-00-00 00:00:00'),
(742, 4, 158, '2015-01-20 17:21:15', '0000-00-00 00:00:00'),
(743, 4, 11, '2015-01-20 17:21:15', '0000-00-00 00:00:00'),
(744, 4, 15, '2015-01-20 17:21:15', '0000-00-00 00:00:00'),
(745, 4, 7, '2015-01-20 17:21:15', '0000-00-00 00:00:00'),
(746, 3, 1028, '2015-01-20 17:23:33', '0000-00-00 00:00:00'),
(747, 3, 1086, '2015-01-20 17:23:33', '0000-00-00 00:00:00'),
(748, 3, 1024, '2015-01-20 17:23:33', '0000-00-00 00:00:00'),
(749, 3, 1357, '2015-01-20 17:23:33', '0000-00-00 00:00:00'),
(750, 1, 1110, '2015-01-20 17:31:54', '0000-00-00 00:00:00'),
(751, 1, 987, '2015-01-20 17:31:54', '0000-00-00 00:00:00'),
(752, 1, 1365, '2015-01-20 17:31:54', '0000-00-00 00:00:00'),
(753, 4, 1287, '2015-01-20 17:46:20', '0000-00-00 00:00:00'),
(754, 4, 1296, '2015-01-20 17:46:20', '0000-00-00 00:00:00'),
(755, 4, 1359, '2015-01-20 17:46:20', '0000-00-00 00:00:00'),
(756, 4, 1360, '2015-01-20 17:46:20', '0000-00-00 00:00:00'),
(757, 4, 1361, '2015-01-20 17:46:20', '0000-00-00 00:00:00'),
(758, 4, 1364, '2015-01-20 17:46:20', '0000-00-00 00:00:00'),
(759, 4, 1367, '2015-01-20 17:46:20', '0000-00-00 00:00:00'),
(760, 2, 1299, '2015-01-20 18:06:08', '0000-00-00 00:00:00'),
(761, 2, 1388, '2015-01-20 18:06:08', '0000-00-00 00:00:00'),
(762, 2, 1352, '2015-01-20 18:06:08', '0000-00-00 00:00:00'),
(763, 2, 1354, '2015-01-20 18:06:08', '0000-00-00 00:00:00'),
(764, 2, 1356, '2015-01-20 18:06:08', '0000-00-00 00:00:00'),
(765, 2, 1362, '2015-01-20 18:06:08', '0000-00-00 00:00:00'),
(766, 2, 1366, '2015-01-20 18:06:08', '0000-00-00 00:00:00'),
(767, 2, 1369, '2015-01-20 18:06:08', '0000-00-00 00:00:00'),
(768, 2, 1375, '2015-01-20 18:06:08', '0000-00-00 00:00:00'),
(769, 2, 1382, '2015-01-20 18:06:08', '0000-00-00 00:00:00'),
(770, 3, 1283, '2015-01-20 18:11:01', '0000-00-00 00:00:00'),
(771, 3, 1284, '2015-01-20 18:11:01', '0000-00-00 00:00:00'),
(772, 3, 1288, '2015-01-20 18:11:01', '0000-00-00 00:00:00'),
(773, 3, 1387, '2015-01-20 18:11:01', '0000-00-00 00:00:00'),
(774, 3, 1353, '2015-01-20 18:11:01', '0000-00-00 00:00:00'),
(775, 3, 1358, '2015-01-20 18:11:01', '0000-00-00 00:00:00'),
(776, 3, 1368, '2015-01-20 18:11:01', '0000-00-00 00:00:00'),
(777, 3, 1371, '2015-01-20 18:11:01', '0000-00-00 00:00:00'),
(778, 3, 1373, '2015-01-20 18:11:01', '0000-00-00 00:00:00'),
(779, 1, 1285, '2015-01-20 18:14:26', '0000-00-00 00:00:00'),
(780, 1, 1292, '2015-01-20 18:14:26', '0000-00-00 00:00:00'),
(781, 1, 1293, '2015-01-20 18:14:26', '0000-00-00 00:00:00'),
(782, 1, 1295, '2015-01-20 18:14:26', '0000-00-00 00:00:00'),
(783, 1, 1298, '2015-01-20 18:14:26', '0000-00-00 00:00:00'),
(784, 1, 1355, '2015-01-20 18:14:26', '0000-00-00 00:00:00'),
(785, 1, 1363, '2015-01-20 18:14:26', '0000-00-00 00:00:00'),
(786, 1, 1370, '2015-01-20 18:14:26', '0000-00-00 00:00:00'),
(787, 1, 1372, '2015-01-20 18:14:26', '0000-00-00 00:00:00'),
(788, 1, 1374, '2015-01-20 18:14:26', '0000-00-00 00:00:00'),
(789, 1, 20, '2015-01-20 18:16:06', '0000-00-00 00:00:00'),
(790, 1, 21, '2015-01-20 18:18:13', '0000-00-00 00:00:00'),
(791, 4, 1030, '2015-01-20 18:25:09', '0000-00-00 00:00:00'),
(792, 4, 989, '2015-01-20 18:25:09', '0000-00-00 00:00:00'),
(793, 4, 1021, '2015-01-20 18:25:09', '0000-00-00 00:00:00'),
(794, 4, 1020, '2015-01-20 18:25:09', '0000-00-00 00:00:00'),
(795, 2, 994, '2015-01-20 18:31:54', '0000-00-00 00:00:00'),
(796, 2, 991, '2015-01-20 18:31:54', '0000-00-00 00:00:00'),
(797, 2, 1022, '2015-01-20 18:31:54', '0000-00-00 00:00:00'),
(798, 2, 976, '2015-01-20 18:31:54', '0000-00-00 00:00:00'),
(799, 2, 1376, '2015-01-20 18:31:54', '0000-00-00 00:00:00'),
(800, 4, 10, '2015-01-20 18:34:55', '0000-00-00 00:00:00'),
(801, 4, 16, '2015-01-20 18:34:55', '0000-00-00 00:00:00'),
(802, 4, 1331, '2015-01-20 18:34:55', '0000-00-00 00:00:00'),
(803, 4, 1332, '2015-01-20 18:34:55', '0000-00-00 00:00:00'),
(804, 4, 1333, '2015-01-20 18:34:55', '0000-00-00 00:00:00'),
(805, 3, 986, '2015-01-20 18:36:33', '0000-00-00 00:00:00'),
(806, 3, 977, '2015-01-20 18:36:33', '0000-00-00 00:00:00'),
(807, 3, 1029, '2015-01-20 18:36:33', '0000-00-00 00:00:00'),
(808, 3, 1023, '2015-01-20 18:36:33', '0000-00-00 00:00:00'),
(809, 3, 997, '2015-01-20 18:36:33', '0000-00-00 00:00:00'),
(810, 3, 1378, '2015-01-20 18:36:33', '0000-00-00 00:00:00'),
(811, 1, 1019, '2015-01-20 18:46:22', '0000-00-00 00:00:00'),
(812, 1, 1006, '2015-01-20 18:46:22', '0000-00-00 00:00:00'),
(813, 1, 1001, '2015-01-20 18:46:22', '0000-00-00 00:00:00'),
(814, 1, 1017, '2015-01-20 18:46:22', '0000-00-00 00:00:00'),
(815, 1, 1377, '2015-01-20 18:46:22', '0000-00-00 00:00:00'),
(816, 2, 157, '2015-01-20 18:48:44', '0000-00-00 00:00:00'),
(817, 2, 600, '2015-01-20 18:48:44', '0000-00-00 00:00:00'),
(818, 2, 1290, '2015-01-20 18:48:49', '0000-00-00 00:00:00'),
(819, 3, 155, '2015-01-20 19:04:16', '0000-00-00 00:00:00'),
(820, 3, 22, '2015-01-20 19:04:16', '0000-00-00 00:00:00'),
(821, 3, 1328, '2015-01-20 19:04:16', '0000-00-00 00:00:00'),
(822, 2, 1383, '2015-01-20 19:12:10', '0000-00-00 00:00:00'),
(823, 1, 154, '2015-01-20 19:14:43', '0000-00-00 00:00:00'),
(824, 1, 151, '2015-01-20 19:14:43', '0000-00-00 00:00:00'),
(825, 1, 9, '2015-01-20 19:14:43', '0000-00-00 00:00:00'),
(826, 1, 14, '2015-01-20 19:14:43', '0000-00-00 00:00:00'),
(827, 3, 1344, '2015-01-20 19:22:10', '0000-00-00 00:00:00'),
(828, 2, 1129, '2015-01-20 19:25:45', '0000-00-00 00:00:00'),
(829, 2, 949, '2015-01-20 19:25:45', '0000-00-00 00:00:00'),
(830, 2, 953, '2015-01-20 19:25:45', '0000-00-00 00:00:00'),
(831, 2, 952, '2015-01-20 19:25:45', '0000-00-00 00:00:00'),
(832, 3, 955, '2015-01-20 19:27:44', '0000-00-00 00:00:00'),
(833, 3, 1130, '2015-01-20 19:27:44', '0000-00-00 00:00:00'),
(834, 3, 1334, '2015-01-20 19:27:44', '0000-00-00 00:00:00'),
(835, 2, 13, '2015-01-20 19:34:05', '0000-00-00 00:00:00'),
(836, 2, 954, '2015-01-20 19:38:55', '0000-00-00 00:00:00'),
(837, 1, 1314, '2015-01-20 19:39:00', '0000-00-00 00:00:00'),
(838, 4, 951, '2015-01-20 19:39:05', '0000-00-00 00:00:00'),
(839, 4, 1348, '2015-01-20 19:40:33', '0000-00-00 00:00:00'),
(840, 1, 47, '2015-01-20 19:42:26', '0000-00-00 00:00:00'),
(841, 2, 152, '2015-01-20 19:49:22', '0000-00-00 00:00:00'),
(842, 2, 49, '2015-01-20 19:49:38', '0000-00-00 00:00:00'),
(843, 2, 1335, '2015-01-20 19:51:11', '0000-00-00 00:00:00'),
(844, 3, 26, '2015-01-20 19:52:52', '0000-00-00 00:00:00'),
(845, 2, 160, '2015-01-20 19:53:55', '0000-00-00 00:00:00'),
(846, 1, 1345, '2015-01-20 19:58:25', '0000-00-00 00:00:00'),
(847, 2, 1350, '2015-01-20 19:59:20', '0000-00-00 00:00:00'),
(848, 4, 1347, '2015-01-20 20:01:42', '0000-00-00 00:00:00'),
(849, 1, 1384, '2015-01-20 20:03:27', '0000-00-00 00:00:00'),
(850, 1, 1349, '2015-01-20 20:05:10', '0000-00-00 00:00:00'),
(851, 1, 1346, '2015-01-20 20:05:10', '0000-00-00 00:00:00'),
(852, 2, 1343, '2015-01-20 20:06:37', '0000-00-00 00:00:00'),
(853, 4, 804, '2015-01-20 21:43:08', '0000-00-00 00:00:00'),
(854, 4, 793, '2015-01-20 21:43:08', '0000-00-00 00:00:00'),
(855, 4, 799, '2015-01-20 21:43:08', '0000-00-00 00:00:00'),
(856, 4, 794, '2015-01-20 21:43:08', '0000-00-00 00:00:00'),
(857, 4, 1123, '2015-01-20 21:43:08', '0000-00-00 00:00:00'),
(858, 4, 802, '2015-01-20 21:43:08', '0000-00-00 00:00:00'),
(859, 2, 797, '2015-01-20 21:48:48', '0000-00-00 00:00:00'),
(860, 2, 795, '2015-01-20 21:48:48', '0000-00-00 00:00:00'),
(861, 2, 798, '2015-01-20 21:48:48', '0000-00-00 00:00:00'),
(862, 2, 800, '2015-01-20 21:48:48', '0000-00-00 00:00:00'),
(863, 2, 805, '2015-01-20 21:48:48', '0000-00-00 00:00:00'),
(864, 2, 1339, '2015-01-20 21:48:48', '0000-00-00 00:00:00'),
(865, 1, 796, '2015-01-20 22:01:27', '0000-00-00 00:00:00'),
(866, 1, 820, '2015-01-20 22:01:27', '0000-00-00 00:00:00'),
(867, 1, 1149, '2015-01-20 22:01:27', '0000-00-00 00:00:00'),
(868, 3, 879, '2015-01-20 22:05:10', '0000-00-00 00:00:00'),
(869, 3, 801, '2015-01-20 22:05:10', '0000-00-00 00:00:00'),
(870, 3, 803, '2015-01-20 22:05:10', '0000-00-00 00:00:00'),
(871, 3, 1150, '2015-01-20 22:05:10', '0000-00-00 00:00:00'),
(872, 4, 121, '2015-01-20 22:25:18', '0000-00-00 00:00:00'),
(873, 4, 119, '2015-01-20 22:25:18', '0000-00-00 00:00:00'),
(874, 4, 662, '2015-01-20 22:25:18', '0000-00-00 00:00:00'),
(875, 4, 668, '2015-01-20 22:25:18', '0000-00-00 00:00:00'),
(876, 4, 665, '2015-01-20 22:25:18', '0000-00-00 00:00:00'),
(877, 4, 674, '2015-01-20 22:25:18', '0000-00-00 00:00:00'),
(878, 4, 105, '2015-01-20 22:25:18', '0000-00-00 00:00:00'),
(879, 4, 115, '2015-01-20 22:25:18', '0000-00-00 00:00:00'),
(880, 1, 456, '2015-01-20 22:30:59', '0000-00-00 00:00:00'),
(881, 1, 423, '2015-01-20 22:30:59', '0000-00-00 00:00:00'),
(882, 1, 939, '2015-01-20 22:33:36', '0000-00-00 00:00:00'),
(883, 1, 899, '2015-01-20 22:33:36', '0000-00-00 00:00:00'),
(884, 1, 1311, '2015-01-20 22:33:36', '0000-00-00 00:00:00'),
(885, 2, 515, '2015-01-20 22:35:40', '0000-00-00 00:00:00'),
(886, 2, 655, '2015-01-20 22:35:40', '0000-00-00 00:00:00'),
(887, 2, 659, '2015-01-20 22:35:40', '0000-00-00 00:00:00'),
(888, 2, 647, '2015-01-20 22:35:40', '0000-00-00 00:00:00'),
(889, 2, 126, '2015-01-20 22:35:40', '0000-00-00 00:00:00'),
(890, 4, 902, '2015-01-20 22:37:10', '0000-00-00 00:00:00'),
(891, 4, 858, '2015-01-20 22:37:10', '0000-00-00 00:00:00'),
(892, 4, 948, '2015-01-20 22:37:10', '0000-00-00 00:00:00'),
(893, 4, 1307, '2015-01-20 22:38:20', '0000-00-00 00:00:00'),
(894, 2, 645, '2015-01-20 22:38:26', '0000-00-00 00:00:00'),
(895, 2, 117, '2015-01-20 22:38:26', '0000-00-00 00:00:00'),
(896, 2, 675, '2015-01-20 22:38:26', '0000-00-00 00:00:00'),
(897, 2, 1146, '2015-01-20 22:38:26', '0000-00-00 00:00:00'),
(898, 2, 1341, '2015-01-20 22:38:26', '0000-00-00 00:00:00'),
(899, 3, 1137, '2015-01-20 22:42:32', '0000-00-00 00:00:00'),
(900, 3, 1308, '2015-01-20 22:42:32', '0000-00-00 00:00:00'),
(901, 1, 754, '2015-01-20 22:48:04', '0000-00-00 00:00:00'),
(902, 3, 120, '2015-01-20 22:49:02', '0000-00-00 00:00:00'),
(903, 3, 666, '2015-01-20 22:49:02', '0000-00-00 00:00:00'),
(904, 3, 663, '2015-01-20 22:49:02', '0000-00-00 00:00:00'),
(905, 3, 114, '2015-01-20 22:49:02', '0000-00-00 00:00:00'),
(906, 3, 1148, '2015-01-20 22:49:02', '0000-00-00 00:00:00'),
(907, 4, 372, '2015-01-20 23:01:10', '0000-00-00 00:00:00'),
(908, 4, 1306, '2015-01-20 23:01:10', '0000-00-00 00:00:00'),
(909, 4, 1309, '2015-01-20 23:01:10', '0000-00-00 00:00:00'),
(910, 1, 641, '2015-01-20 23:02:20', '0000-00-00 00:00:00'),
(911, 1, 671, '2015-01-20 23:02:20', '0000-00-00 00:00:00'),
(912, 1, 112, '2015-01-20 23:02:20', '0000-00-00 00:00:00'),
(913, 1, 122, '2015-01-20 23:02:20', '0000-00-00 00:00:00'),
(914, 1, 658, '2015-01-20 23:02:20', '0000-00-00 00:00:00'),
(915, 1, 1340, '2015-01-20 23:02:20', '0000-00-00 00:00:00'),
(916, 2, 750, '2015-01-20 23:08:13', '0000-00-00 00:00:00'),
(917, 3, 1128, '2015-01-20 23:09:24', '0000-00-00 00:00:00'),
(918, 4, 452, '2015-01-20 23:11:02', '0000-00-00 00:00:00'),
(919, 2, 757, '2015-01-20 23:13:42', '0000-00-00 00:00:00'),
(920, 4, 428, '2015-01-20 23:14:44', '0000-00-00 00:00:00'),
(921, 1, 374, '2015-01-20 23:18:58', '0000-00-00 00:00:00'),
(922, 3, 753, '2015-01-20 23:20:13', '0000-00-00 00:00:00'),
(923, 3, 1138, '2015-01-20 23:21:49', '0000-00-00 00:00:00'),
(924, 4, 660, '2015-01-20 23:21:58', '0000-00-00 00:00:00'),
(925, 4, 116, '2015-01-20 23:21:58', '0000-00-00 00:00:00'),
(926, 4, 108, '2015-01-20 23:21:58', '0000-00-00 00:00:00'),
(927, 4, 656, '2015-01-20 23:21:58', '0000-00-00 00:00:00'),
(928, 4, 664, '2015-01-20 23:21:58', '0000-00-00 00:00:00'),
(929, 4, 110, '2015-01-20 23:21:58', '0000-00-00 00:00:00'),
(930, 2, 749, '2015-01-20 23:25:05', '0000-00-00 00:00:00'),
(931, 3, 1310, '2015-01-20 23:28:12', '0000-00-00 00:00:00'),
(932, 4, 434, '2015-01-20 23:29:35', '0000-00-00 00:00:00'),
(933, 2, 100, '2015-01-20 23:30:52', '0000-00-00 00:00:00'),
(934, 2, 667, '2015-01-20 23:30:52', '0000-00-00 00:00:00'),
(935, 2, 648, '2015-01-20 23:30:52', '0000-00-00 00:00:00'),
(936, 2, 111, '2015-01-20 23:30:52', '0000-00-00 00:00:00'),
(937, 2, 104, '2015-01-20 23:30:52', '0000-00-00 00:00:00'),
(938, 2, 1342, '2015-01-20 23:30:52', '0000-00-00 00:00:00'),
(939, 2, 107, '2015-01-20 23:30:52', '0000-00-00 00:00:00'),
(940, 2, 672, '2015-01-20 23:30:52', '0000-00-00 00:00:00'),
(941, 4, 746, '2015-01-20 23:31:56', '0000-00-00 00:00:00'),
(942, 3, 412, '2015-01-20 23:33:54', '0000-00-00 00:00:00'),
(943, 4, 755, '2015-01-20 23:36:05', '0000-00-00 00:00:00'),
(944, 3, 698, '2015-01-20 23:37:56', '0000-00-00 00:00:00'),
(945, 3, 125, '2015-01-20 23:37:56', '0000-00-00 00:00:00'),
(946, 3, 127, '2015-01-20 23:37:56', '0000-00-00 00:00:00'),
(947, 3, 646, '2015-01-20 23:37:56', '0000-00-00 00:00:00'),
(948, 3, 124, '2015-01-20 23:37:56', '0000-00-00 00:00:00'),
(949, 3, 669, '2015-01-20 23:37:56', '0000-00-00 00:00:00'),
(950, 3, 118, '2015-01-20 23:37:56', '0000-00-00 00:00:00'),
(951, 2, 421, '2015-01-20 23:38:36', '0000-00-00 00:00:00'),
(952, 1, 113, '2015-01-20 23:42:01', '0000-00-00 00:00:00'),
(953, 1, 129, '2015-01-20 23:42:01', '0000-00-00 00:00:00'),
(954, 1, 673, '2015-01-20 23:42:01', '0000-00-00 00:00:00'),
(955, 1, 128, '2015-01-20 23:42:01', '0000-00-00 00:00:00'),
(956, 1, 103, '2015-01-20 23:42:01', '0000-00-00 00:00:00'),
(957, 1, 123, '2015-01-20 23:42:01', '0000-00-00 00:00:00'),
(958, 1, 661, '2015-01-20 23:42:01', '0000-00-00 00:00:00'),
(959, 1, 670, '2015-01-20 23:42:01', '0000-00-00 00:00:00'),
(960, 1, 706, '2015-01-20 23:42:01', '0000-00-00 00:00:00'),
(961, 2, 457, '2015-01-20 23:42:09', '0000-00-00 00:00:00'),
(962, 2, 431, '2015-01-20 23:44:08', '0000-00-00 00:00:00'),
(963, 4, 1147, '2015-01-20 23:44:45', '0000-00-00 00:00:00'),
(964, 4, 752, '2015-01-20 23:47:18', '0000-00-00 00:00:00'),
(965, 3, 373, '2015-01-20 23:49:04', '0000-00-00 00:00:00'),
(966, 2, 1336, '2015-01-20 23:51:11', '0000-00-00 00:00:00'),
(967, 4, 417, '2015-01-20 23:53:48', '0000-00-00 00:00:00'),
(968, 4, 414, '2015-01-20 23:55:39', '0000-00-00 00:00:00'),
(969, 2, 745, '2015-01-20 23:57:04', '0000-00-00 00:00:00'),
(970, 1, 419, '2015-01-20 23:59:45', '0000-00-00 00:00:00'),
(971, 4, 828, '2015-01-21 07:44:25', '0000-00-00 00:00:00'),
(972, 4, 836, '2015-01-21 07:44:25', '0000-00-00 00:00:00'),
(973, 4, 884, '2015-01-21 07:44:25', '0000-00-00 00:00:00'),
(974, 4, 825, '2015-01-21 07:44:25', '0000-00-00 00:00:00'),
(975, 4, 919, '2015-01-21 07:44:25', '0000-00-00 00:00:00'),
(976, 4, 834, '2015-01-21 07:44:25', '0000-00-00 00:00:00'),
(977, 4, 927, '2015-01-21 07:44:25', '0000-00-00 00:00:00'),
(978, 4, 880, '2015-01-21 07:44:25', '0000-00-00 00:00:00'),
(979, 4, 1153, '2015-01-21 07:44:25', '0000-00-00 00:00:00'),
(980, 2, 841, '2015-01-21 07:47:32', '0000-00-00 00:00:00'),
(981, 2, 838, '2015-01-21 07:47:32', '0000-00-00 00:00:00'),
(982, 2, 829, '2015-01-21 07:47:32', '0000-00-00 00:00:00'),
(983, 2, 830, '2015-01-21 07:47:32', '0000-00-00 00:00:00'),
(984, 2, 826, '2015-01-21 07:47:32', '0000-00-00 00:00:00'),
(985, 2, 840, '2015-01-21 07:47:32', '0000-00-00 00:00:00'),
(986, 2, 885, '2015-01-21 07:47:32', '0000-00-00 00:00:00'),
(987, 2, 1154, '2015-01-21 07:47:32', '0000-00-00 00:00:00'),
(988, 3, 835, '2015-01-21 07:49:44', '0000-00-00 00:00:00'),
(989, 3, 827, '2015-01-21 07:49:44', '0000-00-00 00:00:00'),
(990, 3, 889, '2015-01-21 07:49:44', '0000-00-00 00:00:00'),
(991, 3, 887, '2015-01-21 07:49:44', '0000-00-00 00:00:00'),
(992, 3, 842, '2015-01-21 07:49:44', '0000-00-00 00:00:00'),
(993, 3, 883, '2015-01-21 07:49:44', '0000-00-00 00:00:00'),
(994, 3, 882, '2015-01-21 07:49:44', '0000-00-00 00:00:00'),
(995, 3, 839, '2015-01-21 07:49:44', '0000-00-00 00:00:00'),
(996, 3, 1152, '2015-01-21 07:49:44', '0000-00-00 00:00:00'),
(997, 1, 837, '2015-01-21 07:52:30', '0000-00-00 00:00:00'),
(998, 1, 832, '2015-01-21 07:52:30', '0000-00-00 00:00:00'),
(999, 1, 886, '2015-01-21 07:52:30', '0000-00-00 00:00:00'),
(1000, 1, 930, '2015-01-21 07:52:30', '0000-00-00 00:00:00'),
(1001, 1, 918, '2015-01-21 07:52:30', '0000-00-00 00:00:00'),
(1002, 1, 831, '2015-01-21 07:52:30', '0000-00-00 00:00:00'),
(1003, 1, 881, '2015-01-21 07:52:30', '0000-00-00 00:00:00'),
(1004, 1, 1155, '2015-01-21 07:52:30', '0000-00-00 00:00:00'),
(1005, 4, 161, '2015-01-21 07:55:39', '0000-00-00 00:00:00'),
(1006, 4, 204, '2015-01-21 07:55:39', '0000-00-00 00:00:00'),
(1007, 4, 721, '2015-01-21 07:55:39', '0000-00-00 00:00:00'),
(1008, 4, 711, '2015-01-21 07:55:39', '0000-00-00 00:00:00'),
(1009, 4, 171, '2015-01-21 07:55:39', '0000-00-00 00:00:00'),
(1010, 4, 194, '2015-01-21 07:55:39', '0000-00-00 00:00:00'),
(1011, 4, 198, '2015-01-21 07:55:39', '0000-00-00 00:00:00'),
(1012, 4, 1125, '2015-01-21 07:55:39', '0000-00-00 00:00:00'),
(1013, 4, 212, '2015-01-21 07:55:39', '0000-00-00 00:00:00'),
(1014, 2, 176, '2015-01-21 07:57:46', '0000-00-00 00:00:00'),
(1015, 2, 166, '2015-01-21 07:57:46', '0000-00-00 00:00:00'),
(1016, 2, 1142, '2015-01-21 07:57:46', '0000-00-00 00:00:00'),
(1017, 2, 199, '2015-01-21 07:57:46', '0000-00-00 00:00:00'),
(1018, 2, 201, '2015-01-21 07:57:46', '0000-00-00 00:00:00'),
(1019, 2, 182, '2015-01-21 07:57:46', '0000-00-00 00:00:00'),
(1020, 2, 724, '2015-01-21 07:57:46', '0000-00-00 00:00:00'),
(1021, 3, 190, '2015-01-21 07:59:35', '0000-00-00 00:00:00'),
(1022, 3, 215, '2015-01-21 07:59:35', '0000-00-00 00:00:00'),
(1023, 3, 189, '2015-01-21 07:59:35', '0000-00-00 00:00:00'),
(1024, 3, 187, '2015-01-21 07:59:35', '0000-00-00 00:00:00'),
(1025, 3, 203, '2015-01-21 07:59:35', '0000-00-00 00:00:00'),
(1026, 3, 172, '2015-01-21 07:59:35', '0000-00-00 00:00:00'),
(1027, 3, 715, '2015-01-21 07:59:35', '0000-00-00 00:00:00'),
(1028, 3, 723, '2015-01-21 07:59:35', '0000-00-00 00:00:00'),
(1029, 3, 195, '2015-01-21 07:59:35', '0000-00-00 00:00:00'),
(1030, 3, 193, '2015-01-21 07:59:35', '0000-00-00 00:00:00'),
(1031, 3, 174, '2015-01-21 07:59:35', '0000-00-00 00:00:00'),
(1032, 3, 208, '2015-01-21 07:59:35', '0000-00-00 00:00:00'),
(1033, 3, 718, '2015-01-21 07:59:35', '0000-00-00 00:00:00'),
(1034, 1, 168, '2015-01-21 08:02:20', '0000-00-00 00:00:00'),
(1035, 1, 184, '2015-01-21 08:02:20', '0000-00-00 00:00:00'),
(1036, 1, 205, '2015-01-21 08:02:20', '0000-00-00 00:00:00'),
(1037, 1, 180, '2015-01-21 08:02:20', '0000-00-00 00:00:00'),
(1038, 1, 188, '2015-01-21 08:02:20', '0000-00-00 00:00:00'),
(1039, 1, 529, '2015-01-21 08:02:21', '0000-00-00 00:00:00'),
(1040, 1, 1144, '2015-01-21 08:02:21', '0000-00-00 00:00:00'),
(1041, 1, 1151, '2015-01-21 08:02:21', '0000-00-00 00:00:00'),
(1042, 4, 200, '2015-01-21 08:03:50', '0000-00-00 00:00:00'),
(1043, 4, 177, '2015-01-21 08:03:50', '0000-00-00 00:00:00'),
(1044, 4, 528, '2015-01-21 08:03:50', '0000-00-00 00:00:00'),
(1045, 4, 1124, '2015-01-21 08:03:50', '0000-00-00 00:00:00'),
(1046, 4, 164, '2015-01-21 08:03:50', '0000-00-00 00:00:00'),
(1047, 4, 523, '2015-01-21 08:03:50', '0000-00-00 00:00:00'),
(1048, 4, 534, '2015-01-21 08:03:50', '0000-00-00 00:00:00'),
(1049, 4, 1156, '2015-01-21 08:03:50', '0000-00-00 00:00:00'),
(1050, 2, 207, '2015-01-21 08:10:34', '0000-00-00 00:00:00'),
(1051, 2, 535, '2015-01-21 08:10:34', '0000-00-00 00:00:00'),
(1052, 2, 178, '2015-01-21 08:10:34', '0000-00-00 00:00:00'),
(1053, 2, 717, '2015-01-21 08:10:34', '0000-00-00 00:00:00'),
(1054, 2, 209, '2015-01-21 08:10:34', '0000-00-00 00:00:00'),
(1055, 2, 719, '2015-01-21 08:10:34', '0000-00-00 00:00:00'),
(1056, 2, 163, '2015-01-21 08:10:34', '0000-00-00 00:00:00'),
(1057, 2, 183, '2015-01-21 08:10:34', '0000-00-00 00:00:00'),
(1058, 2, 498, '2015-01-21 08:10:34', '0000-00-00 00:00:00'),
(1059, 2, 213, '2015-01-21 08:10:34', '0000-00-00 00:00:00'),
(1060, 2, 713, '2015-01-21 08:10:34', '0000-00-00 00:00:00');
INSERT INTO `sms_student_house` (`id`, `house_id`, `student_id`, `create_date`, `update_date`) VALUES
(1061, 2, 170, '2015-01-21 08:10:34', '0000-00-00 00:00:00'),
(1062, 3, 537, '2015-01-21 08:12:51', '0000-00-00 00:00:00'),
(1063, 3, 169, '2015-01-21 08:12:51', '0000-00-00 00:00:00'),
(1064, 3, 532, '2015-01-21 08:12:51', '0000-00-00 00:00:00'),
(1065, 3, 211, '2015-01-21 08:12:51', '0000-00-00 00:00:00'),
(1066, 3, 536, '2015-01-21 08:12:51', '0000-00-00 00:00:00'),
(1067, 3, 173, '2015-01-21 08:12:51', '0000-00-00 00:00:00'),
(1068, 3, 716, '2015-01-21 08:12:51', '0000-00-00 00:00:00'),
(1069, 3, 531, '2015-01-21 08:12:51', '0000-00-00 00:00:00'),
(1070, 3, 527, '2015-01-21 08:12:51', '0000-00-00 00:00:00'),
(1071, 1, 175, '2015-01-21 08:14:38', '0000-00-00 00:00:00'),
(1072, 1, 202, '2015-01-21 08:14:38', '0000-00-00 00:00:00'),
(1073, 1, 165, '2015-01-21 08:14:38', '0000-00-00 00:00:00'),
(1074, 1, 712, '2015-01-21 08:14:38', '0000-00-00 00:00:00'),
(1075, 1, 179, '2015-01-21 08:14:38', '0000-00-00 00:00:00'),
(1076, 1, 530, '2015-01-21 08:14:38', '0000-00-00 00:00:00'),
(1077, 1, 533, '2015-01-21 08:14:38', '0000-00-00 00:00:00'),
(1078, 1, 210, '2015-01-21 08:14:38', '0000-00-00 00:00:00'),
(1079, 1, 497, '2015-01-21 08:14:38', '0000-00-00 00:00:00'),
(1080, 1, 206, '2015-01-21 08:14:38', '0000-00-00 00:00:00'),
(1081, 1, 714, '2015-01-21 08:14:38', '0000-00-00 00:00:00'),
(1082, 1, 185, '2015-01-21 08:14:38', '0000-00-00 00:00:00'),
(1083, 4, 186, '2015-01-21 11:37:40', '0000-00-00 00:00:00'),
(1084, 2, 525, '2015-01-21 11:38:42', '0000-00-00 00:00:00'),
(1085, 1, 214, '2015-01-21 11:40:21', '0000-00-00 00:00:00'),
(1086, 4, 196, '2015-01-21 11:41:48', '0000-00-00 00:00:00'),
(1087, 2, 191, '2015-01-21 11:42:57', '0000-00-00 00:00:00'),
(1088, 2, 181, '2015-01-21 11:43:46', '0000-00-00 00:00:00'),
(1089, 3, 167, '2015-01-21 11:46:58', '0000-00-00 00:00:00'),
(1090, 4, 162, '2015-01-21 11:48:57', '0000-00-00 00:00:00'),
(1091, 4, 848, '2015-01-21 11:53:55', '0000-00-00 00:00:00'),
(1092, 4, 845, '2015-01-21 11:53:55', '0000-00-00 00:00:00'),
(1093, 4, 843, '2015-01-21 11:53:55', '0000-00-00 00:00:00'),
(1094, 4, 850, '2015-01-21 11:53:55', '0000-00-00 00:00:00'),
(1095, 4, 1166, '2015-01-21 11:53:55', '0000-00-00 00:00:00'),
(1096, 4, 1169, '2015-01-21 11:53:55', '0000-00-00 00:00:00'),
(1097, 2, 849, '2015-01-21 12:08:51', '0000-00-00 00:00:00'),
(1098, 2, 936, '2015-01-21 12:08:51', '0000-00-00 00:00:00'),
(1099, 2, 1126, '2015-01-21 12:08:51', '0000-00-00 00:00:00'),
(1100, 2, 1163, '2015-01-21 12:08:51', '0000-00-00 00:00:00'),
(1101, 2, 1165, '2015-01-21 12:08:51', '0000-00-00 00:00:00'),
(1102, 2, 1171, '2015-01-21 12:08:51', '0000-00-00 00:00:00'),
(1103, 4, 358, '2015-01-21 13:53:52', '0000-00-00 00:00:00'),
(1104, 4, 364, '2015-01-21 13:53:52', '0000-00-00 00:00:00'),
(1105, 4, 310, '2015-01-21 13:53:52', '0000-00-00 00:00:00'),
(1106, 4, 317, '2015-01-21 13:53:52', '0000-00-00 00:00:00'),
(1107, 4, 336, '2015-01-21 13:53:52', '0000-00-00 00:00:00'),
(1108, 4, 740, '2015-01-21 13:53:52', '0000-00-00 00:00:00'),
(1109, 4, 341, '2015-01-21 13:53:52', '0000-00-00 00:00:00'),
(1110, 4, 350, '2015-01-21 13:53:52', '0000-00-00 00:00:00'),
(1111, 4, 369, '2015-01-21 13:53:52', '0000-00-00 00:00:00'),
(1112, 4, 338, '2015-01-21 13:53:52', '0000-00-00 00:00:00'),
(1113, 4, 308, '2015-01-21 13:53:52', '0000-00-00 00:00:00'),
(1114, 4, 292, '2015-01-21 13:53:52', '0000-00-00 00:00:00'),
(1115, 4, 291, '2015-01-21 13:53:52', '0000-00-00 00:00:00'),
(1116, 4, 366, '2015-01-21 13:53:52', '0000-00-00 00:00:00'),
(1117, 4, 741, '2015-01-21 13:53:52', '0000-00-00 00:00:00'),
(1118, 4, 346, '2015-01-21 13:55:14', '0000-00-00 00:00:00'),
(1119, 4, 294, '2015-01-21 13:55:14', '0000-00-00 00:00:00'),
(1120, 4, 578, '2015-01-21 13:55:14', '0000-00-00 00:00:00'),
(1121, 4, 34, '2015-01-21 13:55:14', '0000-00-00 00:00:00'),
(1122, 4, 345, '2015-01-21 13:55:14', '0000-00-00 00:00:00'),
(1123, 4, 1236, '2015-01-21 13:55:14', '0000-00-00 00:00:00'),
(1124, 4, 1237, '2015-01-21 13:55:14', '0000-00-00 00:00:00'),
(1125, 4, 1242, '2015-01-21 13:58:04', '0000-00-00 00:00:00'),
(1126, 2, 1241, '2015-01-21 13:59:23', '0000-00-00 00:00:00'),
(1127, 2, 1385, '2015-01-21 13:59:23', '0000-00-00 00:00:00'),
(1128, 3, 1247, '2015-01-21 14:00:24', '0000-00-00 00:00:00'),
(1129, 3, 1240, '2015-01-21 14:00:24', '0000-00-00 00:00:00'),
(1130, 3, 1244, '2015-01-21 14:00:24', '0000-00-00 00:00:00'),
(1131, 3, 1386, '2015-01-21 14:00:24', '0000-00-00 00:00:00'),
(1132, 1, 1239, '2015-01-21 14:02:37', '0000-00-00 00:00:00'),
(1133, 1, 1243, '2015-01-21 14:02:37', '0000-00-00 00:00:00'),
(1134, 1, 1248, '2015-01-21 14:02:37', '0000-00-00 00:00:00'),
(1135, 1, 1246, '2015-01-21 14:02:37', '0000-00-00 00:00:00'),
(1136, 1, 35, '2015-01-21 14:04:24', '0000-00-00 00:00:00'),
(1137, 1, 574, '2015-01-21 14:04:24', '0000-00-00 00:00:00'),
(1138, 1, 353, '2015-01-21 14:04:24', '0000-00-00 00:00:00'),
(1139, 1, 582, '2015-01-21 14:04:24', '0000-00-00 00:00:00'),
(1140, 1, 344, '2015-01-21 14:04:24', '0000-00-00 00:00:00'),
(1141, 1, 360, '2015-01-21 14:04:24', '0000-00-00 00:00:00'),
(1142, 1, 335, '2015-01-21 14:04:24', '0000-00-00 00:00:00'),
(1143, 1, 1249, '2015-01-21 14:04:24', '0000-00-00 00:00:00'),
(1144, 1, 340, '2015-01-21 14:07:10', '0000-00-00 00:00:00'),
(1145, 1, 307, '2015-01-21 14:07:10', '0000-00-00 00:00:00'),
(1146, 1, 333, '2015-01-21 14:07:10', '0000-00-00 00:00:00'),
(1147, 1, 348, '2015-01-21 14:07:10', '0000-00-00 00:00:00'),
(1148, 1, 293, '2015-01-21 14:07:10', '0000-00-00 00:00:00'),
(1149, 1, 299, '2015-01-21 14:07:10', '0000-00-00 00:00:00'),
(1150, 1, 330, '2015-01-21 14:07:10', '0000-00-00 00:00:00'),
(1151, 1, 1127, '2015-01-21 14:07:10', '0000-00-00 00:00:00'),
(1152, 1, 318, '2015-01-21 14:07:10', '0000-00-00 00:00:00'),
(1153, 1, 368, '2015-01-21 14:07:10', '0000-00-00 00:00:00'),
(1154, 1, 384, '2015-01-21 14:07:10', '0000-00-00 00:00:00'),
(1155, 3, 298, '2015-01-21 14:10:25', '0000-00-00 00:00:00'),
(1156, 3, 580, '2015-01-21 14:10:25', '0000-00-00 00:00:00'),
(1157, 3, 297, '2015-01-21 14:10:25', '0000-00-00 00:00:00'),
(1158, 3, 362, '2015-01-21 14:10:25', '0000-00-00 00:00:00'),
(1159, 3, 331, '2015-01-21 14:10:25', '0000-00-00 00:00:00'),
(1160, 3, 325, '2015-01-21 14:10:25', '0000-00-00 00:00:00'),
(1161, 3, 579, '2015-01-21 14:10:25', '0000-00-00 00:00:00'),
(1162, 3, 300, '2015-01-21 14:10:25', '0000-00-00 00:00:00'),
(1163, 3, 352, '2015-01-21 14:10:25', '0000-00-00 00:00:00'),
(1164, 3, 359, '2015-01-21 14:10:25', '0000-00-00 00:00:00'),
(1165, 3, 334, '2015-01-21 14:10:25', '0000-00-00 00:00:00'),
(1166, 3, 370, '2015-01-21 14:12:20', '0000-00-00 00:00:00'),
(1167, 3, 575, '2015-01-21 14:12:20', '0000-00-00 00:00:00'),
(1168, 3, 32, '2015-01-21 14:12:20', '0000-00-00 00:00:00'),
(1169, 3, 303, '2015-01-21 14:12:20', '0000-00-00 00:00:00'),
(1170, 3, 321, '2015-01-21 14:12:20', '0000-00-00 00:00:00'),
(1171, 2, 302, '2015-01-21 14:15:15', '0000-00-00 00:00:00'),
(1172, 2, 332, '2015-01-21 14:15:15', '0000-00-00 00:00:00'),
(1173, 2, 357, '2015-01-21 14:15:15', '0000-00-00 00:00:00'),
(1174, 2, 311, '2015-01-21 14:15:15', '0000-00-00 00:00:00'),
(1175, 2, 738, '2015-01-21 14:15:15', '0000-00-00 00:00:00'),
(1176, 2, 365, '2015-01-21 14:15:15', '0000-00-00 00:00:00'),
(1177, 2, 584, '2015-01-21 14:15:15', '0000-00-00 00:00:00'),
(1178, 2, 305, '2015-01-21 14:16:58', '0000-00-00 00:00:00'),
(1179, 2, 337, '2015-01-21 14:16:58', '0000-00-00 00:00:00'),
(1180, 2, 322, '2015-01-21 14:16:58', '0000-00-00 00:00:00'),
(1181, 2, 356, '2015-01-21 14:16:58', '0000-00-00 00:00:00'),
(1182, 2, 1234, '2015-01-21 14:16:58', '0000-00-00 00:00:00'),
(1183, 2, 349, '2015-01-21 14:21:42', '0000-00-00 00:00:00'),
(1184, 4, 323, '2015-01-21 14:30:22', '0000-00-00 00:00:00'),
(1185, 2, 319, '2015-01-21 14:36:45', '0000-00-00 00:00:00'),
(1186, 2, 329, '2015-01-21 14:36:45', '0000-00-00 00:00:00'),
(1187, 2, 312, '2015-01-21 14:36:45', '0000-00-00 00:00:00'),
(1188, 2, 326, '2015-01-21 14:36:45', '0000-00-00 00:00:00'),
(1189, 2, 342, '2015-01-21 14:36:45', '0000-00-00 00:00:00'),
(1190, 2, 1338, '2015-01-21 14:36:45', '0000-00-00 00:00:00'),
(1191, 2, 296, '2015-01-21 14:58:28', '0000-00-00 00:00:00'),
(1192, 3, 371, '2015-01-21 15:00:22', '0000-00-00 00:00:00'),
(1193, 3, 316, '2015-01-21 15:08:28', '0000-00-00 00:00:00'),
(1194, 3, 1337, '2015-01-22 07:41:54', '0000-00-00 00:00:00'),
(1195, 3, 576, '2015-01-22 07:55:30', '0000-00-00 00:00:00'),
(1196, 3, 512, '2015-01-22 08:09:53', '0000-00-00 00:00:00'),
(1197, 1, 367, '2015-01-22 08:11:51', '0000-00-00 00:00:00'),
(1198, 2, 343, '2015-01-22 08:18:19', '0000-00-00 00:00:00'),
(1199, 4, 351, '2015-01-22 08:22:41', '0000-00-00 00:00:00'),
(1200, 2, 315, '2015-01-22 08:25:13', '0000-00-00 00:00:00'),
(1201, 1, 301, '2015-01-22 08:48:12', '0000-00-00 00:00:00'),
(1202, 2, 309, '2015-01-22 08:49:38', '0000-00-00 00:00:00');

-- --------------------------------------------------------

--
-- Table structure for table `sms_student_payment_transection`
--

CREATE TABLE IF NOT EXISTS `sms_student_payment_transection` (
  `id` bigint(20) unsigned NOT NULL,
  `student_tuition_fee_payment_id` bigint(20) unsigned NOT NULL,
  `bank_transection_id` varchar(255) DEFAULT NULL,
  `created_at` timestamp NOT NULL DEFAULT CURRENT_TIMESTAMP,
  `created_by` bigint(20) unsigned DEFAULT NULL
) ENGINE=InnoDB DEFAULT CHARSET=latin1;

-- --------------------------------------------------------

--
-- Table structure for table `sms_student_personal_details`
--

CREATE TABLE IF NOT EXISTS `sms_student_personal_details` (
  `id` bigint(20) unsigned NOT NULL,
  `student_id` bigint(20) unsigned NOT NULL,
  `personal_details_id` bigint(20) unsigned NOT NULL,
  `created_at` timestamp NOT NULL DEFAULT CURRENT_TIMESTAMP ON UPDATE CURRENT_TIMESTAMP
) ENGINE=InnoDB DEFAULT CHARSET=latin1;

-- --------------------------------------------------------

--
-- Table structure for table `sms_student_photo`
--

CREATE TABLE IF NOT EXISTS `sms_student_photo` (
  `id` bigint(20) unsigned NOT NULL,
  `student_id` bigint(20) unsigned DEFAULT NULL,
  `file_name` varchar(150) DEFAULT NULL,
  `image_size` varchar(12) DEFAULT NULL,
  `image_type` varchar(20) DEFAULT NULL,
  `created_at` datetime DEFAULT NULL,
  `updated_at` timestamp NULL DEFAULT CURRENT_TIMESTAMP,
  `created_by` bigint(20) DEFAULT NULL,
  `updated_by` bigint(20) DEFAULT NULL
) ENGINE=InnoDB AUTO_INCREMENT=2 DEFAULT CHARSET=latin1;

--
-- Dumping data for table `sms_student_photo`
--

INSERT INTO `sms_student_photo` (`id`, `student_id`, `file_name`, `image_size`, `image_type`, `created_at`, `updated_at`, `created_by`, `updated_by`) VALUES
(1, 1, 'std_photo_1.jpg', '250x313', 'image/jpeg', '2015-12-20 14:57:51', '2015-12-20 08:57:51', 1250, NULL);

--
-- Triggers `sms_student_photo`
--
DELIMITER $$
CREATE TRIGGER `student_photo_ad` AFTER DELETE ON `sms_student_photo`
 FOR EACH ROW BEGIN
update sms_student set photo_id = (select max(id) from sms_student_photo where student_id = old.student_id) where id = old.student_id;
END
$$
DELIMITER ;
DELIMITER $$
CREATE TRIGGER `student_photo_ai` AFTER INSERT ON `sms_student_photo`
 FOR EACH ROW begin
 update sms_student set photo_id = new.id where id = new.student_id;
end
$$
DELIMITER ;

-- --------------------------------------------------------

--
-- Table structure for table `sms_student_status`
--

CREATE TABLE IF NOT EXISTS `sms_student_status` (
  `id` smallint(5) unsigned NOT NULL,
  `student_id` bigint(20) unsigned NOT NULL,
  `status_id` tinyint(3) unsigned NOT NULL,
  `lookup_id` bigint(10) unsigned DEFAULT NULL,
  `comments` varchar(300) DEFAULT NULL,
  `created_at` timestamp NOT NULL DEFAULT CURRENT_TIMESTAMP,
  `created_by` bigint(20) DEFAULT NULL
) ENGINE=InnoDB AUTO_INCREMENT=2045 DEFAULT CHARSET=latin1;

--
-- Dumping data for table `sms_student_status`
--

INSERT INTO `sms_student_status` (`id`, `student_id`, `status_id`, `lookup_id`, `comments`, `created_at`, `created_by`) VALUES
(1, 1, 3, 24, '', '2014-11-03 10:41:26', NULL),
(2, 2, 3, 25, NULL, '2014-11-03 10:41:26', NULL),
(3, 3, 3, 25, NULL, '2014-11-03 10:41:27', NULL),
(4, 4, 3, 25, NULL, '2014-11-03 10:41:27', NULL),
(5, 5, 3, 25, NULL, '2014-11-03 10:41:27', NULL),
(6, 6, 3, 25, NULL, '2014-11-03 10:41:28', NULL),
(7, 7, 3, 25, NULL, '2014-11-03 10:41:28', NULL),
(8, 8, 3, 25, NULL, '2014-11-03 10:41:28', NULL),
(9, 9, 3, 25, NULL, '2014-11-03 10:41:29', NULL),
(10, 10, 3, 25, NULL, '2014-11-03 10:41:29', NULL),
(11, 11, 3, 25, NULL, '2014-11-03 10:41:29', NULL),
(12, 12, 3, 25, NULL, '2014-11-03 10:41:30', NULL),
(13, 13, 3, 25, NULL, '2014-11-03 10:41:30', NULL),
(14, 14, 3, 25, NULL, '2014-11-03 10:41:30', NULL),
(15, 15, 3, 25, NULL, '2014-11-03 10:41:31', NULL),
(16, 16, 3, 25, NULL, '2014-11-03 10:41:31', NULL),
(17, 17, 3, 25, NULL, '2014-11-03 10:41:31', NULL),
(18, 18, 3, 25, NULL, '2014-11-03 10:41:32', NULL),
(19, 19, 3, 25, NULL, '2014-11-03 10:41:32', NULL),
(20, 20, 3, 25, NULL, '2014-11-03 10:41:33', NULL),
(21, 21, 3, 25, NULL, '2014-11-03 10:41:33', NULL),
(22, 22, 3, 25, NULL, '2014-11-03 10:41:33', NULL),
(23, 23, 3, 25, NULL, '2014-11-03 10:41:34', NULL),
(24, 24, 3, 25, NULL, '2014-11-03 10:41:34', NULL),
(25, 25, 3, 25, NULL, '2014-11-03 10:41:35', NULL),
(26, 26, 3, 25, NULL, '2014-11-03 10:41:35', NULL),
(27, 27, 3, 25, NULL, '2014-11-03 10:41:36', NULL),
(28, 28, 3, 25, NULL, '2014-11-03 10:41:36', NULL),
(29, 29, 3, 25, NULL, '2014-11-03 10:41:37', NULL),
(30, 30, 3, 25, NULL, '2014-11-03 10:41:37', NULL),
(31, 31, 3, 25, NULL, '2014-11-03 10:41:37', NULL),
(32, 32, 3, 25, NULL, '2014-11-03 10:41:38', NULL),
(33, 33, 3, 25, NULL, '2014-11-03 10:41:38', NULL),
(34, 34, 3, 25, NULL, '2014-11-03 10:41:39', NULL),
(35, 35, 3, 25, NULL, '2014-11-03 10:41:39', NULL),
(36, 36, 3, 25, NULL, '2014-11-03 10:41:40', NULL),
(37, 37, 3, 25, NULL, '2014-11-03 10:41:40', NULL),
(38, 38, 3, 25, NULL, '2014-11-03 10:41:40', NULL),
(39, 39, 3, 25, NULL, '2014-11-03 10:41:41', NULL),
(40, 40, 3, 25, NULL, '2014-11-03 10:41:41', NULL),
(41, 41, 3, 25, NULL, '2014-11-03 10:41:42', NULL),
(42, 42, 3, 25, NULL, '2014-11-03 10:41:42', NULL),
(43, 43, 3, 25, NULL, '2014-11-03 10:41:43', NULL),
(44, 44, 3, 25, NULL, '2014-11-03 10:41:43', NULL),
(45, 45, 3, 25, NULL, '2014-11-03 10:41:43', NULL),
(46, 46, 3, 25, NULL, '2014-11-03 10:41:44', NULL),
(47, 47, 3, 25, NULL, '2014-11-03 10:41:44', NULL),
(48, 48, 3, 25, NULL, '2014-11-03 10:41:45', NULL),
(49, 49, 3, 25, NULL, '2014-11-03 10:41:45', NULL),
(50, 50, 3, 25, NULL, '2014-11-03 10:41:45', NULL),
(51, 51, 3, 25, NULL, '2014-11-03 10:41:46', NULL),
(52, 52, 3, 25, NULL, '2014-11-03 10:41:46', NULL),
(53, 53, 3, 25, NULL, '2014-11-03 10:41:47', NULL),
(54, 54, 3, 25, NULL, '2014-11-03 10:41:48', NULL),
(55, 55, 3, 25, NULL, '2014-11-03 10:41:48', NULL),
(56, 56, 3, 25, NULL, '2014-11-03 10:41:48', NULL),
(57, 57, 3, 25, NULL, '2014-11-03 10:41:49', NULL),
(58, 58, 3, 25, NULL, '2014-11-03 10:41:49', NULL),
(59, 59, 3, 25, NULL, '2014-11-03 10:41:50', NULL),
(60, 60, 3, 25, NULL, '2014-11-03 10:41:50', NULL),
(61, 61, 3, 25, NULL, '2014-11-03 10:41:50', NULL),
(62, 62, 3, 25, NULL, '2014-11-03 10:41:51', NULL),
(63, 63, 3, 25, NULL, '2014-11-03 10:41:51', NULL),
(64, 64, 3, 25, NULL, '2014-11-03 10:41:52', NULL),
(65, 65, 3, 25, NULL, '2014-11-03 10:41:52', NULL),
(66, 66, 3, 25, NULL, '2014-11-03 10:41:53', NULL),
(67, 67, 3, 25, NULL, '2014-11-03 10:41:53', NULL),
(68, 68, 3, 25, NULL, '2014-11-03 10:41:53', NULL),
(69, 69, 3, 25, NULL, '2014-11-03 10:41:54', NULL),
(70, 70, 3, 25, NULL, '2014-11-03 10:41:54', NULL),
(71, 71, 3, 25, NULL, '2014-11-03 10:41:55', NULL),
(72, 72, 3, 25, NULL, '2014-11-03 10:41:55', NULL),
(73, 73, 3, 25, NULL, '2014-11-03 10:41:56', NULL),
(74, 74, 3, 25, NULL, '2014-11-03 10:41:56', NULL),
(75, 75, 3, 25, NULL, '2014-11-03 10:41:57', NULL),
(76, 76, 3, 25, NULL, '2014-11-03 10:41:57', NULL),
(77, 77, 3, 25, NULL, '2014-11-03 10:41:57', NULL),
(78, 78, 3, 25, NULL, '2014-11-03 10:41:58', NULL),
(79, 79, 3, 25, NULL, '2014-11-03 10:41:59', NULL),
(80, 80, 3, 25, NULL, '2014-11-03 10:41:59', NULL),
(81, 81, 3, 25, NULL, '2014-11-03 10:41:59', NULL),
(82, 82, 3, 25, NULL, '2014-11-03 10:42:00', NULL),
(83, 83, 3, 25, NULL, '2014-11-03 10:42:00', NULL),
(84, 84, 3, 25, NULL, '2014-11-03 10:42:01', NULL),
(85, 85, 3, 25, NULL, '2014-11-03 10:42:01', NULL),
(86, 86, 3, 25, NULL, '2014-11-03 10:42:02', NULL),
(87, 87, 3, 25, NULL, '2014-11-03 10:42:02', NULL),
(88, 88, 3, 25, NULL, '2014-11-03 10:42:03', NULL),
(89, 89, 3, 25, NULL, '2014-11-03 10:42:03', NULL),
(90, 90, 3, 25, NULL, '2014-11-03 10:42:04', NULL),
(91, 91, 3, 25, NULL, '2014-11-03 10:42:04', NULL),
(92, 92, 3, 25, NULL, '2014-11-03 10:42:04', NULL),
(93, 93, 3, 25, NULL, '2014-11-03 10:42:05', NULL),
(94, 94, 3, 25, NULL, '2014-11-03 10:42:05', NULL),
(95, 95, 3, 25, NULL, '2014-11-03 10:42:06', NULL),
(96, 96, 3, 25, NULL, '2014-11-03 10:42:06', NULL),
(97, 97, 3, 25, NULL, '2014-11-03 10:42:07', NULL),
(98, 98, 3, 25, NULL, '2014-11-03 10:42:07', NULL),
(99, 99, 3, 25, NULL, '2014-11-03 10:42:08', NULL),
(100, 100, 3, 25, NULL, '2014-11-03 10:42:08', NULL),
(101, 101, 3, 25, NULL, '2014-11-03 10:42:09', NULL),
(102, 102, 3, 25, NULL, '2014-11-03 10:42:09', NULL),
(103, 103, 3, 25, NULL, '2014-11-03 10:42:09', NULL),
(104, 104, 3, 25, NULL, '2014-11-03 10:42:10', NULL),
(105, 105, 3, 25, NULL, '2014-11-03 10:42:10', NULL),
(106, 106, 3, 25, NULL, '2014-11-03 10:42:10', NULL),
(107, 107, 3, 25, NULL, '2014-11-03 10:42:11', NULL),
(108, 108, 3, 25, NULL, '2014-11-03 10:42:11', NULL),
(109, 109, 3, 25, NULL, '2014-11-03 10:42:11', NULL),
(110, 110, 3, 25, NULL, '2014-11-03 10:42:12', NULL),
(111, 111, 3, 25, NULL, '2014-11-03 10:42:12', NULL),
(112, 112, 3, 25, NULL, '2014-11-03 10:42:12', NULL),
(113, 113, 3, 25, NULL, '2014-11-03 10:42:13', NULL),
(114, 114, 3, 25, NULL, '2014-11-03 10:42:13', NULL),
(115, 115, 3, 25, NULL, '2014-11-03 10:42:13', NULL),
(116, 116, 3, 25, NULL, '2014-11-03 10:42:14', NULL),
(117, 117, 3, 25, NULL, '2014-11-03 10:42:14', NULL),
(118, 118, 3, 25, NULL, '2014-11-03 10:42:14', NULL),
(119, 119, 3, 25, NULL, '2014-11-03 10:42:15', NULL),
(120, 120, 3, 25, NULL, '2014-11-03 10:42:15', NULL),
(121, 121, 3, 25, NULL, '2014-11-03 10:42:15', NULL),
(122, 122, 3, 25, NULL, '2014-11-03 10:42:16', NULL),
(123, 123, 3, 25, NULL, '2014-11-03 10:42:16', NULL),
(124, 124, 3, 25, NULL, '2014-11-03 10:42:16', NULL),
(125, 125, 3, 25, NULL, '2014-11-03 10:42:17', NULL),
(126, 126, 3, 25, NULL, '2014-11-03 10:42:17', NULL),
(127, 127, 3, 25, NULL, '2014-11-03 10:42:17', NULL),
(128, 128, 3, 25, NULL, '2014-11-03 10:42:18', NULL),
(129, 129, 3, 25, NULL, '2014-11-03 10:42:18', NULL),
(130, 130, 3, 25, NULL, '2014-11-03 10:42:19', NULL),
(131, 131, 3, 25, NULL, '2014-11-03 10:42:19', NULL),
(132, 132, 3, 25, NULL, '2014-11-03 10:42:20', NULL),
(133, 133, 3, 25, NULL, '2014-11-03 10:42:20', NULL),
(134, 134, 3, 25, NULL, '2014-11-03 10:42:21', NULL),
(135, 135, 3, 25, NULL, '2014-11-03 10:42:21', NULL),
(136, 136, 3, 25, NULL, '2014-11-03 10:42:22', NULL),
(137, 137, 3, 25, NULL, '2014-11-03 10:42:22', NULL),
(138, 138, 3, 25, NULL, '2014-11-03 10:42:22', NULL),
(139, 139, 3, 25, NULL, '2014-11-03 10:42:23', NULL),
(140, 140, 3, 25, NULL, '2014-11-03 10:42:23', NULL),
(141, 141, 3, 25, NULL, '2014-11-03 10:42:24', NULL),
(142, 142, 3, 25, NULL, '2014-11-03 10:42:24', NULL),
(143, 143, 3, 25, NULL, '2014-11-03 10:42:24', NULL),
(144, 144, 3, 25, NULL, '2014-11-03 10:42:24', NULL),
(145, 145, 3, 25, NULL, '2014-11-03 10:42:25', NULL),
(146, 146, 3, 25, NULL, '2014-11-03 10:42:25', NULL),
(147, 147, 3, 25, NULL, '2014-11-03 10:42:26', NULL),
(148, 148, 3, 25, NULL, '2014-11-03 10:42:26', NULL),
(149, 149, 3, 25, NULL, '2014-11-03 10:42:26', NULL),
(150, 150, 3, 25, NULL, '2014-11-03 10:42:27', NULL),
(151, 151, 3, 25, NULL, '2014-11-03 10:42:27', NULL),
(152, 152, 3, 25, NULL, '2014-11-03 10:42:28', NULL),
(153, 153, 3, 25, NULL, '2014-11-03 10:42:28', NULL),
(154, 154, 3, 25, NULL, '2014-11-03 10:42:28', NULL),
(155, 155, 3, 25, NULL, '2014-11-03 10:42:29', NULL),
(156, 156, 3, 25, NULL, '2014-11-03 10:42:29', NULL),
(157, 157, 3, 25, NULL, '2014-11-03 10:42:29', NULL),
(158, 158, 3, 25, NULL, '2014-11-03 10:42:29', NULL),
(159, 159, 3, 25, NULL, '2014-11-03 10:42:30', NULL),
(160, 160, 3, 25, NULL, '2014-11-03 10:42:31', NULL),
(161, 161, 3, 25, NULL, '2014-11-03 10:42:31', NULL),
(162, 162, 3, 25, NULL, '2014-11-03 10:42:31', NULL),
(163, 163, 3, 25, NULL, '2014-11-03 10:42:32', NULL),
(164, 164, 3, 25, NULL, '2014-11-03 10:42:32', NULL),
(165, 165, 3, 25, NULL, '2014-11-03 10:42:32', NULL),
(166, 166, 3, 25, NULL, '2014-11-03 10:42:32', NULL),
(167, 167, 3, 25, NULL, '2014-11-03 10:42:33', NULL),
(168, 168, 3, 25, NULL, '2014-11-03 10:42:33', NULL),
(169, 169, 3, 25, NULL, '2014-11-03 10:42:33', NULL),
(170, 170, 3, 25, NULL, '2014-11-03 10:42:34', NULL),
(171, 171, 3, 25, NULL, '2014-11-03 10:42:34', NULL),
(172, 172, 3, 25, NULL, '2014-11-03 10:42:34', NULL),
(173, 173, 3, 25, NULL, '2014-11-03 10:42:35', NULL),
(174, 174, 3, 25, NULL, '2014-11-03 10:42:35', NULL),
(175, 175, 3, 25, NULL, '2014-11-03 10:42:36', NULL),
(176, 176, 3, 25, NULL, '2014-11-03 10:42:36', NULL),
(177, 177, 3, 25, NULL, '2014-11-03 10:42:36', NULL),
(178, 178, 3, 25, NULL, '2014-11-03 10:42:37', NULL),
(179, 179, 3, 25, NULL, '2014-11-03 10:42:37', NULL),
(180, 180, 3, 25, NULL, '2014-11-03 10:42:37', NULL),
(181, 181, 3, 25, NULL, '2014-11-03 10:42:38', NULL),
(182, 182, 3, 25, NULL, '2014-11-03 10:42:38', NULL),
(183, 183, 3, 25, NULL, '2014-11-03 10:42:39', NULL),
(184, 184, 3, 25, NULL, '2014-11-03 10:42:39', NULL),
(185, 185, 3, 25, NULL, '2014-11-03 10:42:39', NULL),
(186, 186, 3, 25, NULL, '2014-11-03 10:42:40', NULL),
(187, 187, 3, 25, NULL, '2014-11-03 10:42:40', NULL),
(188, 188, 3, 25, NULL, '2014-11-03 10:42:40', NULL),
(189, 189, 3, 25, NULL, '2014-11-03 10:42:41', NULL),
(190, 190, 3, 25, NULL, '2014-11-03 10:42:42', NULL),
(191, 191, 3, 25, NULL, '2014-11-03 10:42:42', NULL),
(192, 192, 3, 25, NULL, '2014-11-03 10:42:42', NULL),
(193, 193, 3, 25, NULL, '2014-11-03 10:42:43', NULL),
(194, 194, 3, 25, NULL, '2014-11-03 10:42:43', NULL),
(195, 195, 3, 25, NULL, '2014-11-03 10:42:43', NULL),
(196, 196, 3, 25, NULL, '2014-11-03 10:42:43', NULL),
(197, 197, 3, 25, NULL, '2014-11-03 10:42:44', NULL),
(198, 198, 3, 25, NULL, '2014-11-03 10:42:44', NULL),
(199, 199, 3, 25, NULL, '2014-11-03 10:42:44', NULL),
(200, 200, 3, 25, NULL, '2014-11-03 10:42:44', NULL),
(201, 201, 3, 25, NULL, '2014-11-03 10:42:45', NULL),
(202, 202, 3, 25, NULL, '2014-11-03 10:42:45', NULL),
(203, 203, 3, 25, NULL, '2014-11-03 10:42:45', NULL),
(204, 204, 3, 25, NULL, '2014-11-03 10:42:46', NULL),
(205, 205, 3, 25, NULL, '2014-11-03 10:42:46', NULL),
(206, 206, 3, 25, NULL, '2014-11-03 10:42:47', NULL),
(207, 207, 3, 25, NULL, '2014-11-03 10:42:47', NULL),
(208, 208, 3, 25, NULL, '2014-11-03 10:42:48', NULL),
(209, 209, 3, 25, NULL, '2014-11-03 10:42:48', NULL),
(210, 210, 3, 25, NULL, '2014-11-03 10:42:48', NULL),
(211, 211, 3, 25, NULL, '2014-11-03 10:42:49', NULL),
(212, 212, 3, 25, NULL, '2014-11-03 10:42:49', NULL),
(213, 213, 3, 25, NULL, '2014-11-03 10:42:49', NULL),
(214, 214, 3, 25, NULL, '2014-11-03 10:42:50', NULL),
(215, 215, 3, 25, NULL, '2014-11-03 10:42:50', NULL),
(216, 216, 3, 25, NULL, '2014-11-03 10:42:50', NULL),
(217, 217, 3, 25, NULL, '2014-11-03 10:42:51', NULL),
(218, 218, 3, 25, NULL, '2014-11-03 10:42:51', NULL),
(219, 219, 3, 25, NULL, '2014-11-03 10:42:51', NULL),
(220, 220, 3, 25, NULL, '2014-11-03 10:42:52', NULL),
(221, 221, 3, 25, NULL, '2014-11-03 10:42:52', NULL),
(222, 222, 3, 25, NULL, '2014-11-03 10:42:53', NULL),
(223, 223, 3, 25, NULL, '2014-11-03 10:42:53', NULL),
(224, 224, 3, 25, NULL, '2014-11-03 10:42:53', NULL),
(225, 225, 3, 25, NULL, '2014-11-03 10:42:54', NULL),
(226, 226, 3, 25, NULL, '2014-11-03 10:42:54', NULL),
(227, 227, 3, 25, NULL, '2014-11-03 10:42:54', NULL),
(228, 228, 3, 25, NULL, '2014-11-03 10:42:55', NULL),
(229, 229, 3, 25, NULL, '2014-11-03 10:42:55', NULL),
(230, 230, 3, 25, NULL, '2014-11-03 10:42:55', NULL),
(231, 231, 3, 25, NULL, '2014-11-03 10:42:56', NULL),
(232, 232, 3, 25, NULL, '2014-11-03 10:42:56', NULL),
(233, 233, 3, 25, NULL, '2014-11-03 10:42:57', NULL),
(234, 234, 3, 25, NULL, '2014-11-03 10:42:57', NULL),
(235, 235, 3, 25, NULL, '2014-11-03 10:42:57', NULL),
(236, 236, 3, 25, NULL, '2014-11-03 10:42:58', NULL),
(237, 237, 3, 25, NULL, '2014-11-03 10:42:58', NULL),
(238, 238, 3, 25, NULL, '2014-11-03 10:42:59', NULL),
(239, 239, 3, 25, NULL, '2014-11-03 10:42:59', NULL),
(240, 240, 3, 25, NULL, '2014-11-03 10:43:00', NULL),
(241, 241, 3, 25, NULL, '2014-11-03 10:43:00', NULL),
(242, 242, 3, 25, NULL, '2014-11-03 10:43:00', NULL),
(243, 243, 3, 25, NULL, '2014-11-03 10:43:01', NULL),
(244, 244, 3, 25, NULL, '2014-11-03 10:43:01', NULL),
(245, 245, 3, 25, NULL, '2014-11-03 10:43:01', NULL),
(246, 246, 3, 25, NULL, '2014-11-03 10:43:01', NULL),
(247, 247, 3, 25, NULL, '2014-11-03 10:43:02', NULL),
(248, 248, 3, 25, NULL, '2014-11-03 10:43:02', NULL),
(249, 249, 3, 25, NULL, '2014-11-03 10:43:03', NULL),
(250, 250, 3, 25, NULL, '2014-11-03 10:43:03', NULL),
(251, 251, 3, 25, NULL, '2014-11-03 10:43:03', NULL),
(252, 252, 3, 25, NULL, '2014-11-03 10:43:04', NULL),
(253, 253, 3, 25, NULL, '2014-11-03 10:43:04', NULL),
(254, 254, 3, 25, NULL, '2014-11-03 10:43:04', NULL),
(255, 255, 3, 25, NULL, '2014-11-03 10:43:05', NULL),
(256, 256, 3, 25, NULL, '2014-11-03 10:43:05', NULL),
(257, 257, 3, 25, NULL, '2014-11-03 10:43:05', NULL),
(258, 258, 3, 25, NULL, '2014-11-03 10:43:06', NULL),
(259, 259, 3, 25, NULL, '2014-11-03 10:43:06', NULL),
(260, 260, 3, 25, NULL, '2014-11-03 10:43:06', NULL),
(261, 261, 3, 25, NULL, '2014-11-03 10:43:07', NULL),
(262, 262, 3, 25, NULL, '2014-11-03 10:43:07', NULL),
(263, 263, 3, 25, NULL, '2014-11-03 10:43:07', NULL),
(264, 264, 3, 25, NULL, '2014-11-03 10:43:07', NULL),
(265, 265, 3, 25, NULL, '2014-11-03 10:43:08', NULL),
(266, 266, 3, 25, NULL, '2014-11-03 10:43:08', NULL),
(267, 267, 3, 25, NULL, '2014-11-03 10:43:08', NULL),
(268, 268, 3, 25, NULL, '2014-11-03 10:43:09', NULL),
(269, 269, 3, 25, NULL, '2014-11-03 10:43:09', NULL),
(270, 270, 3, 25, NULL, '2014-11-03 10:43:09', NULL),
(271, 271, 3, 25, NULL, '2014-11-03 10:43:10', NULL),
(272, 272, 3, 25, NULL, '2014-11-03 10:43:10', NULL),
(273, 273, 3, 25, NULL, '2014-11-03 10:43:10', NULL),
(274, 274, 3, 25, NULL, '2014-11-03 10:43:11', NULL),
(275, 275, 3, 25, NULL, '2014-11-03 10:43:11', NULL),
(276, 276, 3, 25, NULL, '2014-11-03 10:43:11', NULL),
(277, 277, 3, 25, NULL, '2014-11-03 10:43:12', NULL),
(278, 278, 3, 25, NULL, '2014-11-03 10:43:12', NULL),
(279, 279, 3, 25, NULL, '2014-11-03 10:43:12', NULL),
(280, 280, 3, 25, NULL, '2014-11-03 10:43:12', NULL),
(281, 281, 3, 25, NULL, '2014-11-03 10:43:13', NULL),
(282, 282, 3, 25, NULL, '2014-11-03 10:43:13', NULL),
(283, 283, 3, 25, NULL, '2014-11-03 10:43:14', NULL),
(284, 284, 3, 25, NULL, '2014-11-03 10:43:14', NULL),
(285, 285, 3, 25, NULL, '2014-11-03 10:43:14', NULL),
(286, 286, 3, 25, NULL, '2014-11-03 10:43:15', NULL),
(287, 287, 3, 25, NULL, '2014-11-03 10:43:15', NULL),
(288, 288, 3, 25, NULL, '2014-11-03 10:43:16', NULL),
(290, 290, 3, 25, NULL, '2014-11-03 10:43:16', NULL),
(291, 291, 3, 25, NULL, '2014-11-03 10:43:17', NULL),
(292, 292, 3, 25, NULL, '2014-11-03 10:43:17', NULL),
(293, 293, 3, 25, NULL, '2014-11-03 10:43:18', NULL),
(294, 294, 3, 25, NULL, '2014-11-03 10:43:18', NULL),
(295, 295, 3, 25, NULL, '2014-11-03 10:43:18', NULL),
(296, 296, 3, 25, NULL, '2014-11-03 10:43:19', NULL),
(297, 297, 3, 25, NULL, '2014-11-03 10:43:19', NULL),
(298, 298, 3, 25, NULL, '2014-11-03 10:43:19', NULL),
(299, 299, 3, 25, NULL, '2014-11-03 10:43:20', NULL),
(300, 300, 3, 25, NULL, '2014-11-03 10:43:20', NULL),
(301, 301, 3, 25, NULL, '2014-11-03 10:43:20', NULL),
(302, 302, 3, 25, NULL, '2014-11-03 10:43:21', NULL),
(303, 303, 3, 25, NULL, '2014-11-03 10:43:21', NULL),
(304, 304, 3, 25, NULL, '2014-11-03 10:43:21', NULL),
(305, 305, 3, 25, NULL, '2014-11-03 10:43:22', NULL),
(306, 306, 3, 25, NULL, '2014-11-03 10:43:22', NULL),
(307, 307, 3, 25, NULL, '2014-11-03 10:43:22', NULL),
(308, 308, 3, 25, NULL, '2014-11-03 10:43:23', NULL),
(309, 309, 3, 25, NULL, '2014-11-03 10:43:23', NULL),
(310, 310, 3, 25, NULL, '2014-11-03 10:43:23', NULL),
(311, 311, 3, 25, NULL, '2014-11-03 10:43:23', NULL),
(312, 312, 3, 25, NULL, '2014-11-03 10:43:24', NULL),
(313, 313, 3, 25, NULL, '2014-11-03 10:43:24', NULL),
(314, 314, 3, 25, NULL, '2014-11-03 10:43:25', NULL),
(315, 315, 3, 25, NULL, '2014-11-03 10:43:25', NULL),
(316, 316, 3, 25, NULL, '2014-11-03 10:43:25', NULL),
(317, 317, 3, 25, NULL, '2014-11-03 10:43:26', NULL),
(318, 318, 3, 25, NULL, '2014-11-03 10:43:26', NULL),
(319, 319, 3, 25, NULL, '2014-11-03 10:43:27', NULL),
(320, 320, 3, 25, NULL, '2014-11-03 10:43:27', NULL),
(321, 321, 3, 25, NULL, '2014-11-03 10:43:27', NULL),
(322, 322, 3, 25, NULL, '2014-11-03 10:43:28', NULL),
(323, 323, 3, 25, NULL, '2014-11-03 10:43:28', NULL),
(324, 324, 3, 25, NULL, '2014-11-03 10:43:28', NULL),
(325, 325, 3, 25, NULL, '2014-11-03 10:43:29', NULL),
(326, 326, 3, 25, NULL, '2014-11-03 10:43:29', NULL),
(327, 327, 3, 25, NULL, '2014-11-03 10:43:29', NULL),
(328, 328, 3, 25, NULL, '2014-11-03 10:43:30', NULL),
(329, 329, 3, 25, NULL, '2014-11-03 10:43:30', NULL),
(330, 330, 3, 25, NULL, '2014-11-03 10:43:30', NULL),
(331, 331, 3, 25, NULL, '2014-11-03 10:43:31', NULL),
(332, 332, 3, 25, NULL, '2014-11-03 10:43:31', NULL),
(333, 333, 3, 25, NULL, '2014-11-03 10:43:31', NULL),
(334, 334, 3, 25, NULL, '2014-11-03 10:43:32', NULL),
(335, 335, 3, 25, NULL, '2014-11-03 10:43:32', NULL),
(336, 336, 3, 25, NULL, '2014-11-03 10:43:32', NULL),
(337, 337, 3, 25, NULL, '2014-11-03 10:43:33', NULL),
(338, 338, 3, 25, NULL, '2014-11-03 10:43:33', NULL),
(339, 339, 3, 25, NULL, '2014-11-03 10:43:33', NULL),
(340, 340, 3, 25, NULL, '2014-11-03 10:43:34', NULL),
(341, 341, 3, 25, NULL, '2014-11-03 10:43:34', NULL),
(342, 342, 3, 25, NULL, '2014-11-03 10:43:34', NULL),
(343, 343, 3, 25, NULL, '2014-11-03 10:43:35', NULL),
(344, 344, 3, 25, NULL, '2014-11-03 10:43:36', NULL),
(345, 345, 3, 25, NULL, '2014-11-03 10:43:37', NULL),
(346, 346, 3, 25, NULL, '2014-11-03 10:43:37', NULL),
(347, 347, 3, 25, NULL, '2014-11-03 10:43:37', NULL),
(348, 348, 3, 25, NULL, '2014-11-03 10:43:38', NULL),
(349, 349, 3, 25, NULL, '2014-11-03 10:43:38', NULL),
(350, 350, 3, 25, NULL, '2014-11-03 10:43:39', NULL),
(351, 351, 3, 25, NULL, '2014-11-03 10:43:39', NULL),
(352, 352, 3, 25, NULL, '2014-11-03 10:43:40', NULL),
(353, 353, 3, 25, NULL, '2014-11-03 10:43:40', NULL),
(354, 354, 3, 25, NULL, '2014-11-03 10:43:40', NULL),
(355, 355, 3, 25, NULL, '2014-11-03 10:43:41', NULL),
(356, 356, 3, 25, NULL, '2014-11-03 10:43:41', NULL),
(357, 357, 3, 25, NULL, '2014-11-03 10:43:42', NULL),
(358, 358, 3, 25, NULL, '2014-11-03 10:43:42', NULL),
(359, 359, 3, 25, NULL, '2014-11-03 10:43:42', NULL),
(360, 360, 3, 25, NULL, '2014-11-03 10:43:43', NULL),
(361, 361, 3, 25, NULL, '2014-11-03 10:43:44', NULL),
(362, 362, 3, 25, NULL, '2014-11-03 10:43:44', NULL),
(363, 363, 3, 25, NULL, '2014-11-03 10:43:45', NULL),
(364, 364, 3, 25, NULL, '2014-11-03 10:43:45', NULL),
(365, 365, 3, 25, NULL, '2014-11-03 10:43:45', NULL),
(366, 366, 3, 25, NULL, '2014-11-03 10:43:46', NULL),
(367, 367, 3, 25, NULL, '2014-11-03 10:43:47', NULL),
(368, 368, 3, 25, NULL, '2014-11-03 10:43:47', NULL),
(369, 369, 3, 25, NULL, '2014-11-03 10:43:48', NULL),
(370, 370, 3, 25, NULL, '2014-11-03 10:43:49', NULL),
(371, 371, 3, 25, NULL, '2014-11-03 10:43:49', NULL),
(372, 372, 3, 25, NULL, '2014-11-03 10:43:50', NULL),
(373, 373, 3, 25, NULL, '2014-11-03 10:43:50', NULL),
(374, 374, 3, 25, NULL, '2014-11-03 10:43:52', NULL),
(375, 375, 3, 25, NULL, '2014-11-03 10:43:52', NULL),
(376, 376, 3, 25, NULL, '2014-11-03 10:43:52', NULL),
(377, 377, 3, 25, NULL, '2014-11-03 10:43:53', NULL),
(378, 378, 3, 25, NULL, '2014-11-03 10:43:54', NULL),
(379, 379, 3, 25, NULL, '2014-11-03 10:43:54', NULL),
(380, 380, 3, 25, NULL, '2014-11-03 10:43:54', NULL),
(381, 381, 3, 25, NULL, '2014-11-03 10:43:54', NULL),
(382, 382, 3, 25, NULL, '2014-11-03 10:43:55', NULL),
(383, 383, 3, 25, NULL, '2014-11-03 10:43:56', NULL),
(384, 384, 3, 25, NULL, '2014-11-03 10:43:56', NULL),
(385, 385, 3, 25, NULL, '2014-11-03 10:43:57', NULL),
(386, 386, 3, 25, NULL, '2014-11-03 10:43:57', NULL),
(387, 387, 3, 25, NULL, '2014-11-03 10:43:58', NULL),
(388, 388, 3, 25, NULL, '2014-11-03 10:43:58', NULL),
(389, 389, 3, 25, NULL, '2014-11-03 10:43:58', NULL),
(390, 390, 3, 25, NULL, '2014-11-03 10:43:59', NULL),
(391, 391, 3, 25, NULL, '2014-11-03 10:43:59', NULL),
(392, 392, 3, 25, NULL, '2014-11-03 10:43:59', NULL),
(393, 393, 3, 25, NULL, '2014-11-03 10:44:00', NULL),
(394, 394, 3, 25, NULL, '2014-11-03 10:44:00', NULL),
(395, 395, 3, 25, NULL, '2014-11-03 10:44:00', NULL),
(396, 396, 3, 25, NULL, '2014-11-03 10:44:01', NULL),
(397, 397, 3, 25, NULL, '2014-11-03 10:44:01', NULL),
(398, 398, 3, 25, NULL, '2014-11-03 10:44:01', NULL),
(399, 399, 3, 25, NULL, '2014-11-03 10:44:02', NULL),
(400, 400, 3, 25, NULL, '2014-11-03 10:44:02', NULL),
(401, 401, 3, 25, NULL, '2014-11-03 10:44:02', NULL),
(402, 402, 3, 25, NULL, '2014-11-03 10:44:03', NULL),
(403, 403, 3, 25, NULL, '2014-11-03 10:44:03', NULL),
(404, 404, 3, 25, NULL, '2014-11-03 10:44:03', NULL),
(405, 405, 3, 25, NULL, '2014-11-03 10:44:04', NULL),
(406, 406, 3, 25, NULL, '2014-11-03 10:44:04', NULL),
(407, 407, 3, 25, NULL, '2014-11-03 10:44:04', NULL),
(408, 408, 3, 25, NULL, '2014-11-03 10:44:05', NULL),
(409, 409, 3, 25, NULL, '2014-11-03 10:44:05', NULL),
(410, 410, 3, 25, NULL, '2014-11-03 10:44:06', NULL),
(411, 411, 3, 25, NULL, '2014-11-03 10:44:06', NULL),
(412, 412, 3, 25, NULL, '2014-11-03 10:44:07', NULL),
(413, 413, 3, 25, NULL, '2014-11-03 10:44:08', NULL),
(414, 414, 3, 25, NULL, '2014-11-03 10:44:08', NULL),
(415, 415, 3, 25, NULL, '2014-11-03 10:44:09', NULL),
(416, 416, 3, 25, NULL, '2014-11-03 10:44:09', NULL),
(417, 417, 3, 25, NULL, '2014-11-03 10:44:09', NULL),
(418, 418, 3, 25, NULL, '2014-11-03 10:44:10', NULL),
(419, 419, 3, 25, NULL, '2014-11-03 10:44:10', NULL),
(420, 420, 3, 25, NULL, '2014-11-03 10:44:10', NULL),
(421, 421, 3, 25, NULL, '2014-11-03 10:44:11', NULL),
(422, 422, 3, 25, NULL, '2014-11-03 10:44:11', NULL),
(423, 423, 3, 25, NULL, '2014-11-03 10:44:11', NULL),
(424, 424, 3, 25, NULL, '2014-11-03 10:44:12', NULL),
(425, 425, 3, 25, NULL, '2014-11-03 10:44:12', NULL),
(426, 426, 3, 25, NULL, '2014-11-03 10:44:12', NULL),
(427, 427, 3, 25, NULL, '2014-11-03 10:44:13', NULL),
(428, 428, 3, 25, NULL, '2014-11-03 10:44:13', NULL),
(429, 429, 3, 25, NULL, '2014-11-03 10:44:13', NULL),
(430, 430, 3, 25, NULL, '2014-11-03 10:44:14', NULL),
(431, 431, 3, 25, NULL, '2014-11-03 10:44:14', NULL),
(432, 432, 3, 25, NULL, '2014-11-03 10:44:14', NULL),
(433, 433, 3, 25, NULL, '2014-11-03 10:44:15', NULL),
(434, 434, 3, 25, NULL, '2014-11-03 10:44:15', NULL),
(435, 435, 3, 25, NULL, '2014-11-03 10:44:16', NULL),
(436, 436, 3, 25, NULL, '2014-11-03 10:44:16', NULL),
(437, 437, 3, 25, NULL, '2014-11-03 10:44:16', NULL),
(438, 438, 3, 25, NULL, '2014-11-03 10:44:17', NULL),
(439, 439, 3, 25, NULL, '2014-11-03 10:44:17', NULL),
(440, 440, 3, 25, NULL, '2014-11-03 10:44:17', NULL),
(441, 441, 3, 25, NULL, '2014-11-03 10:44:18', NULL),
(442, 442, 3, 25, NULL, '2014-11-03 10:44:19', NULL),
(443, 443, 3, 25, NULL, '2014-11-03 10:44:19', NULL),
(444, 444, 3, 25, NULL, '2014-11-03 10:44:19', NULL),
(445, 445, 3, 25, NULL, '2014-11-03 10:44:20', NULL),
(446, 446, 3, 25, NULL, '2014-11-03 10:44:20', NULL),
(447, 447, 3, 25, NULL, '2014-11-03 10:44:21', NULL),
(448, 448, 3, 25, NULL, '2014-11-03 10:44:21', NULL),
(449, 449, 3, 25, NULL, '2014-11-03 10:44:22', NULL),
(450, 450, 3, 25, NULL, '2014-11-03 10:44:22', NULL),
(451, 451, 3, 25, NULL, '2014-11-03 10:44:23', NULL),
(452, 452, 3, 25, NULL, '2014-11-03 10:44:23', NULL),
(453, 453, 3, 25, NULL, '2014-11-03 10:44:24', NULL),
(454, 454, 3, 25, NULL, '2014-11-03 10:44:24', NULL),
(455, 455, 3, 25, NULL, '2014-11-03 10:44:25', NULL),
(456, 456, 3, 25, NULL, '2014-11-03 10:44:25', NULL),
(457, 457, 3, 25, NULL, '2014-11-03 10:44:26', NULL),
(458, 458, 3, 25, NULL, '2014-11-03 10:44:26', NULL),
(459, 459, 3, 25, NULL, '2014-11-03 10:44:26', NULL),
(460, 460, 3, 25, NULL, '2014-11-03 10:44:27', NULL),
(461, 461, 3, 25, NULL, '2014-11-03 10:44:27', NULL),
(462, 462, 3, 25, NULL, '2014-11-03 10:44:27', NULL),
(463, 463, 3, 25, NULL, '2014-11-03 10:44:28', NULL),
(464, 464, 3, 25, NULL, '2014-11-03 10:44:28', NULL),
(465, 465, 3, 25, NULL, '2014-11-03 10:44:29', NULL),
(466, 466, 3, 25, NULL, '2014-11-03 10:44:29', NULL),
(467, 467, 3, 25, NULL, '2014-11-03 10:44:30', NULL),
(468, 468, 3, 25, NULL, '2014-11-03 10:44:30', NULL),
(469, 469, 3, 25, NULL, '2014-11-03 10:44:31', NULL),
(470, 470, 3, 25, NULL, '2014-11-03 10:44:31', NULL),
(471, 471, 3, 25, NULL, '2014-11-03 10:44:32', NULL),
(472, 472, 3, 25, NULL, '2014-11-03 10:44:32', NULL),
(473, 473, 3, 25, NULL, '2014-11-03 10:44:32', NULL),
(474, 474, 3, 25, NULL, '2014-11-03 10:44:33', NULL),
(475, 475, 3, 25, NULL, '2014-11-03 10:44:33', NULL),
(476, 476, 3, 25, NULL, '2014-11-03 10:44:34', NULL),
(477, 477, 3, 25, NULL, '2014-11-03 10:44:34', NULL),
(478, 478, 3, 25, NULL, '2014-11-03 10:44:35', NULL),
(479, 479, 3, 25, NULL, '2014-11-03 10:44:35', NULL),
(480, 480, 3, 25, NULL, '2014-11-03 10:44:35', NULL),
(481, 481, 3, 25, NULL, '2014-11-03 10:44:36', NULL),
(482, 482, 3, 25, NULL, '2014-11-03 10:44:36', NULL),
(483, 483, 3, 25, NULL, '2014-11-03 10:44:37', NULL),
(484, 484, 3, 25, NULL, '2014-11-03 10:44:37', NULL),
(485, 485, 3, 25, NULL, '2014-11-03 10:44:38', NULL),
(486, 486, 3, 25, NULL, '2014-11-03 10:44:38', NULL),
(487, 487, 3, 25, NULL, '2014-11-03 10:44:38', NULL),
(488, 488, 3, 25, NULL, '2014-11-03 10:44:39', NULL),
(489, 489, 3, 25, NULL, '2014-11-03 10:44:40', NULL),
(490, 490, 3, 25, NULL, '2014-11-03 10:44:41', NULL),
(491, 491, 3, 25, NULL, '2014-11-03 10:44:41', NULL),
(492, 492, 3, 25, NULL, '2014-11-03 10:44:42', NULL),
(493, 493, 3, 25, NULL, '2014-11-03 10:44:42', NULL),
(494, 494, 3, 25, NULL, '2014-11-03 10:44:43', NULL),
(495, 495, 3, 25, NULL, '2014-11-03 10:44:43', NULL),
(496, 496, 3, 25, NULL, '2014-11-03 10:44:43', NULL),
(497, 497, 3, 25, NULL, '2014-11-03 10:44:44', NULL),
(498, 498, 3, 25, NULL, '2014-11-03 10:44:44', NULL),
(499, 499, 3, 25, NULL, '2014-11-03 10:44:44', NULL),
(500, 500, 3, 25, NULL, '2014-11-03 10:44:45', NULL),
(501, 501, 3, 25, NULL, '2014-11-03 10:44:45', NULL),
(502, 502, 3, 25, NULL, '2014-11-03 10:44:46', NULL),
(503, 503, 3, 25, NULL, '2014-11-03 10:44:46', NULL),
(504, 504, 3, 25, NULL, '2014-11-03 10:44:46', NULL),
(505, 505, 3, 25, NULL, '2014-11-03 10:44:47', NULL),
(506, 506, 3, 25, NULL, '2014-11-03 10:44:47', NULL),
(507, 507, 3, 25, NULL, '2014-11-03 10:44:47', NULL),
(508, 508, 3, 25, NULL, '2014-11-03 10:44:48', NULL),
(509, 509, 3, 25, NULL, '2014-11-03 10:44:48', NULL),
(510, 510, 3, 25, NULL, '2014-11-03 10:44:48', NULL),
(511, 511, 3, 25, NULL, '2014-11-03 10:44:49', NULL),
(512, 512, 3, 25, NULL, '2014-11-03 10:44:49', NULL),
(513, 513, 3, 25, NULL, '2014-11-03 10:44:49', NULL),
(514, 514, 3, 25, NULL, '2014-11-03 10:44:50', NULL),
(515, 515, 3, 25, NULL, '2014-11-03 10:44:50', NULL),
(516, 516, 3, 25, NULL, '2014-11-03 10:44:51', NULL),
(517, 517, 3, 25, NULL, '2014-11-03 10:44:52', NULL),
(518, 518, 3, 25, NULL, '2014-11-03 10:44:52', NULL),
(519, 519, 3, 25, NULL, '2014-11-03 10:44:53', NULL),
(520, 520, 3, 25, NULL, '2014-11-03 10:44:53', NULL),
(521, 521, 3, 25, NULL, '2014-11-03 10:44:53', NULL),
(522, 522, 3, 25, NULL, '2014-11-03 10:44:53', NULL),
(523, 523, 3, 25, NULL, '2014-11-03 10:44:54', NULL),
(524, 524, 3, 25, NULL, '2014-11-03 10:44:54', NULL),
(525, 525, 3, 25, NULL, '2014-11-03 10:44:54', NULL),
(526, 526, 3, 25, NULL, '2014-11-03 10:44:55', NULL),
(527, 527, 3, 25, NULL, '2014-11-03 10:44:55', NULL),
(528, 528, 3, 25, NULL, '2014-11-03 10:44:56', NULL),
(529, 529, 3, 25, NULL, '2014-11-03 10:44:56', NULL),
(530, 530, 3, 25, NULL, '2014-11-03 10:44:57', NULL),
(531, 531, 3, 25, NULL, '2014-11-03 10:44:57', NULL),
(532, 532, 3, 25, NULL, '2014-11-03 10:44:57', NULL),
(533, 533, 3, 25, NULL, '2014-11-03 10:44:58', NULL),
(534, 534, 3, 25, NULL, '2014-11-03 10:44:58', NULL),
(535, 535, 3, 25, NULL, '2014-11-03 10:44:59', NULL),
(536, 536, 3, 25, NULL, '2014-11-03 10:44:59', NULL),
(537, 537, 3, 25, NULL, '2014-11-03 10:44:59', NULL),
(538, 538, 3, 25, NULL, '2014-11-03 10:45:00', NULL),
(539, 539, 3, 25, NULL, '2014-11-03 10:45:00', NULL),
(540, 540, 3, 25, NULL, '2014-11-03 10:45:01', NULL),
(541, 541, 3, 25, NULL, '2014-11-03 10:45:01', NULL),
(542, 542, 3, 25, NULL, '2014-11-03 10:45:02', NULL),
(543, 543, 3, 25, NULL, '2014-11-03 10:45:02', NULL),
(544, 544, 3, 25, NULL, '2014-11-03 10:45:02', NULL),
(545, 545, 3, 25, NULL, '2014-11-03 10:45:03', NULL),
(546, 546, 3, 25, NULL, '2014-11-03 10:45:03', NULL),
(547, 547, 3, 25, NULL, '2014-11-03 10:45:03', NULL),
(548, 548, 3, 25, NULL, '2014-11-03 10:45:04', NULL),
(549, 549, 3, 25, NULL, '2014-11-03 10:45:04', NULL),
(550, 550, 3, 25, NULL, '2014-11-03 10:45:04', NULL),
(551, 551, 3, 25, NULL, '2014-11-03 10:45:04', NULL),
(552, 552, 3, 25, NULL, '2014-11-03 10:45:05', NULL),
(553, 553, 3, 25, NULL, '2014-11-03 10:45:05', NULL),
(554, 554, 3, 25, NULL, '2014-11-03 10:45:06', NULL),
(555, 555, 3, 25, NULL, '2014-11-03 10:45:06', NULL),
(556, 556, 3, 25, NULL, '2014-11-03 10:45:06', NULL),
(557, 557, 3, 25, NULL, '2014-11-03 10:45:06', NULL),
(558, 558, 3, 25, NULL, '2014-11-03 10:45:07', NULL),
(559, 559, 3, 25, NULL, '2014-11-03 10:45:07', NULL),
(560, 560, 3, 25, NULL, '2014-11-03 10:45:07', NULL),
(561, 561, 3, 25, NULL, '2014-11-03 10:45:08', NULL),
(562, 562, 3, 25, NULL, '2014-11-03 10:45:08', NULL),
(563, 563, 3, 25, NULL, '2014-11-03 10:45:08', NULL),
(564, 564, 3, 25, NULL, '2014-11-03 10:45:09', NULL),
(565, 565, 3, 25, NULL, '2014-11-03 10:45:09', NULL),
(566, 566, 3, 25, NULL, '2014-11-03 10:45:09', NULL),
(567, 567, 3, 25, NULL, '2014-11-03 10:45:09', NULL),
(568, 568, 3, 25, NULL, '2014-11-03 10:45:10', NULL),
(569, 569, 3, 25, NULL, '2014-11-03 10:45:10', NULL),
(570, 570, 3, 25, NULL, '2014-11-03 10:45:10', NULL),
(571, 571, 3, 25, NULL, '2014-11-03 10:45:10', NULL),
(572, 572, 3, 25, NULL, '2014-11-03 10:45:11', NULL),
(573, 573, 3, 25, NULL, '2014-11-03 10:45:11', NULL),
(574, 574, 3, 25, NULL, '2014-11-03 10:45:11', NULL),
(575, 575, 3, 25, NULL, '2014-11-03 10:45:11', NULL),
(576, 576, 3, 25, NULL, '2014-11-03 10:45:12', NULL),
(577, 577, 3, 25, NULL, '2014-11-03 10:45:12', NULL),
(578, 578, 3, 25, NULL, '2014-11-03 10:45:13', NULL),
(579, 579, 3, 25, NULL, '2014-11-03 10:45:13', NULL),
(580, 580, 3, 25, NULL, '2014-11-03 10:45:13', NULL),
(581, 581, 3, 25, NULL, '2014-11-03 10:45:14', NULL),
(582, 582, 3, 25, NULL, '2014-11-03 10:45:14', NULL),
(583, 583, 3, 25, NULL, '2014-11-03 10:45:14', NULL),
(584, 584, 3, 25, NULL, '2014-11-03 10:45:14', NULL),
(585, 585, 3, 25, NULL, '2014-11-03 10:45:15', NULL),
(586, 586, 3, 25, NULL, '2014-11-03 10:45:15', NULL),
(587, 587, 3, 25, NULL, '2014-11-03 10:45:15', NULL),
(588, 588, 3, 25, NULL, '2014-11-03 10:45:16', NULL),
(589, 589, 3, 25, NULL, '2014-11-03 10:45:16', NULL),
(590, 590, 3, 25, NULL, '2014-11-03 10:45:16', NULL),
(591, 591, 3, 25, NULL, '2014-11-03 10:45:16', NULL),
(592, 592, 3, 25, NULL, '2014-11-03 10:45:17', NULL),
(593, 593, 3, 25, NULL, '2014-11-03 10:45:17', NULL),
(594, 594, 3, 25, NULL, '2014-11-03 10:45:17', NULL),
(595, 595, 3, 25, NULL, '2014-11-03 10:45:18', NULL),
(596, 596, 3, 25, NULL, '2014-11-03 10:45:18', NULL),
(597, 597, 3, 25, NULL, '2014-11-03 10:45:18', NULL),
(598, 598, 3, 25, NULL, '2014-11-03 10:45:18', NULL),
(599, 599, 3, 25, NULL, '2014-11-03 10:45:19', NULL),
(600, 600, 3, 25, NULL, '2014-11-03 10:45:19', NULL),
(601, 601, 3, 25, NULL, '2014-11-03 10:45:19', NULL),
(602, 602, 3, 25, NULL, '2014-11-03 10:45:19', NULL),
(603, 603, 3, 25, NULL, '2014-11-03 10:45:20', NULL),
(604, 604, 3, 25, NULL, '2014-11-03 10:45:20', NULL),
(605, 605, 3, 25, NULL, '2014-11-03 10:45:20', NULL),
(606, 606, 3, 25, NULL, '2014-11-03 10:45:20', NULL),
(607, 607, 3, 25, NULL, '2014-11-03 10:45:21', NULL),
(608, 608, 3, 25, NULL, '2014-11-03 10:45:21', NULL),
(609, 609, 3, 25, NULL, '2014-11-03 10:45:21', NULL),
(610, 610, 3, 25, NULL, '2014-11-03 10:45:22', NULL),
(611, 611, 3, 25, NULL, '2014-11-03 10:45:22', NULL),
(612, 612, 3, 25, NULL, '2014-11-03 10:45:22', NULL),
(613, 613, 3, 25, NULL, '2014-11-03 10:45:22', NULL),
(614, 614, 3, 25, NULL, '2014-11-03 10:45:23', NULL),
(615, 615, 3, 25, NULL, '2014-11-03 10:45:23', NULL),
(616, 616, 3, 25, NULL, '2014-11-03 10:45:24', NULL),
(617, 617, 3, 25, NULL, '2014-11-03 10:45:24', NULL),
(618, 618, 3, 25, NULL, '2014-11-03 10:45:24', NULL),
(619, 619, 3, 25, NULL, '2014-11-03 10:45:24', NULL),
(620, 620, 3, 25, NULL, '2014-11-03 10:45:25', NULL),
(621, 621, 3, 25, NULL, '2014-11-03 10:45:25', NULL),
(622, 622, 3, 25, NULL, '2014-11-03 10:45:25', NULL),
(623, 623, 3, 25, NULL, '2014-11-03 10:45:25', NULL),
(624, 624, 3, 25, NULL, '2014-11-03 10:45:26', NULL),
(625, 625, 3, 25, NULL, '2014-11-03 10:45:26', NULL),
(626, 626, 3, 25, NULL, '2014-11-03 10:45:26', NULL),
(627, 627, 3, 25, NULL, '2014-11-03 10:45:27', NULL),
(628, 628, 3, 25, NULL, '2014-11-03 10:45:27', NULL),
(629, 629, 3, 25, NULL, '2014-11-03 10:45:27', NULL),
(630, 630, 3, 25, NULL, '2014-11-03 10:45:27', NULL),
(631, 631, 3, 25, NULL, '2014-11-03 10:45:28', NULL),
(632, 632, 3, 25, NULL, '2014-11-03 10:45:28', NULL),
(633, 633, 3, 25, NULL, '2014-11-03 10:45:28', NULL),
(634, 634, 3, 25, NULL, '2014-11-03 10:45:29', NULL),
(635, 635, 3, 25, NULL, '2014-11-03 10:45:29', NULL),
(636, 636, 3, 25, NULL, '2014-11-03 10:45:29', NULL),
(637, 637, 3, 25, NULL, '2014-11-03 10:45:30', NULL),
(638, 638, 3, 25, NULL, '2014-11-03 10:45:30', NULL),
(639, 639, 3, 25, NULL, '2014-11-03 10:45:30', NULL),
(640, 640, 3, 25, NULL, '2014-11-03 10:45:30', NULL),
(641, 641, 3, 25, NULL, '2014-11-03 10:45:31', NULL),
(642, 642, 3, 25, NULL, '2014-11-03 10:45:31', NULL),
(643, 643, 3, 25, NULL, '2014-11-03 10:45:31', NULL),
(644, 644, 3, 25, NULL, '2014-11-03 10:45:32', NULL),
(645, 645, 3, 25, NULL, '2014-11-03 10:45:32', NULL),
(646, 646, 3, 25, NULL, '2014-11-03 10:45:33', NULL),
(647, 647, 3, 25, NULL, '2014-11-03 10:45:34', NULL),
(648, 648, 3, 25, NULL, '2014-11-03 10:45:34', NULL),
(650, 650, 3, 25, NULL, '2014-11-03 10:45:35', NULL),
(651, 651, 3, 25, NULL, '2014-11-03 10:45:35', NULL),
(652, 652, 3, 25, NULL, '2014-11-03 10:45:35', NULL),
(653, 653, 3, 25, NULL, '2014-11-03 10:45:36', NULL),
(654, 654, 3, 25, NULL, '2014-11-03 10:45:36', NULL),
(655, 655, 3, 25, NULL, '2014-11-03 10:45:36', NULL),
(656, 656, 3, 25, NULL, '2014-11-03 10:45:37', NULL),
(658, 658, 3, 25, NULL, '2014-11-03 10:45:37', NULL),
(659, 659, 3, 25, NULL, '2014-11-03 10:45:38', NULL),
(660, 660, 3, 25, NULL, '2014-11-03 10:45:38', NULL),
(661, 661, 3, 25, NULL, '2014-11-03 10:45:38', NULL),
(662, 662, 3, 25, NULL, '2014-11-03 10:45:39', NULL),
(663, 663, 3, 25, NULL, '2014-11-03 10:45:39', NULL),
(664, 664, 3, 25, NULL, '2014-11-03 10:45:39', NULL),
(665, 665, 3, 25, NULL, '2014-11-03 10:45:40', NULL),
(666, 666, 3, 25, NULL, '2014-11-03 10:45:40', NULL),
(667, 667, 3, 25, NULL, '2014-11-03 10:45:40', NULL),
(668, 668, 3, 25, NULL, '2014-11-03 10:45:41', NULL),
(669, 669, 3, 25, NULL, '2014-11-03 10:45:41', NULL),
(670, 670, 3, 25, NULL, '2014-11-03 10:45:41', NULL),
(671, 671, 3, 25, NULL, '2014-11-03 10:45:42', NULL),
(672, 672, 3, 25, NULL, '2014-11-03 10:45:42', NULL),
(673, 673, 3, 25, NULL, '2014-11-03 10:45:42', NULL),
(674, 674, 3, 25, NULL, '2014-11-03 10:45:43', NULL),
(675, 675, 3, 25, NULL, '2014-11-03 10:45:43', NULL),
(676, 676, 3, 25, NULL, '2014-11-03 10:45:43', NULL),
(677, 677, 3, 25, NULL, '2014-11-03 10:45:44', NULL),
(678, 678, 3, 25, NULL, '2014-11-03 10:45:44', NULL),
(679, 679, 3, 25, NULL, '2014-11-03 10:45:45', NULL),
(680, 680, 3, 25, NULL, '2014-11-03 10:45:45', NULL),
(681, 681, 3, 25, NULL, '2014-11-03 10:45:45', NULL),
(682, 682, 3, 25, NULL, '2014-11-03 10:45:45', NULL),
(683, 683, 3, 25, NULL, '2014-11-03 10:45:46', NULL),
(684, 684, 3, 25, NULL, '2014-11-03 10:45:46', NULL),
(685, 685, 3, 25, NULL, '2014-11-03 10:45:46', NULL),
(686, 686, 3, 25, NULL, '2014-11-03 10:45:47', NULL),
(687, 687, 3, 25, NULL, '2014-11-03 10:45:47', NULL),
(688, 688, 3, 25, NULL, '2014-11-03 10:45:47', NULL),
(689, 689, 3, 25, NULL, '2014-11-03 10:45:47', NULL),
(690, 690, 3, 25, NULL, '2014-11-03 10:45:47', NULL),
(691, 691, 3, 25, NULL, '2014-11-03 10:45:48', NULL),
(692, 692, 3, 25, NULL, '2014-11-03 10:45:48', NULL),
(693, 693, 3, 25, NULL, '2014-11-03 10:45:48', NULL),
(694, 694, 3, 25, NULL, '2014-11-03 10:45:48', NULL),
(695, 695, 3, 25, NULL, '2014-11-03 10:45:49', NULL),
(696, 696, 3, 25, NULL, '2014-11-03 10:45:49', NULL),
(697, 697, 3, 25, NULL, '2014-11-03 10:45:49', NULL),
(698, 698, 3, 25, NULL, '2014-11-03 10:45:49', NULL),
(699, 699, 3, 25, NULL, '2014-11-03 10:45:50', NULL),
(700, 700, 3, 25, NULL, '2014-11-03 10:45:50', NULL),
(701, 701, 3, 25, NULL, '2014-11-03 10:45:50', NULL),
(702, 702, 3, 25, NULL, '2014-11-03 10:45:50', NULL),
(703, 703, 3, 25, NULL, '2014-11-03 10:45:51', NULL),
(704, 704, 3, 25, NULL, '2014-11-03 10:45:51', NULL),
(705, 705, 3, 25, NULL, '2014-11-03 10:45:51', NULL),
(706, 706, 3, 25, NULL, '2014-11-03 10:45:51', NULL),
(707, 707, 3, 25, NULL, '2014-11-03 10:45:52', NULL),
(708, 708, 3, 25, NULL, '2014-11-03 10:45:52', NULL),
(709, 709, 3, 25, NULL, '2014-11-03 10:45:52', NULL),
(710, 710, 3, 25, NULL, '2014-11-03 10:45:52', NULL),
(711, 711, 3, 25, NULL, '2014-11-03 10:45:52', NULL),
(712, 712, 3, 25, NULL, '2014-11-03 10:45:53', NULL),
(713, 713, 3, 25, NULL, '2014-11-03 10:45:53', NULL),
(714, 714, 3, 25, NULL, '2014-11-03 10:45:53', NULL),
(715, 715, 3, 25, NULL, '2014-11-03 10:45:53', NULL),
(716, 716, 3, 25, NULL, '2014-11-03 10:45:54', NULL),
(717, 717, 3, 25, NULL, '2014-11-03 10:45:54', NULL),
(718, 718, 3, 25, NULL, '2014-11-03 10:45:54', NULL),
(719, 719, 3, 25, NULL, '2014-11-03 10:45:54', NULL),
(720, 720, 3, 25, NULL, '2014-11-03 10:45:54', NULL),
(721, 721, 3, 25, NULL, '2014-11-03 10:45:55', NULL),
(722, 722, 3, 25, NULL, '2014-11-03 10:45:55', NULL),
(723, 723, 3, 25, NULL, '2014-11-03 10:45:55', NULL),
(724, 724, 3, 25, NULL, '2014-11-03 10:45:56', NULL),
(725, 725, 3, 25, NULL, '2014-11-03 10:45:56', NULL),
(726, 726, 3, 25, NULL, '2014-11-03 10:45:56', NULL),
(727, 727, 3, 25, NULL, '2014-11-03 10:45:57', NULL),
(728, 728, 3, 25, NULL, '2014-11-03 10:45:57', NULL),
(729, 729, 3, 25, NULL, '2014-11-03 10:45:57', NULL),
(730, 730, 3, 25, NULL, '2014-11-03 10:45:57', NULL),
(731, 731, 3, 25, NULL, '2014-11-03 10:45:57', NULL),
(732, 732, 3, 25, NULL, '2014-11-03 10:45:58', NULL),
(733, 733, 3, 25, NULL, '2014-11-03 10:45:58', NULL),
(734, 734, 3, 25, NULL, '2014-11-03 10:45:58', NULL),
(735, 735, 3, 25, NULL, '2014-11-03 10:45:58', NULL),
(736, 736, 3, 25, NULL, '2014-11-03 10:45:59', NULL),
(737, 737, 3, 25, NULL, '2014-11-03 10:45:59', NULL),
(738, 738, 3, 25, NULL, '2014-11-03 10:45:59', NULL),
(739, 739, 3, 25, NULL, '2014-11-03 10:46:00', NULL),
(740, 740, 3, 25, NULL, '2014-11-03 10:46:00', NULL),
(741, 741, 3, 25, NULL, '2014-11-03 10:46:00', NULL),
(742, 742, 3, 25, NULL, '2014-11-03 10:46:00', NULL),
(743, 743, 3, 25, NULL, '2014-11-03 10:46:01', NULL),
(744, 744, 3, 25, NULL, '2014-11-03 10:46:01', NULL),
(745, 745, 3, 25, NULL, '2014-11-03 10:46:01', NULL),
(746, 746, 3, 25, NULL, '2014-11-03 10:46:01', NULL),
(747, 747, 3, 25, NULL, '2014-11-03 10:46:01', NULL),
(748, 748, 3, 25, NULL, '2014-11-03 10:46:02', NULL),
(749, 749, 3, 25, NULL, '2014-11-03 10:46:02', NULL),
(750, 750, 3, 25, NULL, '2014-11-03 10:46:02', NULL),
(751, 751, 3, 25, NULL, '2014-11-03 10:46:02', NULL),
(752, 752, 3, 25, NULL, '2014-11-03 10:46:03', NULL),
(753, 753, 3, 25, NULL, '2014-11-03 10:46:03', NULL),
(754, 754, 3, 25, NULL, '2014-11-03 10:46:03', NULL),
(755, 755, 3, 25, NULL, '2014-11-03 10:46:03', NULL),
(756, 756, 3, 25, NULL, '2014-11-03 10:46:03', NULL),
(757, 757, 3, 25, NULL, '2014-11-03 10:46:04', NULL),
(758, 758, 3, 25, NULL, '2014-11-03 10:46:04', NULL),
(759, 759, 3, 25, NULL, '2014-11-03 10:46:04', NULL),
(760, 760, 3, 25, NULL, '2014-11-03 10:46:04', NULL),
(761, 761, 3, 25, NULL, '2014-11-03 10:46:05', NULL),
(762, 762, 3, 25, NULL, '2014-11-03 10:46:05', NULL),
(763, 763, 3, 25, NULL, '2014-11-03 10:55:57', NULL),
(764, 764, 3, 25, NULL, '2014-11-03 10:55:57', NULL),
(765, 765, 3, 25, NULL, '2014-11-03 10:55:57', NULL),
(766, 766, 3, 25, NULL, '2014-11-03 10:55:58', NULL),
(767, 767, 3, 25, NULL, '2014-11-03 10:55:58', NULL),
(768, 768, 3, 25, NULL, '2014-11-03 10:55:59', NULL),
(769, 769, 3, 25, NULL, '2014-11-03 10:55:59', NULL),
(770, 770, 3, 25, NULL, '2014-11-03 10:56:00', NULL),
(771, 771, 3, 25, NULL, '2014-11-03 10:56:00', NULL),
(772, 772, 3, 25, NULL, '2014-11-03 10:56:01', NULL),
(773, 773, 3, 25, NULL, '2014-11-03 10:56:01', NULL),
(774, 774, 3, 25, NULL, '2014-11-03 10:56:02', NULL),
(775, 775, 3, 25, NULL, '2014-11-03 10:56:02', NULL),
(776, 776, 3, 25, NULL, '2014-11-03 10:56:02', NULL),
(777, 777, 3, 25, NULL, '2014-11-03 10:56:03', NULL),
(778, 778, 3, 25, NULL, '2014-11-03 10:56:03', NULL),
(779, 779, 3, 25, NULL, '2014-11-03 10:56:04', NULL),
(780, 780, 3, 25, NULL, '2014-11-03 10:56:04', NULL),
(781, 781, 3, 25, NULL, '2014-11-03 10:56:05', NULL),
(782, 782, 3, 25, NULL, '2014-11-03 10:56:05', NULL),
(783, 783, 3, 25, NULL, '2014-11-03 10:56:06', NULL),
(784, 784, 3, 25, NULL, '2014-11-03 10:56:06', NULL),
(785, 785, 3, 25, NULL, '2014-11-03 10:56:07', NULL),
(786, 786, 3, 25, NULL, '2014-11-03 10:56:07', NULL),
(787, 787, 3, 25, NULL, '2014-11-03 10:56:08', NULL),
(788, 788, 3, 25, NULL, '2014-11-03 10:56:08', NULL),
(789, 789, 3, 25, NULL, '2014-11-03 10:56:09', NULL),
(790, 790, 3, 25, NULL, '2014-11-03 10:56:09', NULL),
(791, 791, 3, 25, NULL, '2014-11-03 10:56:10', NULL),
(792, 792, 3, 25, NULL, '2014-11-03 10:56:10', NULL),
(793, 793, 3, 25, NULL, '2014-11-03 10:56:11', NULL),
(794, 794, 3, 25, NULL, '2014-11-03 10:56:11', NULL),
(795, 795, 3, 25, NULL, '2014-11-03 10:56:12', NULL),
(796, 796, 3, 25, NULL, '2014-11-03 10:56:12', NULL),
(797, 797, 3, 25, NULL, '2014-11-03 10:56:12', NULL),
(798, 798, 3, 25, NULL, '2014-11-03 10:56:13', NULL),
(799, 799, 3, 25, NULL, '2014-11-03 10:56:13', NULL),
(800, 800, 3, 25, NULL, '2014-11-03 10:56:14', NULL),
(801, 801, 3, 25, NULL, '2014-11-03 10:56:14', NULL),
(802, 802, 3, 25, NULL, '2014-11-03 10:56:15', NULL),
(803, 803, 3, 25, NULL, '2014-11-03 10:56:15', NULL),
(804, 804, 3, 20, 'Student Transfer from Section Tagar To Kadam', '2014-11-03 10:56:16', NULL),
(805, 805, 3, 25, NULL, '2014-11-03 10:56:16', NULL),
(806, 806, 3, 25, NULL, '2014-11-03 10:56:17', NULL),
(807, 807, 3, 25, NULL, '2014-11-03 10:56:17', NULL),
(808, 808, 3, 25, NULL, '2014-11-03 10:56:17', NULL),
(809, 809, 3, 25, NULL, '2014-11-03 10:56:18', NULL),
(810, 810, 3, 25, NULL, '2014-11-03 10:56:18', NULL),
(811, 811, 3, 25, NULL, '2014-11-03 10:56:19', NULL),
(812, 812, 3, 25, NULL, '2014-11-03 10:56:19', NULL),
(813, 813, 3, 25, NULL, '2014-11-03 10:56:20', NULL),
(814, 814, 3, 25, NULL, '2014-11-03 10:56:21', NULL),
(815, 815, 3, 25, NULL, '2014-11-03 10:56:21', NULL),
(816, 816, 3, 25, NULL, '2014-11-03 10:56:21', NULL),
(817, 817, 3, 25, NULL, '2014-11-03 10:56:22', NULL),
(818, 818, 3, 25, NULL, '2014-11-03 10:56:22', NULL),
(819, 819, 3, 25, NULL, '2014-11-03 10:56:22', NULL),
(820, 820, 3, 25, NULL, '2014-11-03 10:56:23', NULL),
(821, 821, 3, 25, NULL, '2014-11-03 10:56:23', NULL),
(822, 822, 3, 25, NULL, '2014-11-03 10:56:23', NULL),
(823, 823, 3, 25, NULL, '2014-11-03 10:56:23', NULL),
(824, 824, 3, 25, NULL, '2014-11-03 10:56:24', NULL),
(825, 825, 3, 25, NULL, '2014-11-03 10:56:24', NULL),
(826, 826, 3, 25, NULL, '2014-11-03 10:56:24', NULL),
(827, 827, 3, 25, NULL, '2014-11-03 10:56:25', NULL),
(828, 828, 3, 25, NULL, '2014-11-03 10:56:25', NULL),
(829, 829, 3, 25, NULL, '2014-11-03 10:56:25', NULL),
(830, 830, 3, 25, NULL, '2014-11-03 10:56:25', NULL),
(831, 831, 3, 25, NULL, '2014-11-03 10:56:26', NULL),
(832, 832, 3, 25, NULL, '2014-11-03 10:56:26', NULL),
(833, 833, 3, 25, NULL, '2014-11-03 10:56:26', NULL),
(834, 834, 3, 25, NULL, '2014-11-03 10:56:27', NULL),
(835, 835, 3, 25, NULL, '2014-11-03 10:56:27', NULL),
(836, 836, 3, 25, NULL, '2014-11-03 10:56:27', NULL),
(837, 837, 3, 25, NULL, '2014-11-03 10:56:27', NULL),
(838, 838, 3, 25, NULL, '2014-11-03 10:56:28', NULL),
(839, 839, 3, 25, NULL, '2014-11-03 10:56:28', NULL),
(840, 840, 3, 25, NULL, '2014-11-03 10:56:28', NULL),
(841, 841, 3, 25, NULL, '2014-11-03 10:56:29', NULL),
(842, 842, 3, 25, NULL, '2014-11-03 10:56:29', NULL),
(843, 843, 3, 25, NULL, '2014-11-03 10:56:29', NULL),
(844, 844, 3, 25, NULL, '2014-11-03 10:56:30', NULL),
(845, 845, 3, 25, NULL, '2014-11-03 10:56:30', NULL),
(846, 846, 3, 25, NULL, '2014-11-03 10:56:31', NULL),
(847, 847, 3, 25, NULL, '2014-11-03 10:56:31', NULL),
(848, 848, 3, 25, NULL, '2014-11-03 10:56:32', NULL),
(849, 849, 3, 25, NULL, '2014-11-03 10:56:32', NULL),
(850, 850, 3, 25, NULL, '2014-11-03 10:56:32', NULL),
(851, 851, 3, 25, NULL, '2014-11-03 10:56:33', NULL),
(852, 852, 3, 25, NULL, '2014-11-03 10:56:33', NULL),
(853, 853, 3, 25, NULL, '2014-11-03 10:56:33', NULL),
(854, 854, 3, 25, NULL, '2014-11-03 10:56:33', NULL),
(855, 855, 3, 25, NULL, '2014-11-03 10:56:34', NULL),
(856, 856, 3, 25, NULL, '2014-11-03 10:56:34', NULL),
(857, 857, 3, 25, NULL, '2014-11-03 10:56:34', NULL),
(858, 858, 3, 25, NULL, '2014-11-03 10:56:34', NULL),
(859, 859, 3, 25, NULL, '2014-11-03 10:56:35', NULL),
(860, 860, 3, 25, NULL, '2014-11-03 10:56:35', NULL),
(861, 861, 3, 25, NULL, '2014-11-03 10:56:35', NULL),
(862, 862, 3, 25, NULL, '2014-11-03 10:56:36', NULL),
(863, 863, 3, 25, NULL, '2014-11-03 10:56:36', NULL),
(864, 864, 3, 25, NULL, '2014-11-03 10:56:36', NULL),
(865, 865, 3, 25, NULL, '2014-11-03 10:56:37', NULL),
(866, 866, 3, 25, NULL, '2014-11-03 10:56:37', NULL),
(867, 867, 3, 25, NULL, '2014-11-03 10:56:38', NULL),
(868, 868, 3, 25, NULL, '2014-11-03 10:56:38', NULL),
(869, 869, 3, 25, NULL, '2014-11-03 10:56:39', NULL),
(870, 870, 3, 25, NULL, '2014-11-03 10:56:39', NULL),
(871, 871, 3, 25, NULL, '2014-11-03 10:56:39', NULL),
(872, 872, 3, 25, NULL, '2014-11-03 10:56:40', NULL),
(873, 873, 3, 25, NULL, '2014-11-03 10:56:40', NULL),
(874, 874, 3, 25, NULL, '2014-11-03 10:56:41', NULL),
(875, 875, 3, 25, NULL, '2014-11-03 10:56:41', NULL),
(876, 876, 3, 25, NULL, '2014-11-03 10:56:41', NULL),
(877, 877, 3, 25, NULL, '2014-11-03 10:56:42', NULL),
(878, 878, 3, 25, NULL, '2014-11-03 10:56:42', NULL),
(879, 879, 3, 25, NULL, '2014-11-03 10:56:43', NULL),
(880, 880, 3, 25, NULL, '2014-11-03 10:56:43', NULL),
(881, 881, 3, 25, NULL, '2014-11-03 10:56:44', NULL),
(882, 882, 3, 25, NULL, '2014-11-03 10:56:44', NULL),
(883, 883, 3, 25, NULL, '2014-11-03 10:56:44', NULL),
(884, 884, 3, 25, NULL, '2014-11-03 10:56:44', NULL),
(885, 885, 3, 25, NULL, '2014-11-03 10:56:45', NULL),
(886, 886, 3, 25, NULL, '2014-11-03 10:56:45', NULL),
(887, 887, 3, 25, NULL, '2014-11-03 10:56:46', NULL),
(888, 888, 3, 25, NULL, '2014-11-03 10:56:46', NULL),
(889, 889, 3, 25, NULL, '2014-11-03 10:56:46', NULL),
(890, 890, 3, 25, NULL, '2014-11-03 10:56:47', NULL),
(891, 891, 3, 25, NULL, '2014-11-03 10:56:47', NULL),
(892, 892, 3, 25, NULL, '2014-11-03 10:56:47', NULL),
(893, 893, 3, 25, NULL, '2014-11-03 10:56:48', NULL),
(894, 894, 3, 25, NULL, '2014-11-03 10:56:48', NULL),
(895, 895, 3, 25, NULL, '2014-11-03 10:56:48', NULL),
(896, 896, 3, 25, NULL, '2014-11-03 10:56:49', NULL),
(897, 897, 3, 25, NULL, '2014-11-03 10:56:49', NULL),
(898, 898, 3, 25, NULL, '2014-11-03 10:56:49', NULL),
(899, 899, 3, 25, NULL, '2014-11-03 10:56:50', NULL),
(900, 900, 3, 25, NULL, '2014-11-03 10:56:50', NULL),
(901, 901, 3, 25, NULL, '2014-11-03 10:56:50', NULL),
(902, 902, 3, 25, NULL, '2014-11-03 10:56:50', NULL),
(903, 903, 3, 25, NULL, '2014-11-03 10:56:51', NULL),
(904, 904, 3, 25, NULL, '2014-11-03 10:56:51', NULL),
(905, 905, 3, 25, NULL, '2014-11-03 10:56:51', NULL),
(906, 906, 3, 25, NULL, '2014-11-03 10:56:52', NULL),
(907, 907, 3, 25, NULL, '2014-11-03 10:56:52', NULL),
(908, 908, 3, 25, NULL, '2014-11-03 10:56:52', NULL),
(909, 909, 3, 25, NULL, '2014-11-03 10:56:53', NULL),
(910, 910, 3, 25, NULL, '2014-11-03 10:56:53', NULL),
(911, 911, 3, 25, NULL, '2014-11-03 10:56:54', NULL),
(912, 912, 3, 25, NULL, '2014-11-03 10:56:54', NULL),
(913, 913, 3, 25, NULL, '2014-11-03 10:56:54', NULL),
(914, 914, 3, 25, NULL, '2014-11-03 10:56:54', NULL),
(915, 915, 3, 25, NULL, '2014-11-03 10:56:55', NULL),
(916, 916, 3, 25, NULL, '2014-11-03 10:56:55', NULL),
(917, 917, 3, 25, NULL, '2014-11-03 10:56:55', NULL),
(918, 918, 3, 25, NULL, '2014-11-03 10:56:56', NULL),
(919, 919, 3, 25, NULL, '2014-11-03 10:56:56', NULL),
(920, 920, 3, 25, NULL, '2014-11-03 10:56:57', NULL),
(921, 921, 3, 25, NULL, '2014-11-03 10:56:57', NULL),
(922, 922, 3, 25, NULL, '2014-11-03 10:56:58', NULL),
(923, 923, 3, 25, NULL, '2014-11-03 10:56:58', NULL),
(924, 924, 3, 25, NULL, '2014-11-03 10:56:59', NULL),
(925, 925, 3, 25, NULL, '2014-11-03 10:56:59', NULL),
(926, 926, 3, 25, NULL, '2014-11-03 10:56:59', NULL),
(927, 927, 3, 25, NULL, '2014-11-03 10:56:59', NULL),
(928, 928, 3, 25, NULL, '2014-11-03 10:57:00', NULL),
(929, 929, 3, 25, NULL, '2014-11-03 10:57:00', NULL),
(930, 930, 3, 25, NULL, '2014-11-03 10:57:00', NULL),
(931, 931, 3, 25, NULL, '2014-11-03 10:57:01', NULL),
(932, 932, 3, 25, NULL, '2014-11-03 10:57:01', NULL),
(933, 933, 3, 25, NULL, '2014-11-03 10:57:01', NULL),
(934, 934, 3, 25, NULL, '2014-11-03 10:57:02', NULL),
(935, 935, 3, 25, NULL, '2014-11-03 10:57:02', NULL),
(936, 936, 3, 25, NULL, '2014-11-03 10:57:02', NULL),
(937, 937, 3, 25, NULL, '2014-11-03 10:57:03', NULL),
(938, 938, 3, 25, NULL, '2014-11-03 10:57:03', NULL),
(939, 939, 3, 25, NULL, '2014-11-03 10:57:03', NULL),
(940, 940, 3, 25, NULL, '2014-11-03 10:57:04', NULL),
(941, 941, 3, 25, NULL, '2014-11-03 10:57:04', NULL),
(942, 942, 3, 25, NULL, '2014-11-03 10:57:05', NULL),
(943, 943, 3, 25, NULL, '2014-11-03 10:57:05', NULL),
(944, 944, 3, 25, NULL, '2014-11-03 10:57:05', NULL),
(945, 945, 3, 25, NULL, '2014-11-03 10:57:05', NULL),
(946, 946, 3, 25, NULL, '2014-11-03 10:57:05', NULL),
(947, 947, 3, 25, NULL, '2014-11-03 10:57:06', NULL),
(948, 948, 3, 25, NULL, '2014-11-03 10:57:06', NULL),
(949, 949, 3, 25, NULL, '2014-11-03 10:57:06', NULL),
(950, 950, 3, 25, NULL, '2014-11-03 10:57:06', NULL),
(951, 951, 3, 25, NULL, '2014-11-03 10:57:07', NULL),
(952, 952, 3, 25, NULL, '2014-11-03 10:57:07', NULL),
(953, 953, 3, 25, NULL, '2014-11-03 10:57:07', NULL),
(954, 954, 3, 25, NULL, '2014-11-03 10:57:07', NULL),
(955, 955, 3, 25, NULL, '2014-11-03 10:57:08', NULL),
(956, 956, 3, 25, NULL, '2014-11-03 11:05:29', NULL),
(957, 957, 3, 25, NULL, '2014-11-03 11:05:29', NULL),
(958, 958, 3, 25, NULL, '2014-11-03 11:05:29', NULL),
(959, 959, 3, 25, NULL, '2014-11-03 11:05:30', NULL),
(960, 960, 3, 25, NULL, '2014-11-03 11:05:30', NULL),
(961, 961, 3, 25, NULL, '2014-11-03 11:05:30', NULL),
(962, 962, 3, 25, NULL, '2014-11-03 11:05:31', NULL),
(963, 963, 3, 25, NULL, '2014-11-03 11:05:31', NULL),
(964, 964, 3, 25, NULL, '2014-11-03 11:05:32', NULL),
(965, 965, 3, 25, NULL, '2014-11-03 11:05:32', NULL);
INSERT INTO `sms_student_status` (`id`, `student_id`, `status_id`, `lookup_id`, `comments`, `created_at`, `created_by`) VALUES
(966, 966, 3, 25, NULL, '2014-11-03 11:05:33', NULL),
(967, 967, 3, 25, NULL, '2014-11-03 11:05:33', NULL),
(968, 968, 3, 25, NULL, '2014-11-03 11:05:33', NULL),
(969, 969, 3, 25, NULL, '2014-11-03 11:05:34', NULL),
(970, 970, 3, 25, NULL, '2014-11-03 11:05:34', NULL),
(971, 971, 3, 25, NULL, '2014-11-03 11:05:34', NULL),
(972, 972, 3, 25, NULL, '2014-11-03 11:05:35', NULL),
(973, 973, 3, 25, NULL, '2014-11-03 11:05:35', NULL),
(974, 974, 3, 25, NULL, '2014-11-03 11:05:36', NULL),
(975, 975, 3, 25, NULL, '2014-11-03 11:05:36', NULL),
(976, 976, 3, 25, NULL, '2014-11-03 11:05:36', NULL),
(977, 977, 3, 25, NULL, '2014-11-03 11:05:36', NULL),
(978, 978, 3, 25, NULL, '2014-11-03 11:05:37', NULL),
(979, 979, 3, 25, NULL, '2014-11-03 11:05:37', NULL),
(980, 980, 3, 25, NULL, '2014-11-03 11:05:37', NULL),
(981, 981, 3, 25, NULL, '2014-11-03 11:05:38', NULL),
(982, 982, 3, 25, NULL, '2014-11-03 11:05:38', NULL),
(983, 983, 3, 25, NULL, '2014-11-03 11:05:38', NULL),
(984, 984, 3, 25, NULL, '2014-11-03 11:05:39', NULL),
(985, 985, 3, 25, NULL, '2014-11-03 11:05:40', NULL),
(986, 986, 3, 25, NULL, '2014-11-03 11:05:40', NULL),
(987, 987, 3, 25, NULL, '2014-11-03 11:05:40', NULL),
(988, 988, 3, 25, NULL, '2014-11-03 11:05:40', NULL),
(989, 989, 3, 25, NULL, '2014-11-03 11:05:41', NULL),
(990, 990, 3, 25, NULL, '2014-11-03 11:05:41', NULL),
(991, 991, 3, 25, NULL, '2014-11-03 11:05:41', NULL),
(992, 992, 3, 25, NULL, '2014-11-03 11:05:42', NULL),
(993, 993, 3, 25, NULL, '2014-11-03 11:05:42', NULL),
(994, 994, 3, 25, NULL, '2014-11-03 11:05:42', NULL),
(995, 995, 3, 25, NULL, '2014-11-03 11:05:43', NULL),
(996, 996, 3, 25, NULL, '2014-11-03 11:05:43', NULL),
(997, 997, 3, 25, NULL, '2014-11-03 11:05:43', NULL),
(998, 998, 3, 25, NULL, '2014-11-03 11:05:44', NULL),
(999, 999, 3, 25, NULL, '2014-11-03 11:05:44', NULL),
(1000, 1000, 3, 25, NULL, '2014-11-03 11:05:44', NULL),
(1001, 1001, 3, 25, NULL, '2014-11-03 11:05:45', NULL),
(1002, 1002, 3, 25, NULL, '2014-11-03 11:05:45', NULL),
(1003, 1003, 3, 25, NULL, '2014-11-03 11:05:45', NULL),
(1004, 1004, 3, 25, NULL, '2014-11-03 11:05:46', NULL),
(1005, 1005, 3, 25, NULL, '2014-11-03 11:05:46', NULL),
(1006, 1006, 3, 25, NULL, '2014-11-03 11:05:46', NULL),
(1007, 1007, 3, 25, NULL, '2014-11-03 11:05:47', NULL),
(1008, 1008, 3, 25, NULL, '2014-11-03 11:05:47', NULL),
(1009, 1009, 3, 25, NULL, '2014-11-03 11:05:47', NULL),
(1010, 1010, 3, 25, NULL, '2014-11-03 11:05:48', NULL),
(1011, 1011, 3, 25, NULL, '2014-11-03 11:05:48', NULL),
(1012, 1012, 3, 25, NULL, '2014-11-03 11:05:49', NULL),
(1013, 1013, 3, 25, NULL, '2014-11-03 11:05:49', NULL),
(1014, 1014, 3, 25, NULL, '2014-11-03 11:05:50', NULL),
(1015, 1015, 3, 25, NULL, '2014-11-03 11:05:50', NULL),
(1016, 1016, 3, 25, NULL, '2014-11-03 11:05:51', NULL),
(1017, 1017, 3, 25, NULL, '2014-11-03 11:05:51', NULL),
(1018, 1018, 3, 25, NULL, '2014-11-03 11:05:51', NULL),
(1019, 1019, 3, 25, NULL, '2014-11-03 11:05:52', NULL),
(1020, 1020, 3, 25, NULL, '2014-11-03 11:05:52', NULL),
(1021, 1021, 3, 25, NULL, '2014-11-03 11:05:53', NULL),
(1022, 1022, 3, 25, NULL, '2014-11-03 11:05:53', NULL),
(1023, 1023, 3, 25, NULL, '2014-11-03 11:05:54', NULL),
(1024, 1024, 3, 25, NULL, '2014-11-03 11:05:54', NULL),
(1025, 1025, 3, 25, NULL, '2014-11-03 11:05:54', NULL),
(1026, 1026, 3, 25, NULL, '2014-11-03 11:05:55', NULL),
(1027, 1027, 3, 25, NULL, '2014-11-03 11:05:55', NULL),
(1028, 1028, 3, 25, NULL, '2014-11-03 11:05:55', NULL),
(1029, 1029, 3, 25, NULL, '2014-11-03 11:05:56', NULL),
(1030, 1030, 3, 25, NULL, '2014-11-03 11:05:56', NULL),
(1031, 1031, 3, 25, NULL, '2014-11-03 11:05:57', NULL),
(1032, 1032, 3, 25, NULL, '2014-11-03 11:05:57', NULL),
(1033, 1033, 3, 25, NULL, '2014-11-03 11:05:57', NULL),
(1034, 1034, 3, 25, NULL, '2014-11-03 11:05:58', NULL),
(1035, 1035, 3, 25, NULL, '2014-11-03 11:05:58', NULL),
(1036, 1036, 3, 25, NULL, '2014-11-03 11:05:59', NULL),
(1037, 1037, 3, 25, NULL, '2014-11-03 11:06:00', NULL),
(1038, 1038, 3, 25, NULL, '2014-11-03 11:06:00', NULL),
(1039, 1039, 3, 25, NULL, '2014-11-03 11:06:01', NULL),
(1040, 1040, 3, 25, NULL, '2014-11-03 11:06:01', NULL),
(1041, 1041, 3, 25, NULL, '2014-11-03 11:06:01', NULL),
(1042, 1042, 3, 25, NULL, '2014-11-03 11:06:02', NULL),
(1043, 1043, 3, 25, NULL, '2014-11-03 11:06:02', NULL),
(1044, 1044, 3, 25, NULL, '2014-11-03 11:06:03', NULL),
(1045, 1045, 3, 25, NULL, '2014-11-03 11:06:03', NULL),
(1046, 1046, 3, 25, NULL, '2014-11-03 11:06:03', NULL),
(1047, 1047, 3, 25, NULL, '2014-11-03 11:06:04', NULL),
(1048, 1048, 3, 25, NULL, '2014-11-03 11:06:04', NULL),
(1049, 1049, 3, 25, NULL, '2014-11-03 11:06:05', NULL),
(1050, 1050, 3, 25, NULL, '2014-11-03 11:06:05', NULL),
(1051, 1051, 3, 25, NULL, '2014-11-03 11:06:05', NULL),
(1052, 1052, 3, 25, NULL, '2014-11-03 11:06:06', NULL),
(1053, 1053, 3, 25, NULL, '2014-11-03 11:06:06', NULL),
(1054, 1054, 3, 25, NULL, '2014-11-03 11:06:06', NULL),
(1055, 1055, 3, 25, NULL, '2014-11-03 11:06:07', NULL),
(1056, 1056, 3, 25, NULL, '2014-11-03 11:06:07', NULL),
(1057, 1057, 3, 25, NULL, '2014-11-03 11:06:08', NULL),
(1058, 1058, 3, 25, NULL, '2014-11-03 11:06:08', NULL),
(1059, 1059, 3, 25, NULL, '2014-11-03 11:06:09', NULL),
(1060, 1060, 3, 25, NULL, '2014-11-03 11:06:09', NULL),
(1061, 1061, 3, 25, NULL, '2014-11-03 11:06:09', NULL),
(1062, 1062, 3, 25, NULL, '2014-11-03 11:06:10', NULL),
(1063, 1063, 3, 25, NULL, '2014-11-03 11:06:10', NULL),
(1064, 1064, 3, 25, NULL, '2014-11-03 11:06:11', NULL),
(1065, 1065, 3, 25, NULL, '2014-11-03 11:06:11', NULL),
(1066, 1066, 3, 25, NULL, '2014-11-03 11:06:12', NULL),
(1067, 1067, 3, 25, NULL, '2014-11-03 11:06:12', NULL),
(1068, 1068, 3, 25, NULL, '2014-11-03 11:06:12', NULL),
(1069, 1069, 3, 25, NULL, '2014-11-03 11:06:13', NULL),
(1070, 1070, 3, 25, NULL, '2014-11-03 11:06:13', NULL),
(1071, 1071, 3, 25, NULL, '2014-11-03 11:06:14', NULL),
(1072, 1072, 3, 25, NULL, '2014-11-03 11:06:14', NULL),
(1073, 1073, 3, 25, NULL, '2014-11-03 11:06:14', NULL),
(1074, 1074, 3, 25, NULL, '2014-11-03 11:06:15', NULL),
(1075, 1075, 3, 25, NULL, '2014-11-03 11:06:15', NULL),
(1076, 1076, 3, 25, NULL, '2014-11-03 11:06:16', NULL),
(1077, 1077, 3, 25, NULL, '2014-11-03 11:06:16', NULL),
(1078, 1078, 3, 25, NULL, '2014-11-03 11:06:16', NULL),
(1079, 1079, 3, 25, NULL, '2014-11-03 11:06:17', NULL),
(1080, 1080, 3, 25, NULL, '2014-11-03 11:06:17', NULL),
(1081, 1081, 3, 25, NULL, '2014-11-03 11:06:17', NULL),
(1082, 1082, 3, 25, NULL, '2014-11-03 11:06:18', NULL),
(1083, 1083, 3, 25, NULL, '2014-11-03 11:06:18', NULL),
(1084, 1084, 3, 25, NULL, '2014-11-03 11:06:19', NULL),
(1085, 1085, 3, 25, NULL, '2014-11-03 11:06:19', NULL),
(1086, 1086, 3, 25, NULL, '2014-11-03 11:06:19', NULL),
(1087, 1087, 3, 25, NULL, '2014-11-03 11:06:20', NULL),
(1088, 1088, 3, 25, NULL, '2014-11-03 11:06:20', NULL),
(1089, 1089, 3, 25, NULL, '2014-11-03 11:06:20', NULL),
(1090, 1090, 3, 25, NULL, '2014-11-03 11:06:21', NULL),
(1091, 1091, 3, 25, NULL, '2014-11-03 11:06:21', NULL),
(1092, 1092, 3, 25, NULL, '2014-11-03 11:06:22', NULL),
(1093, 1093, 3, 25, NULL, '2014-11-03 11:06:22', NULL),
(1094, 1094, 3, 25, NULL, '2014-11-03 11:06:23', NULL),
(1095, 1095, 3, 25, NULL, '2014-11-03 11:06:23', NULL),
(1096, 1096, 3, 25, NULL, '2014-11-03 11:06:24', NULL),
(1097, 1097, 3, 25, NULL, '2014-11-03 11:06:24', NULL),
(1098, 1098, 3, 25, NULL, '2014-11-03 11:06:25', NULL),
(1099, 1099, 3, 25, NULL, '2014-11-03 11:06:25', NULL),
(1100, 1100, 3, 25, NULL, '2014-11-03 11:06:26', NULL),
(1101, 1101, 3, 25, NULL, '2014-11-03 11:06:26', NULL),
(1102, 1102, 3, 25, NULL, '2014-11-03 11:06:27', NULL),
(1103, 1103, 3, 25, NULL, '2014-11-03 11:06:27', NULL),
(1104, 1104, 3, 25, NULL, '2014-11-03 11:06:27', NULL),
(1105, 1105, 3, 25, NULL, '2014-11-03 11:06:28', NULL),
(1106, 1106, 3, 25, NULL, '2014-11-03 11:06:28', NULL),
(1107, 1107, 3, 25, NULL, '2014-11-03 11:06:28', NULL),
(1109, 1109, 3, 25, NULL, '2014-11-03 11:06:29', NULL),
(1110, 1110, 3, 25, NULL, '2014-11-03 11:06:29', NULL),
(1111, 1111, 3, 25, NULL, '2014-11-03 11:06:30', NULL),
(1112, 1112, 3, 25, NULL, '2014-11-03 11:06:30', NULL),
(1120, 1120, 3, 25, NULL, '2014-11-03 11:06:32', NULL),
(1126, 1120, 2, 20, NULL, '2014-11-06 16:30:16', 1),
(1135, 1104, 2, 20, NULL, '2014-11-08 17:49:33', 1),
(1136, 1016, 1, 24, NULL, '2014-11-09 18:43:25', 1),
(1137, 1083, 2, 20, NULL, '2014-11-13 14:48:41', 1),
(1138, 1032, 2, 20, NULL, '2014-11-13 17:10:58', 1),
(1139, 947, 2, 20, NULL, '2014-11-13 17:11:35', 1),
(1140, 946, 2, 20, NULL, '2014-11-13 17:11:56', 1),
(1141, 945, 2, 20, NULL, '2014-11-13 17:12:13', 1),
(1142, 944, 2, 20, NULL, '2014-11-13 17:12:29', 1),
(1143, 943, 2, 20, NULL, '2014-11-13 17:13:04', 1),
(1144, 942, 2, 20, NULL, '2014-11-13 17:14:06', 1),
(1145, 941, 2, 20, NULL, '2014-11-13 17:14:38', 1),
(1146, 940, 2, 20, NULL, '2014-11-13 17:14:59', 1),
(1147, 938, 2, 20, NULL, '2014-11-13 17:15:24', 1),
(1148, 934, 2, 20, NULL, '2014-11-13 17:16:05', 1),
(1149, 707, 2, 20, NULL, '2014-11-17 01:14:20', 1),
(1150, 739, 1, 24, NULL, '2014-11-17 01:14:39', 1),
(1151, 739, 2, 20, NULL, '2014-11-17 01:15:06', 1),
(1152, 676, 2, 20, NULL, '2014-11-17 01:18:56', 1),
(1153, 708, 2, 20, NULL, '2014-11-17 01:19:22', 1),
(1155, 594, 2, 20, NULL, '2014-11-17 01:26:04', 1),
(1156, 931, 2, 20, NULL, '2014-11-17 01:26:22', 1),
(1157, 290, 2, 20, NULL, '2014-11-17 01:26:39', 1),
(1158, 290, 2, 20, NULL, '2014-11-17 01:26:40', 1),
(1159, 900, 2, 20, NULL, '2014-11-17 01:26:59', 1),
(1160, 932, 2, 20, NULL, '2014-11-17 01:27:13', 1),
(1161, 901, 2, 20, NULL, '2014-11-17 01:27:27', 1),
(1162, 901, 2, 20, NULL, '2014-11-17 01:27:28', 1),
(1163, 933, 2, 20, NULL, '2014-11-17 01:27:57', 1),
(1164, 677, 2, 20, NULL, '2014-11-17 01:28:13', 1),
(1165, 709, 2, 20, NULL, '2014-11-17 01:28:33', 1),
(1166, 821, 2, 20, NULL, '2014-11-17 01:28:50', 1),
(1167, 678, 2, 20, NULL, '2014-11-17 01:29:09', 1),
(1168, 678, 2, 20, NULL, '2014-11-17 01:29:10', 1),
(1169, 710, 2, 20, NULL, '2014-11-17 01:29:25', 1),
(1170, 710, 2, 20, NULL, '2014-11-17 01:29:26', 1),
(1171, 742, 2, 20, NULL, '2014-11-17 01:29:42', 1),
(1172, 597, 2, 20, NULL, '2014-11-17 01:30:10', 1),
(1173, 679, 2, 20, NULL, '2014-11-17 01:30:34', 1),
(1174, 855, 2, 20, NULL, '2014-11-17 01:30:51', 1),
(1175, 406, 2, 20, NULL, '2014-11-17 01:31:06', 1),
(1176, 743, 2, 20, NULL, '2014-11-17 01:31:23', 1),
(1177, 599, 2, 20, NULL, '2014-11-17 01:31:39', 1),
(1178, 680, 2, 20, NULL, '2014-11-17 01:31:56', 1),
(1179, 327, 2, 20, NULL, '2014-11-17 01:34:35', 1),
(1180, 888, 2, 20, NULL, '2014-11-17 01:34:58', 1),
(1181, 519, 2, 20, NULL, '2014-11-17 01:35:14', 1),
(1182, 856, 2, 20, NULL, '2014-11-17 01:35:31', 1),
(1183, 744, 2, 20, NULL, '2014-11-17 01:35:45', 1),
(1184, 520, 2, 20, NULL, '2014-11-17 01:35:59', 1),
(1185, 857, 2, 20, NULL, '2014-11-17 01:36:14', 1),
(1186, 681, 2, 20, NULL, '2014-11-17 01:36:30', 1),
(1187, 681, 2, 20, NULL, '2014-11-17 01:36:31', 1),
(1188, 216, 2, 20, NULL, '2014-11-17 01:37:01', 1),
(1189, 682, 2, 20, NULL, '2014-11-17 01:42:07', 1),
(1190, 521, 2, 20, NULL, '2014-11-17 01:42:28', 1),
(1191, 521, 2, 20, NULL, '2014-11-17 01:42:30', 1),
(1192, 890, 2, 20, NULL, '2014-11-17 01:43:02', 1),
(1193, 634, 2, 20, NULL, '2014-11-17 01:43:22', 1),
(1194, 683, 2, 20, NULL, '2014-11-17 01:43:56', 1),
(1195, 522, 2, 20, NULL, '2014-11-17 01:44:10', 1),
(1196, 891, 2, 20, NULL, '2014-11-17 01:44:58', 1),
(1197, 684, 2, 20, NULL, '2014-11-17 01:45:16', 1),
(1198, 459, 2, 20, NULL, '2014-11-17 01:45:32', 1),
(1199, 571, 2, 20, NULL, '2014-11-17 01:45:48', 1),
(1200, 106, 2, 20, NULL, '2014-11-17 01:46:04', 1),
(1201, 347, 2, 20, NULL, '2014-11-17 01:46:23', 1),
(1202, 572, 2, 20, NULL, '2014-11-17 01:46:39', 1),
(1203, 685, 2, 20, NULL, '2014-11-17 01:48:59', 1),
(1204, 685, 2, 20, NULL, '2014-11-17 01:49:02', 1),
(1205, 861, 2, 20, NULL, '2014-11-17 01:49:17', 1),
(1206, 267, 2, 20, NULL, '2014-11-17 04:23:41', 1),
(1207, 573, 2, 20, NULL, '2014-11-17 04:23:59', 1),
(1208, 637, 2, 20, NULL, '2014-11-17 04:24:22', 1),
(1209, 686, 2, 20, NULL, '2014-11-17 04:31:40', 1),
(1210, 687, 2, 20, NULL, '2014-11-17 04:32:01', 1),
(1211, 109, 2, 20, NULL, '2014-11-17 04:32:42', 1),
(1212, 688, 2, 20, NULL, '2014-11-17 04:33:02', 1),
(1213, 896, 2, 20, NULL, '2014-11-17 04:33:27', 1),
(1214, 720, 2, 20, NULL, '2014-11-17 04:33:53', 1),
(1215, 912, 2, 20, NULL, '2014-11-17 04:34:12', 1),
(1216, 929, 2, 20, NULL, '2014-11-17 16:39:31', 1),
(1217, 928, 2, 20, NULL, '2014-11-17 16:39:46', 1),
(1218, 926, 2, 20, NULL, '2014-11-17 16:39:59', 1),
(1219, 916, 2, 20, NULL, '2014-11-17 16:40:20', 1),
(1220, 833, 2, 20, NULL, '2014-11-17 19:06:40', 1),
(1221, 915, 2, 20, NULL, '2014-11-17 19:07:01', 1),
(1222, 914, 2, 20, NULL, '2014-11-17 19:07:17', 1),
(1223, 913, 2, 20, NULL, '2014-11-17 19:07:34', 1),
(1224, 878, 2, 20, NULL, '2014-11-17 19:08:23', 1),
(1225, 722, 2, 20, NULL, '2014-11-17 19:09:14', 1),
(1226, 705, 2, 20, NULL, '2014-11-17 19:09:57', 1),
(1227, 704, 2, 20, NULL, '2014-11-17 19:10:24', 1),
(1228, 703, 2, 20, NULL, '2014-11-17 19:10:46', 1),
(1229, 702, 2, 20, NULL, '2014-11-17 19:11:19', 1),
(1230, 701, 2, 20, NULL, '2014-11-17 19:11:37', 1),
(1231, 700, 2, 20, NULL, '2014-11-17 19:11:58', 1),
(1232, 699, 2, 20, NULL, '2014-11-17 19:12:17', 1),
(1233, 697, 2, 20, NULL, '2014-11-17 19:12:49', 1),
(1234, 696, 2, 20, NULL, '2014-11-17 19:13:26', 1),
(1235, 695, 2, 20, NULL, '2014-11-17 19:14:17', 1),
(1236, 694, 2, 20, NULL, '2014-11-17 19:14:40', 1),
(1237, 693, 2, 20, NULL, '2014-11-17 19:16:01', 1),
(1238, 692, 2, 20, NULL, '2014-11-17 19:16:19', 1),
(1239, 691, 2, 20, NULL, '2014-11-17 19:16:40', 1),
(1240, 690, 2, 20, NULL, '2014-11-17 19:17:16', 1),
(1241, 689, 2, 20, NULL, '2014-11-17 19:17:39', 1),
(1242, 654, 2, 20, NULL, '2014-11-17 19:18:06', 1),
(1243, 653, 2, 20, NULL, '2014-11-17 19:18:21', 1),
(1244, 652, 2, 20, NULL, '2014-11-17 19:18:40', 1),
(1245, 651, 2, 20, NULL, '2014-11-17 19:19:01', 1),
(1246, 640, 2, 20, NULL, '2014-11-17 19:19:30', 1),
(1247, 543, 2, 20, NULL, '2014-11-17 19:20:32', 1),
(1248, 464, 2, 20, NULL, '2014-11-17 19:21:12', 1),
(1249, 425, 2, 20, NULL, '2014-11-17 19:21:36', 1),
(1250, 394, 2, 20, NULL, '2014-11-17 19:22:20', 1),
(1251, 390, 2, 20, NULL, '2014-11-17 19:22:52', 1),
(1252, 363, 2, 20, NULL, '2014-11-17 19:25:36', 1),
(1253, 355, 2, 20, NULL, '2014-11-17 19:26:24', 1),
(1254, 288, 2, 20, NULL, '2014-11-17 19:35:19', 1),
(1255, 254, 2, 20, NULL, '2014-11-17 19:35:39', 1),
(1256, 197, 2, 20, NULL, '2014-11-17 19:36:08', 1),
(1257, 307, 2, 20, NULL, '2014-11-17 23:43:10', 1),
(1258, 307, 1, 24, NULL, '2014-11-17 23:57:18', 1),
(1259, 1123, 3, 25, '', '2014-11-22 02:40:40', 1),
(1260, 1123, 1, 24, NULL, '2014-11-22 02:46:38', 1),
(1261, 1124, 3, 25, '', '2014-11-22 02:59:11', 1),
(1262, 1124, 1, 24, NULL, '2014-11-22 03:01:15', 1),
(1263, 1124, 1, 24, NULL, '2014-11-22 03:01:17', 1),
(1264, 1124, 1, 24, NULL, '2014-11-22 03:01:17', 1),
(1265, 1124, 1, 24, NULL, '2014-11-22 03:01:20', 1),
(1266, 1125, 3, 25, '', '2014-11-22 03:14:43', 1),
(1267, 1125, 1, 24, NULL, '2014-11-22 03:18:31', 1),
(1268, 1126, 3, 25, '', '2014-11-22 03:52:28', 1),
(1269, 1126, 1, 24, NULL, '2014-11-22 03:54:31', 1),
(1270, 1127, 3, 25, '', '2014-11-22 03:58:42', 1),
(1271, 1127, 1, 24, NULL, '2014-11-22 04:00:54', 1),
(1272, 1128, 3, 25, '', '2014-11-22 04:09:23', 1),
(1273, 1129, 3, 25, '', '2014-11-22 04:17:09', 1),
(1274, 1129, 1, 24, NULL, '2014-11-22 04:20:12', 1),
(1275, 1130, 3, 25, '', '2014-11-22 04:23:11', 1),
(1276, 1130, 1, 24, NULL, '2014-11-22 04:30:09', 1),
(1277, 1131, 3, 25, '', '2014-11-22 19:25:18', 1),
(1278, 1131, 1, 24, NULL, '2014-11-22 19:29:31', 1),
(1280, 1133, 3, 25, '', '2014-11-22 20:16:00', 1),
(1281, 1134, 3, 25, '', '2014-11-22 21:10:14', 1),
(1282, 1134, 1, 24, NULL, '2014-11-22 21:14:43', 1),
(1286, 1133, 1, 24, NULL, '2014-11-23 17:24:42', 1),
(1290, 1137, 3, 25, '', '2014-11-23 20:25:20', 1),
(1291, 1138, 3, 25, '', '2014-11-23 21:06:10', 1),
(1292, 1138, 1, 24, NULL, '2014-11-23 21:08:07', 1),
(1293, 1137, 1, 24, NULL, '2014-11-23 21:12:20', 1),
(1295, 1140, 3, 25, '', '2014-11-24 00:06:33', 1),
(1296, 1140, 1, 24, NULL, '2014-11-24 00:08:24', 1),
(1297, 1141, 3, 25, '', '2014-11-24 01:13:22', 1),
(1298, 1141, 1, 24, NULL, '2014-11-24 01:16:55', 1),
(1299, 1142, 3, 25, '', '2014-11-24 02:19:22', 1),
(1300, 1142, 1, 24, NULL, '2014-11-24 02:25:52', 1),
(1304, 1134, 2, 20, NULL, '2014-11-25 03:05:03', 1),
(1305, 1134, 1, 24, NULL, '2014-11-25 03:05:54', 1),
(1306, 1098, 2, 20, NULL, '2014-11-25 03:06:02', 1),
(1307, 1144, 3, 25, '', '2014-11-29 01:48:26', 1),
(1308, 1144, 1, 24, NULL, '2014-11-29 01:52:53', 1),
(1309, 1128, 1, 24, NULL, '2014-12-05 02:01:59', 1),
(1310, 1145, 3, 25, 'test', '2015-01-05 21:21:48', 1),
(1311, 1145, 1, 24, NULL, '2015-01-05 21:29:39', 1),
(1312, 1146, 3, 24, '', '2015-01-14 00:13:31', 1),
(1313, 1146, 1, 24, NULL, '2015-01-14 00:16:40', 1),
(1314, 1147, 3, 24, '', '2015-01-14 00:18:13', 1),
(1315, 1147, 1, 24, NULL, '2015-01-14 00:22:32', 1),
(1316, 1148, 3, 24, '', '2015-01-14 00:24:00', 1),
(1317, 1148, 1, 24, NULL, '2015-01-14 00:27:00', 1),
(1318, 1149, 3, 24, '', '2015-01-14 00:28:30', 1),
(1319, 1149, 1, 24, NULL, '2015-01-14 00:30:43', 1),
(1320, 1150, 3, 25, '', '2015-01-14 00:33:36', 1),
(1321, 1150, 1, 24, '', '2015-01-14 00:34:34', 1),
(1322, 1151, 3, 24, '', '2015-01-14 22:37:05', 1),
(1323, 1151, 1, 24, NULL, '2015-01-14 22:41:40', 1),
(1324, 1152, 3, 24, '', '2015-01-14 22:42:43', 1),
(1325, 1153, 3, 24, '', '2015-01-14 22:45:46', 1),
(1326, 1152, 1, 24, NULL, '2015-01-14 22:48:24', 1),
(1327, 1154, 3, 24, '', '2015-01-14 22:52:31', 1),
(1328, 1155, 3, 24, '', '2015-01-14 22:56:27', 1),
(1329, 1156, 3, 24, '', '2015-01-14 22:59:58', 1),
(1330, 1156, 1, 24, NULL, '2015-01-14 23:02:26', 1),
(1331, 1155, 1, 24, NULL, '2015-01-14 23:02:30', 1),
(1332, 1154, 1, 24, NULL, '2015-01-14 23:02:33', 1),
(1333, 1153, 1, 24, NULL, '2015-01-14 23:02:38', 1),
(1334, 1157, 3, 24, '', '2015-01-15 22:37:15', 1),
(1335, 1158, 3, 25, '', '2015-01-15 22:54:07', 1),
(1336, 1159, 3, 25, '', '2015-01-15 23:00:04', 1),
(1337, 1160, 3, 25, '', '2015-01-15 23:04:33', 1),
(1338, 1161, 3, 24, '', '2015-01-15 23:06:38', 1),
(1339, 1162, 3, 24, '', '2015-01-15 23:09:45', 1),
(1340, 1158, 1, 24, NULL, '2015-01-15 23:10:51', 1),
(1341, 1159, 1, 24, NULL, '2015-01-15 23:12:22', 1),
(1342, 1163, 3, 24, '', '2015-01-15 23:12:43', 1),
(1343, 1160, 1, 24, NULL, '2015-01-15 23:14:41', 1),
(1344, 1164, 3, 25, '', '2015-01-15 23:16:35', 1),
(1345, 1165, 3, 24, '', '2015-01-15 23:16:54', 1),
(1346, 1166, 3, 24, '', '2015-01-15 23:19:39', 1),
(1347, 1164, 1, 24, NULL, '2015-01-15 23:19:59', 1),
(1348, 1167, 3, 24, '', '2015-01-15 23:21:55', 1),
(1349, 1168, 3, 25, '', '2015-01-15 23:22:36', 1),
(1350, 1169, 3, 24, '', '2015-01-15 23:25:01', 1),
(1351, 1168, 1, 24, NULL, '2015-01-15 23:25:15', 1),
(1352, 1170, 3, 25, '', '2015-01-15 23:27:20', 1),
(1353, 1171, 3, 24, '', '2015-01-15 23:27:54', 1),
(1354, 1157, 1, 24, NULL, '2015-01-15 23:30:27', 1),
(1355, 1171, 1, 24, NULL, '2015-01-15 23:30:35', 1),
(1356, 1169, 1, 24, NULL, '2015-01-15 23:30:38', 1),
(1357, 1167, 1, 24, NULL, '2015-01-15 23:30:42', 1),
(1358, 1166, 1, 24, NULL, '2015-01-15 23:30:46', 1),
(1359, 1165, 1, 24, NULL, '2015-01-15 23:30:50', 1),
(1360, 1163, 1, 24, NULL, '2015-01-15 23:30:54', 1),
(1361, 1162, 1, 24, NULL, '2015-01-15 23:30:59', 1),
(1362, 1161, 1, 24, NULL, '2015-01-15 23:31:03', 1),
(1363, 1170, 1, 24, NULL, '2015-01-15 23:31:04', 1),
(1364, 1172, 3, 25, '', '2015-01-15 23:33:25', 1),
(1365, 1172, 1, 24, NULL, '2015-01-15 23:36:05', 1),
(1366, 1172, 1, 24, NULL, '2015-01-15 23:36:07', 1),
(1367, 1173, 3, 25, '', '2015-01-15 23:37:39', 1),
(1368, 1173, 1, 24, NULL, '2015-01-15 23:41:55', 1),
(1369, 1174, 3, 25, '', '2015-01-15 23:47:55', 1),
(1370, 1174, 1, 24, NULL, '2015-01-15 23:51:23', 1),
(1371, 1174, 1, 24, NULL, '2015-01-15 23:51:25', 1),
(1372, 1175, 3, 25, '', '2015-01-15 23:53:17', 1),
(1373, 1175, 1, 24, NULL, '2015-01-15 23:56:10', 1),
(1374, 1175, 1, 24, NULL, '2015-01-15 23:56:20', 1),
(1375, 1175, 1, 24, NULL, '2015-01-15 23:56:22', 1),
(1376, 1176, 3, 25, '', '2015-01-16 00:02:59', 1),
(1377, 1176, 1, 24, NULL, '2015-01-16 00:06:33', 1),
(1378, 1176, 1, 24, NULL, '2015-01-16 00:06:35', 1),
(1379, 1176, 1, 24, NULL, '2015-01-16 00:06:36', 1),
(1380, 1177, 3, 25, '', '2015-01-16 00:07:36', 1),
(1381, 1178, 3, 25, '', '2015-01-16 00:19:49', 1),
(1382, 1177, 1, 24, NULL, '2015-01-16 00:23:50', 1),
(1383, 1177, 1, 24, NULL, '2015-01-16 00:23:52', 1),
(1384, 1178, 1, 24, NULL, '2015-01-16 00:23:58', 1),
(1385, 1179, 3, 25, '', '2015-01-16 00:25:25', 1),
(1386, 1179, 1, 24, '', '2015-01-16 00:28:23', 1),
(1387, 1180, 3, 25, '', '2015-01-16 00:30:24', 1),
(1388, 1180, 1, 24, NULL, '2015-01-16 00:33:42', 1),
(1389, 1181, 3, 25, '', '2015-01-16 00:35:11', 1),
(1390, 1181, 1, 24, NULL, '2015-01-16 00:37:52', 1),
(1391, 1181, 1, 24, NULL, '2015-01-16 00:37:53', 1),
(1392, 1182, 3, 25, '', '2015-01-16 00:39:21', 1),
(1393, 1182, 1, 24, NULL, '2015-01-16 00:44:42', 1),
(1394, 1183, 3, 25, '', '2015-01-16 00:45:57', 1),
(1395, 1183, 1, 24, NULL, '2015-01-16 00:51:05', 1),
(1396, 1184, 3, 25, '', '2015-01-16 00:52:05', 1),
(1397, 1184, 1, 24, NULL, '2015-01-16 00:55:44', 1),
(1398, 1185, 3, 25, '', '2015-01-16 00:57:13', 1),
(1399, 1185, 1, 24, NULL, '2015-01-16 01:00:34', 1),
(1400, 1186, 3, 25, '', '2015-01-16 01:02:02', 1),
(1401, 1186, 1, 24, NULL, '2015-01-16 01:05:29', 1),
(1402, 1187, 3, 25, '', '2015-01-16 01:06:39', 1),
(1403, 1188, 3, 25, '', '2015-01-16 01:11:22', 1),
(1404, 1187, 1, 24, NULL, '2015-01-16 01:13:49', 1),
(1405, 1188, 1, 24, NULL, '2015-01-16 01:13:54', 1),
(1406, 1189, 3, 25, '', '2015-01-16 01:17:38', 1),
(1407, 1189, 1, 24, NULL, '2015-01-16 01:20:03', 1),
(1408, 1190, 3, 25, '', '2015-01-16 01:22:45', 1),
(1409, 1190, 1, 24, NULL, '2015-01-16 01:25:02', 1),
(1410, 1191, 3, 25, '', '2015-01-16 01:26:23', 1),
(1411, 1191, 1, 24, NULL, '2015-01-16 01:28:37', 1),
(1412, 1192, 3, 25, '', '2015-01-16 01:30:21', 1),
(1413, 1192, 1, 24, NULL, '2015-01-16 01:33:08', 1),
(1414, 1193, 3, 25, '', '2015-01-16 01:34:40', 1),
(1415, 1193, 1, 24, NULL, '2015-01-16 01:37:07', 1),
(1416, 1194, 3, 25, '', '2015-01-16 01:38:16', 1),
(1417, 1195, 3, 25, '', '2015-01-16 01:41:41', 1),
(1418, 1194, 1, 24, NULL, '2015-01-16 01:44:07', 1),
(1419, 1195, 1, 24, NULL, '2015-01-16 01:44:14', 1),
(1420, 1195, 1, 24, NULL, '2015-01-16 01:44:16', 1),
(1421, 1196, 3, 25, '', '2015-01-16 01:46:13', 1),
(1422, 1196, 1, 24, NULL, '2015-01-16 01:49:14', 1),
(1423, 1197, 3, 25, '', '2015-01-16 01:51:32', 1),
(1424, 1197, 1, 24, NULL, '2015-01-16 01:55:53', 1),
(1425, 1198, 3, 25, '', '2015-01-16 01:56:57', 1),
(1426, 1198, 1, 24, NULL, '2015-01-16 02:00:27', 1),
(1427, 1199, 3, 25, '', '2015-01-16 02:02:35', 1),
(1428, 1199, 1, 24, NULL, '2015-01-16 02:05:33', 1),
(1429, 1200, 3, 25, '', '2015-01-16 02:11:58', 1),
(1430, 1200, 1, 24, NULL, '2015-01-16 02:15:00', 1),
(1431, 1201, 3, 25, '', '2015-01-16 02:16:04', 1),
(1432, 1201, 1, 24, NULL, '2015-01-16 02:19:18', 1),
(1433, 1202, 3, 25, '', '2015-01-16 02:20:26', 1),
(1434, 1202, 1, 24, NULL, '2015-01-16 02:22:49', 1),
(1435, 1203, 3, 25, '', '2015-01-16 02:24:06', 1),
(1436, 1203, 1, 24, NULL, '2015-01-16 02:26:58', 1),
(1437, 1204, 3, 25, '', '2015-01-16 02:28:20', 1),
(1438, 1204, 1, 24, NULL, '2015-01-16 02:30:29', 1),
(1439, 1205, 3, 25, '', '2015-01-16 02:31:48', 1),
(1440, 1205, 1, 24, NULL, '2015-01-16 02:34:48', 1),
(1441, 1206, 3, 25, '', '2015-01-16 02:37:34', 1),
(1442, 1207, 3, 25, '', '2015-01-16 02:40:36', 1),
(1443, 1207, 1, 24, NULL, '2015-01-16 02:44:27', 1),
(1444, 1206, 1, 24, NULL, '2015-01-16 02:44:31', 1),
(1445, 1208, 3, 25, '', '2015-01-16 02:45:34', 1),
(1446, 1208, 1, 24, NULL, '2015-01-16 02:48:21', 1),
(1447, 1209, 3, 25, '', '2015-01-16 02:49:30', 1),
(1448, 1209, 1, 24, NULL, '2015-01-16 02:52:21', 1),
(1449, 1210, 3, 25, '', '2015-01-16 02:53:52', 1),
(1450, 1210, 1, 24, NULL, '2015-01-16 02:57:18', 1),
(1451, 1211, 3, 25, '', '2015-01-16 02:58:24', 1),
(1452, 1212, 3, 25, '', '2015-01-16 03:01:26', 1),
(1453, 1212, 1, 24, NULL, '2015-01-16 03:03:41', 1),
(1454, 1211, 1, 24, NULL, '2015-01-16 03:03:57', 1),
(1455, 1213, 3, 25, '', '2015-01-16 03:04:52', 1),
(1456, 1214, 3, 25, '', '2015-01-16 03:07:47', 1),
(1457, 1215, 3, 25, '', '2015-01-16 03:10:58', 1),
(1458, 1216, 3, 25, '', '2015-01-16 03:13:48', 1),
(1459, 1216, 1, 24, NULL, '2015-01-16 03:15:56', 1),
(1460, 1215, 1, 24, NULL, '2015-01-16 03:16:01', 1),
(1461, 1214, 1, 24, NULL, '2015-01-16 03:16:06', 1),
(1462, 1213, 1, 24, NULL, '2015-01-16 03:16:13', 1),
(1463, 1217, 3, 25, '', '2015-01-18 01:34:50', 1),
(1464, 1218, 3, 25, '', '2015-01-18 01:39:42', 1),
(1465, 1219, 3, 25, '', '2015-01-18 01:43:33', 1),
(1466, 1219, 1, 24, NULL, '2015-01-18 01:46:40', 1),
(1467, 1218, 1, 24, NULL, '2015-01-18 01:46:45', 1),
(1468, 1217, 3, 25, NULL, '2015-01-18 01:46:56', 1),
(1469, 1217, 2, 20, NULL, '2015-01-18 01:46:58', 1),
(1470, 1217, 1, 24, NULL, '2015-01-18 01:46:59', 1),
(1472, 1220, 3, 25, '', '2015-01-18 20:56:25', 1),
(1473, 1221, 3, 25, '', '2015-01-18 21:02:42', 1),
(1474, 1220, 1, 24, NULL, '2015-01-18 21:25:38', 1),
(1475, 1221, 1, 24, NULL, '2015-01-18 21:25:44', 1),
(1476, 1222, 3, 25, '', '2015-01-18 21:27:21', 1),
(1477, 1223, 3, 25, '', '2015-01-18 21:31:35', 1),
(1478, 1224, 3, 25, '', '2015-01-18 21:34:57', 1),
(1479, 1225, 3, 25, '', '2015-01-18 21:38:48', 1),
(1480, 1222, 1, 24, NULL, '2015-01-18 21:41:39', 1),
(1481, 1223, 1, 24, NULL, '2015-01-18 21:41:45', 1),
(1482, 1224, 1, 24, NULL, '2015-01-18 21:41:50', 1),
(1483, 1226, 3, 25, '', '2015-01-18 21:42:59', 1),
(1484, 1227, 3, 25, '', '2015-01-18 21:48:44', 1),
(1485, 1225, 1, 24, NULL, '2015-01-18 21:51:44', 1),
(1486, 1226, 1, 24, NULL, '2015-01-18 21:51:48', 1),
(1487, 1227, 1, 24, NULL, '2015-01-18 21:51:52', 1),
(1488, 1228, 3, 25, '', '2015-01-18 21:52:57', 1),
(1489, 1229, 3, 25, '', '2015-01-18 21:56:11', 1),
(1490, 1230, 3, 25, '', '2015-01-18 22:00:26', 1),
(1491, 1231, 3, 25, '', '2015-01-18 22:04:06', 1),
(1492, 1228, 1, 24, NULL, '2015-01-18 22:10:29', 1),
(1493, 1229, 1, 24, NULL, '2015-01-18 22:10:34', 1),
(1494, 1230, 1, 24, NULL, '2015-01-18 22:10:38', 1),
(1495, 1231, 1, 24, NULL, '2015-01-18 22:10:43', 1),
(1496, 1232, 3, 25, '', '2015-01-18 22:12:12', 1),
(1497, 1233, 3, 25, '', '2015-01-18 22:15:48', 1),
(1498, 1234, 3, 24, '', '2015-01-18 22:19:00', 1),
(1500, 1236, 3, 24, '', '2015-01-18 22:23:29', 1),
(1501, 1234, 1, 24, NULL, '2015-01-18 22:24:06', 1),
(1502, 1236, 1, 24, NULL, '2015-01-18 22:29:24', 1),
(1503, 1237, 3, 25, '', '2015-01-18 22:30:40', 1),
(1505, 1239, 3, 25, '', '2015-01-18 22:33:52', 1),
(1506, 1237, 1, 24, NULL, '2015-01-18 22:35:59', 1),
(1507, 1239, 1, 24, NULL, '2015-01-18 22:36:02', 1),
(1508, 1240, 3, 25, '', '2015-01-18 22:37:15', 1),
(1509, 1241, 3, 25, '', '2015-01-18 22:39:41', 1),
(1510, 1240, 1, 24, NULL, '2015-01-18 22:42:12', 1),
(1511, 1241, 1, 24, NULL, '2015-01-18 22:42:15', 1),
(1512, 1242, 3, 25, '', '2015-01-18 22:43:02', 1),
(1513, 1243, 3, 25, '', '2015-01-18 22:57:05', 1),
(1514, 1244, 3, 25, '', '2015-01-18 23:00:36', 1),
(1515, 1242, 1, 24, NULL, '2015-01-18 23:03:19', 1),
(1516, 1243, 1, 24, NULL, '2015-01-18 23:03:22', 1),
(1517, 1244, 1, 24, NULL, '2015-01-18 23:03:25', 1),
(1519, 1246, 3, 25, '', '2015-01-18 23:07:39', 1),
(1520, 1247, 3, 25, '', '2015-01-18 23:09:53', 1),
(1521, 1248, 3, 25, '', '2015-01-18 23:12:19', 1),
(1522, 1249, 3, 25, '', '2015-01-18 23:22:23', 1),
(1524, 1246, 1, 24, NULL, '2015-01-18 23:24:17', 1),
(1525, 1247, 1, 24, NULL, '2015-01-18 23:24:21', 1),
(1526, 1248, 1, 24, NULL, '2015-01-18 23:24:25', 1),
(1527, 1249, 1, 24, NULL, '2015-01-18 23:24:28', 1),
(1528, 1232, 1, 24, NULL, '2015-01-19 01:07:35', 1),
(1529, 1233, 1, 24, NULL, '2015-01-19 01:07:39', 1),
(1530, 1250, 3, 25, '', '2015-01-19 01:09:09', 1),
(1531, 1251, 3, 25, '', '2015-01-19 01:12:08', 1),
(1532, 1252, 3, 25, '', '2015-01-19 01:14:49', 1),
(1533, 1253, 3, 25, '', '2015-01-19 01:18:19', 1),
(1534, 1254, 3, 25, '', '2015-01-19 01:20:37', 1),
(1535, 1255, 3, 25, '', '2015-01-19 01:23:40', 1),
(1536, 1256, 3, 25, '', '2015-01-19 01:26:20', 1),
(1537, 1257, 3, 25, '', '2015-01-19 01:29:30', 1),
(1538, 1258, 3, 25, '', '2015-01-19 01:33:21', 1),
(1539, 1259, 3, 25, '', '2015-01-19 01:36:20', 1),
(1540, 1260, 3, 25, '', '2015-01-19 01:42:04', 1),
(1541, 1261, 3, 25, '', '2015-01-19 01:45:47', 1),
(1542, 1262, 3, 25, '', '2015-01-19 01:54:52', 1),
(1543, 1263, 3, 25, '', '2015-01-19 01:58:03', 1),
(1544, 1264, 3, 25, '', '2015-01-19 02:00:52', 1),
(1545, 1251, 1, 24, NULL, '2015-01-19 02:03:20', 1),
(1546, 1250, 1, 24, NULL, '2015-01-19 02:03:27', 1),
(1547, 1252, 1, 24, NULL, '2015-01-19 02:03:35', 1),
(1548, 1253, 1, 24, NULL, '2015-01-19 02:03:41', 1),
(1549, 1254, 1, 24, NULL, '2015-01-19 02:03:47', 1),
(1550, 1255, 1, 24, NULL, '2015-01-19 02:03:54', 1),
(1551, 1256, 1, 24, NULL, '2015-01-19 02:04:01', 1),
(1552, 1257, 1, 24, NULL, '2015-01-19 02:04:08', 1),
(1553, 1258, 1, 24, NULL, '2015-01-19 02:04:14', 1),
(1554, 1259, 1, 24, NULL, '2015-01-19 02:04:21', 1),
(1555, 1260, 1, 24, NULL, '2015-01-19 02:04:27', 1),
(1556, 1261, 1, 24, NULL, '2015-01-19 02:04:34', 1),
(1557, 1262, 1, 24, NULL, '2015-01-19 02:04:40', 1),
(1558, 1263, 1, 24, NULL, '2015-01-19 02:04:45', 1),
(1559, 1264, 1, 24, NULL, '2015-01-19 02:04:50', 1),
(1560, 1265, 3, 25, '', '2015-01-19 02:16:06', 1),
(1561, 1266, 3, 25, '', '2015-01-19 02:22:30', 1),
(1562, 1267, 3, 25, '', '2015-01-19 02:26:27', 1),
(1563, 1268, 3, 25, '', '2015-01-19 02:37:19', 1),
(1567, 1272, 3, 25, '', '2015-01-19 02:55:50', 1),
(1568, 1273, 3, 25, '', '2015-01-19 02:58:55', 1),
(1569, 1274, 3, 25, '', '2015-01-19 03:02:19', 1),
(1570, 1275, 3, 25, '', '2015-01-19 03:05:22', 1),
(1571, 1276, 3, 25, '', '2015-01-19 03:08:41', 1),
(1572, 1277, 3, 25, '', '2015-01-19 03:12:10', 1),
(1573, 1278, 3, 25, '', '2015-01-19 03:15:54', 1),
(1574, 1279, 3, 25, '', '2015-01-19 03:19:09', 1),
(1575, 1280, 3, 25, '', '2015-01-19 03:22:38', 1),
(1576, 1281, 3, 25, '', '2015-01-19 03:27:32', 1),
(1577, 1282, 3, 25, '', '2015-01-19 03:32:13', 1),
(1578, 1265, 1, 24, NULL, '2015-01-19 18:40:37', 1),
(1579, 1266, 1, 24, NULL, '2015-01-19 18:40:52', 1),
(1580, 1267, 1, 24, NULL, '2015-01-19 18:41:05', 1),
(1581, 1268, 1, 24, NULL, '2015-01-19 18:41:17', 1),
(1582, 1283, 3, 25, '', '2015-01-19 18:42:41', 1),
(1583, 1284, 3, 25, '', '2015-01-19 18:46:46', 1),
(1584, 1285, 3, 25, '', '2015-01-19 18:49:32', 1),
(1586, 1283, 1, 24, NULL, '2015-01-19 18:53:52', 1),
(1587, 1284, 1, 24, NULL, '2015-01-19 18:53:56', 1),
(1588, 1285, 1, 24, NULL, '2015-01-19 18:54:00', 1),
(1590, 1287, 3, 25, '', '2015-01-19 18:56:09', 1),
(1591, 1288, 3, 25, '', '2015-01-19 18:59:23', 1),
(1592, 1289, 3, 25, '', '2015-01-19 19:00:38', 1),
(1593, 1290, 3, 25, '', '2015-01-19 19:02:02', 1),
(1594, 1291, 3, 25, '', '2015-01-19 19:04:40', 1),
(1595, 1289, 1, 24, NULL, '2015-01-19 19:05:36', 1),
(1596, 1287, 1, 24, NULL, '2015-01-19 19:06:38', 1),
(1597, 1288, 1, 24, NULL, '2015-01-19 19:06:42', 1),
(1598, 1290, 1, 24, NULL, '2015-01-19 19:06:46', 1),
(1599, 1291, 1, 24, NULL, '2015-01-19 19:06:49', 1),
(1600, 1290, 1, 24, NULL, '2015-01-19 19:06:51', 1),
(1601, 1272, 1, 24, NULL, '2015-01-19 19:07:07', 1),
(1602, 1273, 1, 24, NULL, '2015-01-19 19:07:22', 1),
(1603, 1274, 1, 24, NULL, '2015-01-19 19:07:29', 1),
(1604, 1275, 1, 24, NULL, '2015-01-19 19:07:35', 1),
(1605, 1276, 1, 24, NULL, '2015-01-19 19:07:40', 1),
(1606, 1292, 3, 25, '', '2015-01-19 19:07:46', 1),
(1607, 1277, 1, 24, NULL, '2015-01-19 19:07:55', 1),
(1608, 1278, 1, 24, NULL, '2015-01-19 19:08:00', 1),
(1609, 1279, 1, 24, NULL, '2015-01-19 19:08:06', 1),
(1610, 1280, 1, 24, NULL, '2015-01-19 19:08:12', 1),
(1611, 1281, 1, 24, NULL, '2015-01-19 19:08:18', 1),
(1612, 1282, 1, 24, NULL, '2015-01-19 19:08:24', 1),
(1613, 1293, 3, 25, '', '2015-01-19 19:10:13', 1),
(1614, 1294, 3, 25, '', '2015-01-19 19:12:53', 1),
(1615, 1295, 3, 25, '', '2015-01-19 19:13:14', 1),
(1616, 1296, 3, 25, '', '2015-01-19 19:16:01', 1),
(1617, 1297, 3, 25, '', '2015-01-19 19:16:27', 1),
(1618, 1298, 3, 25, '', '2015-01-19 19:18:24', 1),
(1619, 1299, 3, 25, '', '2015-01-19 19:21:23', 1),
(1620, 1300, 3, 25, '', '2015-01-19 19:24:33', 1),
(1621, 1292, 1, 24, NULL, '2015-01-19 19:24:39', 1),
(1622, 1293, 1, 24, NULL, '2015-01-19 19:24:44', 1),
(1623, 1295, 1, 24, NULL, '2015-01-19 19:24:48', 1),
(1624, 1296, 1, 24, NULL, '2015-01-19 19:24:52', 1),
(1625, 1298, 1, 24, NULL, '2015-01-19 19:24:55', 1),
(1626, 1299, 1, 24, NULL, '2015-01-19 19:24:59', 1),
(1627, 1301, 3, 25, '', '2015-01-19 19:30:31', 1),
(1628, 1302, 3, 25, '', '2015-01-19 19:35:47', 1),
(1629, 1303, 3, 25, '', '2015-01-19 19:38:51', 1),
(1630, 1304, 3, 25, '', '2015-01-19 19:41:47', 1),
(1631, 1300, 1, 24, NULL, '2015-01-19 19:50:34', 1),
(1632, 1294, 1, 24, NULL, '2015-01-19 19:50:52', 1),
(1633, 1297, 1, 24, NULL, '2015-01-19 19:50:58', 1),
(1634, 1301, 1, 24, NULL, '2015-01-19 19:51:07', 1),
(1635, 1302, 1, 24, NULL, '2015-01-19 19:51:14', 1),
(1636, 1303, 1, 24, NULL, '2015-01-19 19:51:20', 1),
(1637, 1304, 1, 24, NULL, '2015-01-19 19:51:26', 1),
(1638, 1305, 3, 25, '', '2015-01-19 19:55:56', 1),
(1639, 1305, 1, 24, NULL, '2015-01-19 19:58:31', 1),
(1640, 1306, 3, 25, '', '2015-01-19 20:37:24', 1),
(1641, 1307, 3, 25, '', '2015-01-19 20:40:39', 1),
(1642, 1308, 3, 25, '', '2015-01-19 20:42:52', 1),
(1643, 1309, 3, 25, '', '2015-01-19 20:46:49', 1),
(1644, 1310, 3, 25, '', '2015-01-19 20:50:39', 1),
(1645, 1311, 3, 25, '', '2015-01-19 20:53:12', 1),
(1646, 1306, 1, 24, NULL, '2015-01-19 20:55:24', 1),
(1647, 1311, 1, 24, NULL, '2015-01-19 20:55:27', 1),
(1648, 1310, 1, 24, NULL, '2015-01-19 20:55:31', 1),
(1649, 1309, 2, 20, NULL, '2015-01-19 20:55:35', 1),
(1650, 1309, 2, 20, NULL, '2015-01-19 20:55:35', 1),
(1651, 1309, 1, 24, NULL, '2015-01-19 20:55:39', 1),
(1652, 1308, 1, 24, NULL, '2015-01-19 20:55:43', 1),
(1653, 1307, 1, 24, NULL, '2015-01-19 20:55:47', 1),
(1658, 1315, 3, 25, '', '2015-01-19 23:50:39', 1),
(1659, 1316, 3, 25, '', '2015-01-19 23:59:00', 1),
(1660, 1317, 3, 25, '', '2015-01-20 00:03:05', 1),
(1661, 1318, 3, 25, '', '2015-01-20 00:06:31', 1),
(1662, 1319, 3, 25, '', '2015-01-20 00:09:13', 1),
(1663, 1315, 1, 24, NULL, '2015-01-20 00:12:20', 1),
(1664, 1316, 1, 24, NULL, '2015-01-20 00:12:41', 1),
(1665, 1317, 1, 24, NULL, '2015-01-20 00:13:02', 1),
(1666, 1318, 1, 24, NULL, '2015-01-20 00:13:26', 1),
(1667, 1319, 1, 24, NULL, '2015-01-20 00:14:24', 1),
(1669, 1320, 3, 25, '', '2015-01-20 00:26:10', 1),
(1670, 1321, 3, 25, '', '2015-01-20 00:29:58', 1),
(1674, 1324, 3, 25, '', '2015-01-20 00:42:27', 1),
(1675, 1325, 3, 25, '', '2015-01-20 00:45:36', 1),
(1676, 1326, 3, 25, '', '2015-01-20 00:48:25', 1),
(1677, 1320, 1, 24, NULL, '2015-01-20 00:50:23', 1),
(1678, 1321, 1, 24, NULL, '2015-01-20 00:50:30', 1),
(1679, 1324, 1, 24, NULL, '2015-01-20 00:50:37', 1),
(1680, 1325, 1, 24, NULL, '2015-01-20 00:50:44', 1),
(1681, 1326, 1, 24, NULL, '2015-01-20 00:50:51', 1),
(1682, 1327, 3, 25, '', '2015-01-20 00:52:17', 1),
(1683, 1328, 3, 25, '', '2015-01-20 01:03:30', 1),
(1684, 1327, 1, 24, NULL, '2015-01-20 01:16:14', 1),
(1685, 1328, 1, 24, NULL, '2015-01-20 01:16:28', 1),
(1686, 1329, 3, 25, '', '2015-01-20 01:18:34', 1),
(1687, 1330, 3, 25, '', '2015-01-20 01:22:44', 1),
(1688, 1331, 3, 25, '', '2015-01-20 01:22:46', 1),
(1689, 1331, 1, 24, NULL, '2015-01-20 01:24:57', 1),
(1690, 1329, 1, 24, NULL, '2015-01-20 01:25:50', 1),
(1691, 1330, 1, 24, NULL, '2015-01-20 01:25:56', 1),
(1692, 1332, 3, 25, '', '2015-01-20 01:26:25', 1),
(1693, 1332, 1, 24, NULL, '2015-01-20 01:27:52', 1),
(1694, 1333, 3, 25, '', '2015-01-20 01:29:16', 1),
(1695, 1333, 1, 24, NULL, '2015-01-20 01:31:18', 1),
(1696, 1334, 3, 25, '', '2015-01-20 01:32:30', 1),
(1697, 1334, 1, 24, NULL, '2015-01-20 01:33:44', 1),
(1698, 1335, 3, 25, '', '2015-01-20 01:50:29', 1),
(1699, 1335, 1, 24, NULL, '2015-01-20 01:52:48', 1),
(1707, 1339, 3, 25, '', '2015-01-20 06:01:48', 1),
(1708, 1339, 1, 24, NULL, '2015-01-20 06:13:23', 1),
(1709, 1340, 3, 25, '', '2015-01-20 06:15:39', 1),
(1710, 1340, 1, 24, NULL, '2015-01-20 06:18:01', 1),
(1711, 1341, 3, 25, '', '2015-01-20 06:19:34', 1),
(1712, 1341, 1, 24, NULL, '2015-01-20 06:33:55', 1),
(1713, 1342, 3, 25, '', '2015-01-20 06:43:57', 1),
(1714, 1342, 1, 24, NULL, '2015-01-20 06:45:37', 1),
(1715, 1343, 3, 25, '', '2015-01-20 07:00:56', 1),
(1716, 1344, 3, 25, '', '2015-01-20 07:04:55', 1),
(1717, 1343, 1, 24, NULL, '2015-01-20 07:08:29', 1),
(1718, 1343, 1, 24, NULL, '2015-01-20 07:08:30', 1),
(1719, 1344, 1, 24, NULL, '2015-01-20 07:08:40', 1),
(1720, 1345, 3, 25, '', '2015-01-20 07:10:32', 1),
(1721, 1345, 1, 24, NULL, '2015-01-20 07:13:05', 1),
(1722, 1346, 3, 25, '', '2015-01-20 07:36:22', 1),
(1723, 1346, 1, 24, NULL, '2015-01-20 07:40:06', 1),
(1724, 1347, 3, 25, '', '2015-01-20 07:42:23', 1),
(1725, 1347, 1, 24, NULL, '2015-01-20 07:44:17', 1),
(1726, 1348, 3, 25, '', '2015-01-20 07:49:52', 1),
(1727, 1348, 1, 24, NULL, '2015-01-20 07:52:08', 1),
(1734, 1352, 3, 25, '', '2015-01-20 08:47:51', 1),
(1735, 1352, 1, 24, NULL, '2015-01-20 08:51:00', 1),
(1736, 1352, 1, 24, NULL, '2015-01-20 08:51:17', 1),
(1737, 1353, 3, 25, '', '2015-01-20 08:53:55', 1),
(1738, 1353, 1, 24, NULL, '2015-01-20 08:55:37', 1),
(1739, 1354, 3, 25, '', '2015-01-20 08:58:11', 1),
(1740, 1354, 1, 24, NULL, '2015-01-20 09:00:20', 1),
(1741, 1355, 3, 25, '', '2015-01-20 09:03:06', 1),
(1742, 1355, 1, 24, NULL, '2015-01-20 09:10:57', 1),
(1743, 1356, 3, 25, '', '2015-01-20 09:13:12', 1),
(1744, 1356, 1, 24, NULL, '2015-01-20 09:15:36', 1),
(1745, 1357, 3, 25, '', '2015-01-20 09:20:26', 1),
(1746, 1357, 1, 24, NULL, '2015-01-20 09:22:28', 1),
(1747, 1358, 3, 25, '', '2015-01-20 09:24:36', 1),
(1748, 1358, 1, 24, NULL, '2015-01-20 09:26:45', 1),
(1749, 1359, 3, 25, '', '2015-01-20 09:40:47', 1),
(1750, 1359, 1, 24, NULL, '2015-01-20 09:44:33', 1),
(1751, 1360, 3, 25, '', '2015-01-20 09:48:15', 1),
(1752, 1361, 3, 25, '', '2015-01-20 09:53:16', 1),
(1753, 1362, 3, 25, '', '2015-01-20 09:58:15', 1),
(1754, 1360, 1, 24, NULL, '2015-01-20 10:00:15', 1),
(1755, 1361, 1, 24, NULL, '2015-01-20 10:00:17', 1),
(1756, 1362, 1, 24, NULL, '2015-01-20 10:00:19', 1),
(1757, 1363, 3, 25, '', '2015-01-20 10:02:33', 1),
(1758, 1364, 3, 25, '', '2015-01-20 10:13:39', 1),
(1759, 1365, 3, 25, '', '2015-01-20 10:17:13', 1),
(1760, 1365, 1, 24, NULL, '2015-01-20 10:23:49', 1),
(1761, 1364, 1, 24, NULL, '2015-01-20 10:24:03', 1),
(1762, 1363, 1, 24, NULL, '2015-01-20 10:24:04', 1),
(1763, 1366, 3, 25, '', '2015-01-20 19:20:02', 1),
(1764, 1367, 3, 25, '', '2015-01-20 19:23:11', 1),
(1765, 1368, 3, 25, '', '2015-01-20 19:26:24', 1),
(1766, 1369, 3, 25, '', '2015-01-20 19:30:54', 1),
(1767, 1370, 3, 25, '', '2015-01-20 19:33:51', 1),
(1768, 1371, 3, 25, '', '2015-01-20 19:36:21', 1),
(1769, 1366, 1, 24, NULL, '2015-01-20 19:44:18', 1),
(1770, 1367, 1, 24, NULL, '2015-01-20 19:44:24', 1),
(1771, 1368, 1, 24, NULL, '2015-01-20 19:44:30', 1),
(1772, 1369, 1, 24, NULL, '2015-01-20 19:44:36', 1),
(1773, 1370, 1, 24, NULL, '2015-01-20 19:44:42', 1),
(1774, 1371, 1, 24, NULL, '2015-01-20 19:44:49', 1),
(1775, 1372, 3, 25, '', '2015-01-20 19:45:54', 1),
(1776, 1373, 3, 25, '', '2015-01-20 19:48:35', 1),
(1777, 1374, 3, 25, '', '2015-01-20 19:51:27', 1),
(1778, 1375, 3, 25, '', '2015-01-20 19:54:35', 1),
(1779, 1372, 1, 24, NULL, '2015-01-20 19:56:48', 1),
(1780, 1373, 1, 24, NULL, '2015-01-20 19:56:55', 1),
(1781, 1374, 1, 24, NULL, '2015-01-20 19:57:01', 1),
(1782, 1375, 1, 24, NULL, '2015-01-20 19:57:06', 1),
(1783, 1376, 3, 25, '', '2015-01-20 19:59:41', 1),
(1784, 1377, 3, 25, '', '2015-01-20 20:02:39', 1),
(1785, 1378, 3, 25, '', '2015-01-20 20:06:42', 1),
(1786, 1376, 1, 24, NULL, '2015-01-20 20:09:17', 1),
(1787, 1377, 1, 24, NULL, '2015-01-20 20:09:29', 1),
(1788, 1378, 1, 24, NULL, '2015-01-20 20:09:35', 1),
(1790, 1380, 3, 25, '', '2015-01-20 22:08:09', 1),
(1791, 1381, 3, 25, '', '2015-01-20 22:13:39', 1),
(1792, 1380, 1, 24, NULL, '2015-01-20 22:16:22', 1),
(1793, 1381, 1, 24, NULL, '2015-01-20 22:16:28', 1),
(1794, 1382, 3, 25, '', '2015-01-20 22:20:12', 1),
(1795, 1382, 1, 24, NULL, '2015-01-20 22:34:51', 1),
(1796, 1383, 3, 25, '', '2015-01-20 22:39:25', 1),
(1797, 1384, 3, 25, '', '2015-01-20 22:42:59', 1),
(1798, 1383, 1, 24, NULL, '2015-01-20 22:45:43', 1),
(1799, 1384, 1, 24, NULL, '2015-01-20 22:45:48', 1),
(1800, 1385, 3, 25, '', '2015-01-20 23:32:45', 1),
(1801, 1386, 3, 25, '', '2015-01-20 23:38:18', 1),
(1802, 1385, 1, 24, NULL, '2015-01-20 23:43:16', 1),
(1803, 1386, 1, 24, NULL, '2015-01-20 23:43:21', 1),
(1804, 1387, 3, 25, '', '2015-01-21 01:55:37', 1),
(1805, 1387, 1, 24, NULL, '2015-01-21 01:57:52', 1),
(1806, 1388, 3, 25, '', '2015-01-21 05:58:57', 1),
(1807, 1388, 1, 24, NULL, '2015-01-21 06:01:57', 1),
(1808, 633, 1, 24, NULL, '2015-01-21 06:25:35', 1),
(1813, 1392, 3, 25, '', '2015-01-30 02:42:43', 1250),
(1814, 1393, 3, 25, '', '2015-01-30 02:45:38', 1250),
(1815, 1394, 3, 25, '', '2015-01-30 02:47:53', 1250),
(1816, 1395, 3, 25, '', '2015-01-30 02:51:30', 1250),
(1817, 1395, 1, 24, NULL, '2015-01-30 02:53:49', 1250),
(1818, 1394, 1, 24, NULL, '2015-01-30 02:53:58', 1250),
(1819, 1393, 1, 24, NULL, '2015-01-30 02:54:05', 1250),
(1820, 1392, 1, 24, NULL, '2015-01-30 02:54:13', 1250),
(1821, 1396, 3, 25, '', '2015-01-30 02:56:18', 1250),
(1822, 1397, 3, 25, '', '2015-01-30 03:00:25', 1250),
(1823, 1398, 3, 25, '', '2015-01-30 03:03:18', 1250),
(1824, 1398, 1, 24, NULL, '2015-01-30 03:06:23', 1250),
(1825, 1397, 1, 24, NULL, '2015-01-30 03:06:32', 1250),
(1826, 1396, 1, 24, NULL, '2015-01-30 03:06:41', 1250),
(1827, 1399, 3, 25, '', '2015-01-30 03:08:20', 1250),
(1828, 1399, 1, 24, NULL, '2015-01-30 03:12:11', 1250),
(1829, 262, 2, 20, NULL, '2015-01-30 03:29:21', 1250),
(1830, 1399, 2, 20, NULL, '2015-01-30 03:29:30', 1250),
(1831, 1398, 2, 20, NULL, '2015-01-30 03:29:38', 1250),
(1832, 1399, 1, 24, NULL, '2015-01-30 15:57:21', 1250),
(1833, 1398, 1, 24, NULL, '2015-01-30 15:57:38', 1250),
(1836, 262, 1, 24, NULL, '2015-02-03 18:53:50', 1250),
(1841, 1403, 3, 25, '', '2015-02-05 02:53:00', 1250),
(1843, 1403, 1, 24, NULL, '2015-02-05 02:55:37', 1250),
(1844, 1404, 3, 25, '', '2015-02-05 21:15:35', 1250),
(1845, 1404, 1, 24, NULL, '2015-02-05 21:18:20', 1250),
(1846, 1405, 3, 25, 'Admission in February', '2015-02-05 21:56:54', 1250),
(1847, 1405, 1, 24, NULL, '2015-02-05 21:59:44', 1250),
(1849, 1406, 3, 25, '', '2015-02-07 21:38:34', 1250),
(1850, 1406, 1, 24, NULL, '2015-02-07 21:57:39', 1250),
(1851, 1407, 3, 25, '', '2015-02-08 02:25:27', 1250),
(1852, 1407, 1, 24, NULL, '2015-02-08 02:27:49', 1250),
(1853, 1407, 1, 24, NULL, '2015-02-08 02:27:51', 1250),
(1854, 1408, 3, 25, '', '2015-02-08 02:39:53', 1250),
(1855, 1408, 1, 24, NULL, '2015-02-08 02:41:50', 1250),
(1858, 91, 1, 24, NULL, '2015-02-09 02:33:16', 1250),
(1859, 147, 2, 20, NULL, '2015-02-17 03:42:19', 1250),
(1860, 751, 2, 20, NULL, '2015-02-17 03:42:35', 1250),
(1863, 1076, 2, 20, NULL, '2015-02-17 03:43:21', 1250),
(1864, 264, 2, 20, NULL, '2015-02-17 03:43:34', 1250),
(1865, 420, 2, 20, NULL, '2015-02-17 03:43:47', 1250),
(1866, 591, 2, 20, NULL, '2015-02-17 03:44:00', 1250),
(1867, 852, 2, 20, NULL, '2015-02-17 03:44:15', 1250),
(1868, 1046, 2, 20, NULL, '2015-02-17 03:44:27', 1250),
(1869, 101, 2, 20, NULL, '2015-02-17 03:44:40', 1250),
(1870, 472, 2, 20, NULL, '2015-02-17 03:44:53', 1250),
(1871, 627, 2, 20, NULL, '2015-02-17 03:45:07', 1250),
(1872, 756, 2, 20, NULL, '2015-02-17 03:45:20', 1250),
(1873, 218, 2, 20, NULL, '2015-02-17 03:45:39', 1250),
(1874, 455, 2, 20, NULL, '2015-02-17 03:45:53', 1250),
(1875, 1145, 2, 20, NULL, '2015-02-17 03:46:05', 1250),
(1876, 577, 2, 20, NULL, '2015-02-17 03:46:16', 1250),
(1877, 102, 2, 20, NULL, '2015-02-17 03:46:29', 1250),
(1878, 304, 2, 20, NULL, '2015-02-17 03:46:41', 1250),
(1879, 859, 2, 20, NULL, '2015-02-17 03:46:53', 1250),
(1880, 1000, 2, 20, NULL, '2015-02-17 03:47:05', 1250),
(1881, 598, 2, 20, NULL, '2015-02-17 03:47:19', 1250),
(1882, 306, 2, 20, NULL, '2015-02-17 03:47:36', 1250),
(1883, 339, 2, 20, NULL, '2015-02-17 03:47:49', 1250),
(1884, 581, 2, 20, NULL, '2015-02-17 03:48:01', 1250),
(1885, 42, 2, 20, NULL, '2015-02-17 03:48:16', 1250),
(1886, 156, 2, 20, NULL, '2015-02-17 03:48:29', 1250),
(1887, 1002, 2, 20, NULL, '2015-02-17 03:48:43', 1250),
(1889, 635, 2, 20, NULL, '2015-02-17 03:49:10', 1250),
(1890, 762, 2, 20, NULL, '2015-02-17 03:49:25', 1250),
(1891, 430, 2, 20, NULL, '2015-02-17 03:49:39', 1250),
(1892, 361, 2, 20, NULL, '2015-02-17 03:49:53', 1250),
(1893, 763, 2, 20, NULL, '2015-02-17 03:50:08', 1250),
(1894, 1131, 2, 20, NULL, '2015-02-17 03:50:22', 1250),
(1895, 192, 2, 20, NULL, '2015-02-17 03:50:38', 1250),
(1896, 1133, 2, 20, NULL, '2015-02-17 03:50:51', 1250),
(1897, 586, 2, 20, NULL, '2015-02-17 03:51:04', 1250),
(1898, 313, 2, 20, NULL, '2015-02-17 03:51:18', 1250),
(1899, 314, 2, 20, NULL, '2015-02-17 03:51:31', 1250),
(1901, 643, 2, 20, NULL, '2015-02-17 03:51:57', 1250),
(1905, 248, 2, 20, NULL, '2015-02-17 03:52:54', 1250),
(1906, 524, 2, 20, NULL, '2015-02-17 03:53:07', 1250),
(1907, 526, 2, 20, NULL, '2015-02-17 03:53:20', 1250),
(1908, 320, 2, 20, NULL, '2015-02-17 03:53:34', 1250),
(1909, 24, 2, 20, NULL, '2015-02-17 03:53:48', 1250),
(1910, 324, 2, 20, NULL, '2015-02-17 03:54:05', 1250),
(1911, 988, 2, 20, NULL, '2015-02-17 03:54:19', 1250),
(1912, 905, 2, 20, NULL, '2015-02-17 03:54:33', 1250),
(1913, 328, 2, 20, NULL, '2015-02-17 03:54:49', 1250),
(1915, 1410, 3, 25, '', '2015-02-21 15:25:15', 1250),
(1916, 1411, 3, 25, '', '2015-02-21 15:28:06', 1250),
(1917, 1412, 3, 25, '', '2015-02-21 15:31:26', 1250),
(1918, 1412, 1, 24, NULL, '2015-02-21 15:34:30', 1250),
(1919, 1411, 1, 24, NULL, '2015-02-21 15:34:37', 1250),
(1920, 1410, 1, 24, NULL, '2015-02-21 15:34:44', 1250),
(1921, 1413, 3, 25, 'Admission With January & February Tution Fee', '2015-02-22 19:45:56', 1212),
(1922, 1413, 1, 24, NULL, '2015-02-22 19:50:37', 1212),
(1923, 1414, 3, 25, 'Admission with January & February Fee.', '2015-02-24 18:48:30', 1212),
(1924, 1414, 1, 24, NULL, '2015-02-24 19:11:38', 1212),
(1925, 1415, 3, 25, 'Admission with January & February Fee', '2015-02-24 19:13:48', 1212),
(1926, 1415, 1, 24, NULL, '2015-02-24 19:15:49', 1212),
(1927, 1179, 1, 20, 'This student transfer from Nursery To KG', '2015-03-02 18:43:46', 1212),
(1928, 804, 1, 20, 'This student transfer from Tagar to Kadam', '2015-03-02 18:45:31', 1212),
(1929, 961, 2, 20, 'Student Transfer in the date of 26-02-2015', '2015-03-02 18:50:29', 1212),
(1930, 889, 5, 20, 'Following student get TC in date of 21-2-15', '2015-03-02 18:56:49', 1212),
(1931, 889, 2, 24, 'Following student get TC in date of 21-2-15', '2015-03-02 19:09:21', 1212),
(1932, 1416, 3, 25, 'New Admission', '2015-03-09 14:46:45', 1212),
(1933, 1416, 1, 24, NULL, '2015-03-09 14:55:23', 1212),
(1934, 1416, 2, 20, NULL, '2015-03-09 15:37:03', 1212),
(1935, 1416, 1, 24, NULL, '2015-03-09 17:40:39', 1212),
(1937, 1417, 3, 25, '', '2015-03-12 15:49:30', 1212),
(1938, 1417, 1, 24, NULL, '2015-03-12 16:04:37', 1212),
(1940, 147, 1, 24, NULL, '2015-03-22 01:07:23', 1250),
(1941, 763, 1, 24, NULL, '2015-03-22 14:43:32', 1250),
(1942, 24, 1, 24, NULL, '2015-03-22 15:15:30', 1250),
(1943, 324, 1, 24, NULL, '2015-03-22 16:51:51', 1250),
(1944, 1000, 1, 24, NULL, '2015-03-22 20:56:04', 1250),
(1946, 1044, 2, 20, NULL, '2015-03-23 01:05:13', 1250),
(1947, 146, 2, 20, NULL, '2015-03-23 01:05:38', 1250),
(1948, 442, 2, 20, NULL, '2015-03-23 01:06:12', 1250),
(1949, 1307, 2, 20, NULL, '2015-03-23 01:10:32', 1250),
(1951, 1370, 1, 24, 'Transfer student in Class 2', '2015-03-23 18:46:18', 1250),
(1954, 1307, 1, 24, NULL, '2015-04-02 21:22:45', 1250),
(1956, 1419, 3, 25, '', '2015-04-04 15:29:44', 1212),
(1957, 1419, 1, 24, NULL, '2015-04-04 15:40:41', 1212),
(1958, 1420, 3, 25, '', '2015-04-04 18:33:26', 1212),
(1959, 1420, 1, 24, NULL, '2015-04-04 18:40:57', 1212),
(1960, 1421, 3, 25, 'New Admission', '2015-04-04 18:50:57', 1212),
(1961, 1421, 1, 24, NULL, '2015-04-04 18:54:58', 1212),
(1962, 1422, 3, 25, 'New Admission', '2015-04-06 16:37:09', 1212),
(1963, 1422, 1, 24, NULL, '2015-04-06 16:42:11', 1212),
(1964, 1423, 3, 25, 'New Admission', '2015-04-06 17:08:44', 1212),
(1965, 1423, 1, 24, NULL, '2015-04-06 17:15:46', 1212),
(1966, 1424, 3, 25, 'New Admission', '2015-04-06 17:57:54', 1212),
(1967, 1424, 1, 24, NULL, '2015-04-06 18:04:30', 1212),
(1968, 1425, 3, 25, 'New Admission', '2015-04-07 18:26:10', 1212),
(1969, 1425, 1, 24, NULL, '2015-04-07 18:31:15', 1212),
(1970, 1426, 3, 25, 'New Admission', '2015-04-08 18:30:10', 1212),
(1971, 1426, 1, 24, NULL, '2015-04-08 18:41:53', 1212),
(1972, 1427, 3, 25, 'New Admission', '2015-04-19 15:30:53', 1212),
(1973, 1427, 1, 24, NULL, '2015-04-19 15:35:20', 1212),
(1974, 1428, 3, 25, 'New Admission', '2015-04-20 16:06:26', 1212),
(1975, 1428, 1, 24, NULL, '2015-04-20 16:12:57', 1212),
(1976, 1429, 3, 25, 'New Admission', '2015-04-25 14:32:00', 1212),
(1977, 1429, 1, 24, NULL, '2015-04-25 14:36:37', 1212),
(1978, 1430, 3, 25, 'New Admission', '2015-05-05 15:13:01', 1212),
(1979, 1430, 1, 24, NULL, '2015-05-05 15:18:06', 1212),
(1985, 1432, 3, 25, 'New Admission', '2015-05-12 15:46:34', 1212),
(1986, 1432, 1, 24, NULL, '2015-05-12 16:09:28', 1212),
(1987, 762, 1, 24, NULL, '2015-05-13 17:31:19', 1212),
(1988, 1433, 3, 25, 'New admission', '2015-05-20 17:33:19', 1212),
(1989, 1433, 1, 24, NULL, '2015-05-20 17:36:32', 1212),
(1990, 1403, 1, 24, NULL, '2015-05-26 14:51:53', 1247),
(1992, 1434, 3, 25, '', '2015-06-28 15:28:26', 1250),
(1993, 1435, 3, 25, '', '2015-06-30 22:57:57', 1250),
(1994, 1436, 3, 25, 'New Admission with January-July-2015 tution fee. ', '2015-07-06 17:32:38', 1212),
(1995, 1437, 3, 25, 'New admission', '2015-07-06 17:44:41', 1212),
(1997, 1436, 1, 24, NULL, '2015-07-06 19:15:03', 1250),
(1998, 1436, 3, 25, NULL, '2015-07-06 19:16:00', 1250),
(1999, 1436, 1, 24, NULL, '2015-07-06 19:16:07', 1250),
(2000, 1437, 3, 25, 'New Admission', '2015-07-12 14:42:28', 1212),
(2001, 1437, 1, 24, NULL, '2015-07-12 15:01:52', 1250),
(2004, 1439, 3, 25, 'New Admission', '2015-07-12 19:37:52', 1212),
(2005, 1439, 1, 24, NULL, '2015-07-12 19:42:42', 1212),
(2006, 1440, 3, 25, 'New Admission', '2015-07-26 15:14:01', 1212),
(2007, 1440, 1, 24, NULL, '2015-07-26 15:40:15', 1250),
(2008, 789, 2, 20, NULL, '2015-08-03 13:04:47', 1212),
(2009, 645, 2, 20, NULL, '2015-08-03 13:08:35', 1212),
(2010, 918, 2, 20, NULL, '2015-08-03 13:14:43', 1212),
(2011, 1385, 2, 20, NULL, '2015-08-03 13:19:24', 1212),
(2012, 1310, 2, 20, NULL, '2015-08-03 13:30:33', 1212),
(2013, 632, 2, 20, NULL, '2015-08-03 13:33:34', 1212),
(2014, 1441, 3, 25, 'New admission', '2015-08-03 16:14:05', 1212),
(2015, 1442, 3, 25, 'New Admission', '2015-08-03 16:24:00', 1212),
(2016, 1442, 1, 24, NULL, '2015-08-03 16:36:20', 1250),
(2017, 1442, 1, 24, NULL, '2015-08-03 16:36:26', 1212),
(2018, 1441, 1, 24, NULL, '2015-08-03 16:36:28', 1250),
(2019, 1441, 1, 24, NULL, '2015-08-03 16:36:31', 1212),
(2020, 1443, 3, 25, 'New Admission', '2015-08-06 15:24:24', 1212),
(2021, 1443, 1, 24, NULL, '2015-08-06 15:31:41', 1250),
(2022, 1444, 3, 25, 'New admission', '2015-08-08 14:55:15', 1212),
(2023, 1444, 1, 24, NULL, '2015-08-08 15:04:11', 1250),
(2024, 1445, 3, 25, 'New admission', '2015-08-08 16:47:37', 1212),
(2025, 1445, 1, 24, NULL, '2015-08-08 16:57:52', 1250),
(2026, 1446, 3, 25, 'new admission', '2015-08-10 17:56:36', 1212),
(2027, 1446, 1, 24, NULL, '2015-08-10 18:07:23', 1212),
(2028, 1447, 3, 25, 'New admission', '2015-08-17 13:36:02', 1212);
INSERT INTO `sms_student_status` (`id`, `student_id`, `status_id`, `lookup_id`, `comments`, `created_at`, `created_by`) VALUES
(2029, 1447, 1, 24, NULL, '2015-08-17 14:32:11', 1250),
(2030, 850, 2, 20, NULL, '2015-08-31 18:09:47', 1212),
(2031, 850, 1, 24, NULL, '2015-08-31 18:10:12', 1212),
(2032, 13, 1, 24, NULL, '2015-08-31 18:17:39', 1212),
(2033, 13, 2, 20, NULL, '2015-08-31 18:17:57', 1212),
(2034, 13, 3, 25, NULL, '2015-08-31 18:18:35', 1212),
(2035, 1448, 3, 25, 'New Student', '2015-09-02 09:51:09', 1250),
(2036, 1447, 2, 20, NULL, '2015-09-10 05:08:08', 1250),
(2037, 1446, 3, 25, NULL, '2015-09-10 05:08:22', 1250),
(2038, 988, 1, 24, NULL, '2015-09-17 12:44:11', 1250),
(2039, 1131, 1, 24, NULL, '2015-09-17 12:45:18', 1250),
(2040, 1449, 3, 24, 'New Student', '2015-09-18 09:46:40', 1250),
(2041, 1442, 2, 20, NULL, '2015-12-07 05:05:11', 1250),
(2042, 1442, 1, 24, NULL, '2015-12-07 05:05:24', 1250),
(2043, 1, 3, 24, 'Test', '2015-12-20 08:50:32', 1250),
(2044, 1, 1, 24, NULL, '2015-12-20 09:02:28', 1250);

--
-- Triggers `sms_student_status`
--
DELIMITER $$
CREATE TRIGGER `student_status_ai` AFTER INSERT ON `sms_student_status`
 FOR EACH ROW update sms_student  s set status_id = new.status_id where s.id = new.student_id
$$
DELIMITER ;

-- --------------------------------------------------------

--
-- Table structure for table `sms_student_transfer`
--

CREATE TABLE IF NOT EXISTS `sms_student_transfer` (
  `id` bigint(20) unsigned NOT NULL,
  `student_id` bigint(20) unsigned DEFAULT NULL,
  `reason_id` bigint(20) unsigned DEFAULT NULL,
  `comments` varchar(255) DEFAULT NULL,
  `created_at` timestamp NOT NULL DEFAULT CURRENT_TIMESTAMP ON UPDATE CURRENT_TIMESTAMP,
  `created_by` bigint(20) unsigned DEFAULT NULL
) ENGINE=InnoDB DEFAULT CHARSET=latin1;

-- --------------------------------------------------------

--
-- Table structure for table `sms_student_tuition_fee`
--

CREATE TABLE IF NOT EXISTS `sms_student_tuition_fee` (
  `id` bigint(20) unsigned NOT NULL,
  `tuition_fee_head_id` bigint(20) NOT NULL,
  `student_id` bigint(20) unsigned NOT NULL,
  `ammount` float DEFAULT '0',
  `is_active` tinyint(1) DEFAULT '1',
  `start_date` date DEFAULT NULL,
  `end_date` date DEFAULT NULL,
  `created_at` timestamp NOT NULL DEFAULT CURRENT_TIMESTAMP,
  `created_by` bigint(20) DEFAULT NULL,
  `updated_at` timestamp NULL DEFAULT NULL,
  `udpated_by` bigint(20) DEFAULT NULL
) ENGINE=InnoDB DEFAULT CHARSET=latin1;

-- --------------------------------------------------------

--
-- Table structure for table `sms_student_tuition_fee_payment`
--

CREATE TABLE IF NOT EXISTS `sms_student_tuition_fee_payment` (
  `id` bigint(20) unsigned NOT NULL,
  `student_id` bigint(20) unsigned NOT NULL,
  `ammount` float(7,2) NOT NULL DEFAULT '0.00',
  `payment_class_id` int(11) NOT NULL,
  `payment_section_id` int(11) NOT NULL,
  `month` bigint(20) NOT NULL DEFAULT '0',
  `year` year(4) DEFAULT '2000',
  `pay_status` enum('PAID','CANCELED','IN-PROGRESS','UNPAID','ERROR') DEFAULT 'UNPAID',
  `bank_transection_id` varchar(100) NOT NULL,
  `pay_type` varchar(10) NOT NULL,
  `start_date` date NOT NULL,
  `expire_date` date NOT NULL,
  `payment_date` datetime NOT NULL,
  `payment_generate_type` tinyint(1) NOT NULL,
  `created_at` timestamp NOT NULL DEFAULT CURRENT_TIMESTAMP,
  `created_by` bigint(20) DEFAULT NULL,
  `updated_at` timestamp NULL DEFAULT NULL,
  `udpated_by` bigint(20) DEFAULT NULL
) ENGINE=InnoDB DEFAULT CHARSET=latin1;

-- --------------------------------------------------------

--
-- Table structure for table `sms_student_tuition_fee_payment_details`
--

CREATE TABLE IF NOT EXISTS `sms_student_tuition_fee_payment_details` (
  `id` bigint(20) unsigned NOT NULL,
  `student_tuition_fee_payment_id` bigint(20) unsigned NOT NULL,
  `tuition_fee_head_id` bigint(20) NOT NULL,
  `ammount` float(7,2) DEFAULT '0.00',
  `created_at` timestamp NOT NULL DEFAULT CURRENT_TIMESTAMP,
  `created_by` bigint(20) DEFAULT NULL,
  `updated_at` timestamp NULL DEFAULT NULL,
  `udpated_by` bigint(20) DEFAULT NULL
) ENGINE=InnoDB DEFAULT CHARSET=latin1;

-- --------------------------------------------------------

--
-- Table structure for table `sms_student_tuition_fee_payment_temp`
--

CREATE TABLE IF NOT EXISTS `sms_student_tuition_fee_payment_temp` (
  `id` int(11) NOT NULL,
  `payment_id` int(11) NOT NULL,
  `student_id` int(11) NOT NULL,
  `student_number` varchar(30) NOT NULL,
  `amount` float(7,2) NOT NULL,
  `payment_status` enum('Paid','Canceled','Unpaid') NOT NULL DEFAULT 'Unpaid',
  `transaction_id` varchar(50) NOT NULL,
  `payment_date` varchar(50) NOT NULL,
  `create_date` timestamp NOT NULL DEFAULT CURRENT_TIMESTAMP ON UPDATE CURRENT_TIMESTAMP,
  `request_from` varchar(15) NOT NULL,
  `agent` varchar(15) NOT NULL,
  `remark` varchar(500) NOT NULL
) ENGINE=InnoDB DEFAULT CHARSET=latin1;

-- --------------------------------------------------------

--
-- Table structure for table `sms_student_tution_fee_payment_message`
--

CREATE TABLE IF NOT EXISTS `sms_student_tution_fee_payment_message` (
  `id` int(11) NOT NULL,
  `student_id` bigint(20) NOT NULL,
  `message` varchar(200) NOT NULL,
  `date` datetime NOT NULL,
  `status` enum('SEND','FAILED') NOT NULL,
  `year` int(11) NOT NULL,
  `month` int(11) NOT NULL,
  `mobile_no` varchar(14) NOT NULL,
  `class` int(11) NOT NULL
) ENGINE=InnoDB DEFAULT CHARSET=latin1;

-- --------------------------------------------------------

--
-- Table structure for table `sms_student_type`
--

CREATE TABLE IF NOT EXISTS `sms_student_type` (
  `id` tinyint(3) NOT NULL,
  `title` varchar(50) NOT NULL,
  `description` varchar(200) NOT NULL,
  `status` enum('ACTIVE','INACTIVE') NOT NULL
) ENGINE=InnoDB AUTO_INCREMENT=2 DEFAULT CHARSET=latin1;

--
-- Dumping data for table `sms_student_type`
--

INSERT INTO `sms_student_type` (`id`, `title`, `description`, `status`) VALUES
(1, 'Civil', 'All General student', 'ACTIVE');

-- --------------------------------------------------------

--
-- Table structure for table `sms_student_type_tuition_fee`
--

CREATE TABLE IF NOT EXISTS `sms_student_type_tuition_fee` (
  `id` bigint(20) unsigned NOT NULL,
  `tuition_fee_head_id` bigint(20) NOT NULL,
  `student_type_id` tinyint(3) unsigned DEFAULT NULL,
  `class_id` bigint(20) unsigned DEFAULT NULL,
  `version_id` int(4) NOT NULL,
  `ammount` float(7,2) unsigned DEFAULT '0.00',
  `status` tinyint(1) DEFAULT '1',
  `created_at` timestamp NOT NULL DEFAULT CURRENT_TIMESTAMP,
  `created_by` bigint(20) DEFAULT NULL,
  `updated_at` timestamp NULL DEFAULT NULL,
  `udpated_by` bigint(20) DEFAULT NULL
) ENGINE=InnoDB DEFAULT CHARSET=latin1;

-- --------------------------------------------------------

--
-- Table structure for table `sms_student_type_tuition_fee_trail`
--

CREATE TABLE IF NOT EXISTS `sms_student_type_tuition_fee_trail` (
  `id` bigint(20) unsigned NOT NULL,
  `student_type_tuition_fee_id` bigint(20) NOT NULL,
  `ammount` float DEFAULT NULL,
  `created_at` timestamp NOT NULL DEFAULT CURRENT_TIMESTAMP,
  `created_by` bigint(20) DEFAULT NULL,
  `updated_at` timestamp NULL DEFAULT NULL,
  `udpated_by` bigint(20) DEFAULT NULL
) ENGINE=InnoDB DEFAULT CHARSET=latin1;

--
-- Triggers `sms_student_type_tuition_fee_trail`
--
DELIMITER $$
CREATE TRIGGER `sms_student_type_tuition_fee_trail_ai` AFTER INSERT ON `sms_student_type_tuition_fee_trail`
 FOR EACH ROW UPDATE sms_student_type_tuition_fee SET ammount = new.ammount WHERE id = new.student_type_tuition_fee_id
$$
DELIMITER ;

-- --------------------------------------------------------

--
-- Stand-in structure for view `sms_student_v`
--
CREATE TABLE IF NOT EXISTS `sms_student_v` (
`id` bigint(20) unsigned
,`student_number` varchar(50)
,`personal_details_id` bigint(20) unsigned
,`father_guardian_id` bigint(20) unsigned
,`mother_guardian_id` bigint(20) unsigned
,`local_guardian_id` bigint(20) unsigned
,`is_approve` enum('No','Yes')
,`approve_date` date
,`first_name` varchar(50)
,`last_name` varchar(50)
,`full_name` varchar(101)
,`father_name` varchar(101)
,`mother_name` varchar(101)
,`guardian_name` varchar(101)
,`gender` varchar(6)
,`created_at` timestamp
,`mobile` varchar(20)
,`present_address_id` bigint(20) unsigned
,`permanent_address_id` bigint(20) unsigned
,`photo_id` int(6) unsigned
,`status` varchar(30)
,`file_name` varchar(150)
,`image_size` varchar(12)
,`created_on` varchar(43)
,`updated_on` varchar(43)
,`dob` varchar(43)
,`email` varchar(50)
,`tribe` varchar(3)
,`created_by` varchar(100)
,`updated_by` varchar(100)
,`comments` varchar(255)
,`nationality` varchar(100)
,`religion` varchar(50)
,`caste` varchar(50)
,`student_type` varchar(50)
,`student_type_id` tinyint(3)
,`extra_facility_id` tinyint(2)
,`blood_group` varchar(20)
,`blood_group_id` tinyint(2)
,`blood_group_symbol` varchar(5)
,`class` varchar(100)
,`class_id` tinyint(3) unsigned
,`section_id` smallint(10) unsigned
,`section` varchar(50)
,`version_id` int(2)
,`version` varchar(50)
,`class_roll` int(10) unsigned
);

-- --------------------------------------------------------

--
-- Table structure for table `sms_subject`
--

CREATE TABLE IF NOT EXISTS `sms_subject` (
  `id` bigint(20) unsigned NOT NULL,
  `title` varchar(100) DEFAULT NULL,
  `status` enum('ACTIVE','INACTIVE','PENDING') DEFAULT 'ACTIVE',
  `created_at` timestamp NOT NULL DEFAULT CURRENT_TIMESTAMP,
  `created_by` bigint(20) DEFAULT NULL
) ENGINE=InnoDB AUTO_INCREMENT=7 DEFAULT CHARSET=latin1;

--
-- Dumping data for table `sms_subject`
--

INSERT INTO `sms_subject` (`id`, `title`, `status`, `created_at`, `created_by`) VALUES
(1, 'Bangla', 'ACTIVE', '2014-09-24 08:38:25', 1),
(2, 'English', 'ACTIVE', '2014-09-24 08:38:25', 1),
(3, 'Mathematics', 'ACTIVE', '2014-09-24 08:39:37', 1),
(4, 'Religious', 'ACTIVE', '2014-09-24 08:39:37', 1),
(5, 'Social Science', 'ACTIVE', '2014-09-24 08:41:13', 1),
(6, 'General Knowledge', 'ACTIVE', '2014-09-24 08:41:13', 1);

-- --------------------------------------------------------

--
-- Table structure for table `sms_sylabus`
--

CREATE TABLE IF NOT EXISTS `sms_sylabus` (
  `id` int(10) unsigned NOT NULL,
  `title` varchar(100) DEFAULT NULL,
  `class_id` tinyint(3) unsigned NOT NULL,
  `section_id` smallint(5) unsigned DEFAULT NULL,
  `result_scale_id` bigint(20) unsigned DEFAULT NULL,
  `status` enum('ACTIVE','INACTIVE','PENDING') DEFAULT 'ACTIVE',
  `percent_to_pass` tinyint(3) unsigned DEFAULT NULL,
  `total_course` tinyint(3) unsigned DEFAULT NULL,
  `total_marks` smallint(5) unsigned NOT NULL,
  `description` varchar(200) DEFAULT NULL,
  `created_at` timestamp NOT NULL DEFAULT CURRENT_TIMESTAMP,
  `created_by` bigint(20) DEFAULT NULL
) ENGINE=InnoDB AUTO_INCREMENT=20 DEFAULT CHARSET=latin1;

--
-- Dumping data for table `sms_sylabus`
--

INSERT INTO `sms_sylabus` (`id`, `title`, `class_id`, `section_id`, `result_scale_id`, `status`, `percent_to_pass`, `total_course`, `total_marks`, `description`, `created_at`, `created_by`) VALUES
(8, 'Kg Syllabus', 8, 0, 3, 'ACTIVE', 55, NULL, 500, 'This is exam syllabus for kg all form exam', '2015-09-29 06:40:10', 1250),
(11, 'Class Seven Syllabus', 7, 0, 2, 'ACTIVE', 45, NULL, 1300, 'Class Seven for all forms', '2015-11-16 11:03:17', 1250),
(13, 'Class Five syllabus', 5, 0, 5, 'ACTIVE', 50, NULL, 600, 'Class Five For all forms end Exam', '2015-11-22 09:58:38', 1250),
(14, 'Class Six Sylabus', 9, 0, 4, 'ACTIVE', 45, NULL, 1300, 'This is Class Six Sylabus', '2015-12-08 08:06:30', 1250),
(15, 'Class One Syllabus', 1, 0, 5, 'ACTIVE', 50, NULL, 700, 'This is Class One Syllabus', '2015-12-08 08:21:25', 1250),
(16, 'Class Two Syllabus', 2, 0, 5, 'ACTIVE', 50, NULL, 700, 'This is Class Two Syllabus', '2015-12-08 08:37:49', 1250),
(17, 'Class Three Syllabus', 3, 0, 5, 'ACTIVE', 50, NULL, 700, 'This is Class Three Syllabus', '2015-12-08 08:45:03', 1250),
(18, 'Class Four  Syllabus', 4, 0, 5, 'ACTIVE', 50, NULL, 700, 'This is Class Four  Syllabus', '2015-12-08 08:55:39', 1250),
(19, 'Class Nursery Sylabus', 6, 0, 3, 'ACTIVE', 55, NULL, 600, 'This is Class Nursery Sylabus', '2015-12-08 09:08:59', 1250);

-- --------------------------------------------------------

--
-- Table structure for table `sms_sylabus_course_attribute`
--

CREATE TABLE IF NOT EXISTS `sms_sylabus_course_attribute` (
  `id` bigint(20) unsigned NOT NULL,
  `sylabus_id` bigint(20) unsigned DEFAULT NULL,
  `course_attribute_id` bigint(20) unsigned DEFAULT NULL,
  `params` varchar(100) DEFAULT NULL,
  `execution_order` tinyint(3) unsigned DEFAULT NULL,
  `status` enum('ACTIVE','INACTIVE') DEFAULT 'ACTIVE',
  `created_at` timestamp NOT NULL DEFAULT CURRENT_TIMESTAMP,
  `created_by` bigint(20) unsigned DEFAULT NULL
) ENGINE=InnoDB AUTO_INCREMENT=13 DEFAULT CHARSET=latin1;

--
-- Dumping data for table `sms_sylabus_course_attribute`
--

INSERT INTO `sms_sylabus_course_attribute` (`id`, `sylabus_id`, `course_attribute_id`, `params`, `execution_order`, `status`, `created_at`, `created_by`) VALUES
(1, 7, 1, '', 0, 'ACTIVE', '2015-09-29 06:33:53', 1250),
(2, 8, 1, '', 0, 'ACTIVE', '2015-09-29 06:40:33', 1250),
(3, 9, 1, 'is_pass_to_each_eval', 0, 'ACTIVE', '2015-11-01 09:13:15', 1250),
(4, 11, 1, '', 0, 'ACTIVE', '2015-11-16 11:03:36', 1250),
(5, 12, 1, 'is_pass_to_each_eval', 0, 'ACTIVE', '2015-11-17 12:35:34', 1250),
(6, 13, 1, 'is_pass_to_each_eval', 0, 'ACTIVE', '2015-11-22 09:58:56', 1250),
(7, 14, 1, 'is_pass_to_each_eval', 0, 'ACTIVE', '2015-12-08 08:06:58', 1250),
(8, 15, 1, 'is_pass_to_each_eval', 0, 'ACTIVE', '2015-12-08 08:24:16', 1250),
(9, 16, 1, 'is_pass_to_each_eval', 0, 'ACTIVE', '2015-12-08 08:38:01', 1250),
(10, 17, 1, 'is_pass_to_each_eval', 0, 'ACTIVE', '2015-12-08 08:45:18', 1250),
(11, 18, 1, 'is_pass_to_each_eval', 0, 'ACTIVE', '2015-12-08 08:55:51', 1250),
(12, 19, 1, 'is_pass_to_each_eval', 0, 'ACTIVE', '2015-12-08 09:09:12', 1250);

-- --------------------------------------------------------

--
-- Table structure for table `sms_sylabus_course_type`
--

CREATE TABLE IF NOT EXISTS `sms_sylabus_course_type` (
  `id` bigint(20) unsigned NOT NULL,
  `sylabus_id` bigint(20) unsigned DEFAULT NULL,
  `course_type_id` bigint(20) unsigned DEFAULT NULL,
  `max_course_num` tinyint(3) unsigned DEFAULT NULL,
  `min_course_num` tinyint(3) unsigned DEFAULT NULL,
  `status` enum('ACTIVE','INACTIVE') DEFAULT 'ACTIVE',
  `created_at` timestamp NOT NULL DEFAULT CURRENT_TIMESTAMP,
  `created_by` bigint(20) unsigned DEFAULT NULL
) ENGINE=InnoDB AUTO_INCREMENT=17 DEFAULT CHARSET=latin1;

--
-- Dumping data for table `sms_sylabus_course_type`
--

INSERT INTO `sms_sylabus_course_type` (`id`, `sylabus_id`, `course_type_id`, `max_course_num`, `min_course_num`, `status`, `created_at`, `created_by`) VALUES
(1, 6, 1, NULL, NULL, 'ACTIVE', '2015-09-13 04:39:47', 1250),
(2, 6, 2, NULL, NULL, 'ACTIVE', '2015-09-15 04:17:53', 1250),
(3, 7, 2, NULL, NULL, 'ACTIVE', '2015-09-15 04:21:25', 1250),
(6, 8, 2, NULL, NULL, 'ACTIVE', '2015-09-29 06:40:44', 1250),
(7, 9, 2, NULL, NULL, 'ACTIVE', '2015-11-01 09:13:40', 1250),
(8, 11, 2, NULL, NULL, 'ACTIVE', '2015-11-16 11:03:42', 1250),
(9, 12, 2, NULL, NULL, 'ACTIVE', '2015-11-17 12:35:21', 1250),
(10, 13, 2, NULL, NULL, 'ACTIVE', '2015-11-22 09:59:07', 1250),
(11, 14, 2, NULL, NULL, 'ACTIVE', '2015-12-08 08:06:45', 1250),
(12, 15, 2, NULL, NULL, 'ACTIVE', '2015-12-08 08:25:49', 1250),
(13, 16, 2, NULL, NULL, 'ACTIVE', '2015-12-08 08:38:07', 1250),
(14, 17, 2, NULL, NULL, 'ACTIVE', '2015-12-08 08:45:26', 1250),
(15, 18, 2, NULL, NULL, 'ACTIVE', '2015-12-08 08:55:56', 1250),
(16, 19, 2, NULL, NULL, 'ACTIVE', '2015-12-08 09:09:16', 1250);

-- --------------------------------------------------------

--
-- Table structure for table `sms_sylabus_evaluation_type`
--

CREATE TABLE IF NOT EXISTS `sms_sylabus_evaluation_type` (
  `id` bigint(20) unsigned NOT NULL,
  `sylabus_id` bigint(20) unsigned DEFAULT NULL,
  `evaluation_type_id` bigint(20) unsigned DEFAULT NULL,
  `serial` tinyint(3) unsigned DEFAULT NULL,
  `status` enum('ACTIVE','INACTIVE') DEFAULT 'ACTIVE',
  `created_at` timestamp NOT NULL DEFAULT CURRENT_TIMESTAMP,
  `created_by` bigint(20) unsigned DEFAULT NULL
) ENGINE=InnoDB AUTO_INCREMENT=37 DEFAULT CHARSET=latin1;

--
-- Dumping data for table `sms_sylabus_evaluation_type`
--

INSERT INTO `sms_sylabus_evaluation_type` (`id`, `sylabus_id`, `evaluation_type_id`, `serial`, `status`, `created_at`, `created_by`) VALUES
(1, 7, 1, 1, 'ACTIVE', '2015-09-15 04:23:57', 1250),
(2, 7, 2, 2, 'ACTIVE', '2015-09-15 04:24:04', 1250),
(3, 8, 1, 1, 'ACTIVE', '2015-09-29 06:41:00', 1250),
(4, 9, 1, 1, 'ACTIVE', '2015-11-01 09:13:57', 1250),
(5, 8, 2, 2, 'ACTIVE', '2015-11-01 09:16:00', 1250),
(6, 8, 4, 3, 'ACTIVE', '2015-11-01 09:17:01', 1250),
(7, 9, 2, 2, 'ACTIVE', '2015-11-01 09:18:49', 1250),
(8, 9, 4, 3, 'ACTIVE', '2015-11-01 09:18:57', 1250),
(9, 11, 1, 2, 'ACTIVE', '2015-11-16 11:03:52', 1250),
(10, 11, 4, 1, 'ACTIVE', '2015-11-16 11:04:12', 1250),
(11, 11, 2, 3, 'ACTIVE', '2015-11-16 11:04:28', 1250),
(12, 12, 1, 2, 'ACTIVE', '2015-11-17 12:35:46', 1250),
(13, 12, 2, 1, 'ACTIVE', '2015-11-17 12:35:54', 1250),
(14, 12, 4, 3, 'ACTIVE', '2015-11-17 12:36:13', 1250),
(15, 13, 1, 1, 'ACTIVE', '2015-11-22 10:00:58', 1250),
(16, 13, 2, 2, 'ACTIVE', '2015-11-22 10:01:05', 1250),
(17, 13, 4, 3, 'ACTIVE', '2015-11-22 10:01:13', 1250),
(19, 14, 4, 1, 'ACTIVE', '2015-12-08 08:07:48', 1250),
(20, 14, 1, 2, 'ACTIVE', '2015-12-08 08:07:56', 1250),
(22, 15, 4, 1, 'ACTIVE', '2015-12-08 08:26:00', 1250),
(25, 16, 4, 1, 'ACTIVE', '2015-12-08 08:38:16', 1250),
(26, 16, 1, 2, 'ACTIVE', '2015-12-08 08:38:33', 1250),
(28, 17, 4, 1, 'ACTIVE', '2015-12-08 08:45:43', 1250),
(29, 17, 1, 2, 'ACTIVE', '2015-12-08 08:46:30', 1250),
(31, 18, 4, 1, 'ACTIVE', '2015-12-08 08:56:06', 1250),
(32, 18, 1, 2, 'ACTIVE', '2015-12-08 08:58:13', 1250),
(34, 19, 1, 1, 'ACTIVE', '2015-12-08 09:09:26', 1250),
(35, 15, 1, 2, 'ACTIVE', '2015-12-08 09:23:45', 1250),
(36, 14, 2, 30, 'ACTIVE', '2015-12-08 09:42:32', 1250);

-- --------------------------------------------------------

--
-- Table structure for table `sms_sylabus_exam_type`
--

CREATE TABLE IF NOT EXISTS `sms_sylabus_exam_type` (
  `id` bigint(20) unsigned NOT NULL,
  `sylabus_id` bigint(20) unsigned DEFAULT NULL,
  `exam_type_lookup_id` bigint(20) unsigned DEFAULT NULL,
  `final_percent` tinyint(3) unsigned DEFAULT NULL,
  `status` enum('ACTIVE','INACTIVE') DEFAULT 'ACTIVE',
  `created_at` timestamp NOT NULL DEFAULT CURRENT_TIMESTAMP,
  `created_by` bigint(20) unsigned DEFAULT NULL
) ENGINE=InnoDB AUTO_INCREMENT=8 DEFAULT CHARSET=latin1;

--
-- Dumping data for table `sms_sylabus_exam_type`
--

INSERT INTO `sms_sylabus_exam_type` (`id`, `sylabus_id`, `exam_type_lookup_id`, `final_percent`, `status`, `created_at`, `created_by`) VALUES
(1, 7, 29, 25, 'ACTIVE', '2015-09-15 04:28:00', 1250),
(2, 8, 29, 50, 'ACTIVE', '2015-09-29 06:47:24', 1250),
(4, 9, 29, 50, 'ACTIVE', '2015-11-16 10:50:14', 1250),
(5, 11, 29, 50, 'ACTIVE', '2015-11-16 11:08:13', 1250),
(6, 12, 30, 50, 'ACTIVE', '2015-11-17 12:36:58', 1250),
(7, 13, 29, 50, 'ACTIVE', '2015-11-22 10:20:35', 1250);

-- --------------------------------------------------------

--
-- Table structure for table `sms_sylabus_exam_type_course`
--

CREATE TABLE IF NOT EXISTS `sms_sylabus_exam_type_course` (
  `id` bigint(20) unsigned NOT NULL,
  `sylabus_exam_type_id` bigint(20) unsigned DEFAULT NULL,
  `course_id` bigint(20) unsigned DEFAULT NULL,
  `status` enum('ACTIVE','INACTIVE','PENDING') NOT NULL DEFAULT 'ACTIVE',
  `total_marks` tinyint(3) unsigned DEFAULT NULL,
  `created_at` timestamp NOT NULL DEFAULT CURRENT_TIMESTAMP,
  `created_by` bigint(20) unsigned DEFAULT NULL
) ENGINE=InnoDB AUTO_INCREMENT=30 DEFAULT CHARSET=latin1;

--
-- Dumping data for table `sms_sylabus_exam_type_course`
--

INSERT INTO `sms_sylabus_exam_type_course` (`id`, `sylabus_exam_type_id`, `course_id`, `status`, `total_marks`, `created_at`, `created_by`) VALUES
(1, 3, 12, 'ACTIVE', 50, '2015-11-01 09:41:21', 1250),
(2, 3, 13, 'ACTIVE', 50, '2015-11-01 09:41:22', 1250),
(3, 3, 14, 'ACTIVE', 50, '2015-11-01 09:41:22', 1250),
(4, 3, 15, 'ACTIVE', 50, '2015-11-01 09:41:22', 1250),
(5, 3, 16, 'ACTIVE', 50, '2015-11-01 09:41:22', 1250),
(6, 3, 17, 'ACTIVE', 50, '2015-11-01 09:41:22', 1250),
(7, 3, 18, 'ACTIVE', 50, '2015-11-01 09:41:22', 1250),
(8, 3, 19, 'ACTIVE', 40, '2015-11-01 09:41:22', 1250),
(9, 3, 20, 'ACTIVE', 50, '2015-11-01 09:41:22', 1250),
(10, 3, 21, 'ACTIVE', 25, '2015-11-01 09:41:22', 1250),
(11, 4, 22, 'ACTIVE', 100, '2015-11-16 10:50:59', 1250),
(12, 4, 23, 'ACTIVE', 100, '2015-11-16 10:50:59', 1250),
(13, 4, 24, 'ACTIVE', 100, '2015-11-16 10:50:59', 1250),
(14, 4, 25, 'ACTIVE', 100, '2015-11-16 10:50:59', 1250),
(15, 5, 26, 'ACTIVE', 100, '2015-11-16 11:08:44', 1250),
(16, 5, 27, 'ACTIVE', 100, '2015-11-16 11:08:44', 1250),
(17, 5, 28, 'ACTIVE', 100, '2015-11-16 11:08:44', 1250),
(18, 5, 29, 'ACTIVE', 100, '2015-11-16 11:08:44', 1250),
(19, 5, 30, 'ACTIVE', 100, '2015-11-17 10:36:45', 1250),
(20, 5, 31, 'ACTIVE', 100, '2015-11-17 10:36:45', 1250),
(21, 5, 32, 'ACTIVE', 100, '2015-11-17 10:36:45', 1250),
(22, 5, 33, 'ACTIVE', 100, '2015-11-17 10:36:45', 1250),
(23, 5, 34, 'ACTIVE', 100, '2015-11-17 10:36:45', 1250),
(24, 5, 35, 'ACTIVE', 100, '2015-11-17 10:36:45', 1250),
(25, 5, 36, 'ACTIVE', 100, '2015-11-17 10:36:45', 1250),
(26, 5, 37, 'ACTIVE', 100, '2015-11-17 10:36:45', 1250),
(27, 5, 38, 'ACTIVE', 100, '2015-11-17 10:36:45', 1250),
(28, 5, 39, 'ACTIVE', 100, '2015-11-17 10:36:45', 1250),
(29, 6, 40, 'ACTIVE', 100, '2015-11-17 12:37:15', 1250);

-- --------------------------------------------------------

--
-- Table structure for table `sms_sylabus_exam_type_course_evaluation`
--

CREATE TABLE IF NOT EXISTS `sms_sylabus_exam_type_course_evaluation` (
  `id` bigint(20) unsigned NOT NULL,
  `sylabus_exam_type_course_id` bigint(20) unsigned DEFAULT NULL,
  `sylabus_evaluation_type_id` bigint(20) unsigned DEFAULT NULL,
  `value` varchar(50) DEFAULT NULL,
  `created_at` timestamp NOT NULL DEFAULT CURRENT_TIMESTAMP,
  `created_by` bigint(20) unsigned DEFAULT NULL
) ENGINE=InnoDB AUTO_INCREMENT=88 DEFAULT CHARSET=latin1;

--
-- Dumping data for table `sms_sylabus_exam_type_course_evaluation`
--

INSERT INTO `sms_sylabus_exam_type_course_evaluation` (`id`, `sylabus_exam_type_course_id`, `sylabus_evaluation_type_id`, `value`, `created_at`, `created_by`) VALUES
(1, 1, 4, '30', '2015-11-01 09:41:22', 1250),
(2, 1, 7, '15', '2015-11-01 09:41:22', 1250),
(3, 1, 8, '5', '2015-11-01 09:41:22', 1250),
(4, 2, 4, '30', '2015-11-01 09:41:22', 1250),
(5, 2, 7, '15', '2015-11-01 09:41:22', 1250),
(6, 2, 8, '5', '2015-11-01 09:41:22', 1250),
(7, 3, 4, '30', '2015-11-01 09:41:22', 1250),
(8, 3, 7, '15', '2015-11-01 09:41:22', 1250),
(9, 3, 8, '5', '2015-11-01 09:41:22', 1250),
(10, 4, 4, '30', '2015-11-01 09:41:22', 1250),
(11, 4, 7, '15', '2015-11-01 09:41:22', 1250),
(12, 4, 8, '5', '2015-11-01 09:41:22', 1250),
(13, 5, 4, '30', '2015-11-01 09:41:22', 1250),
(14, 5, 7, '15', '2015-11-01 09:41:22', 1250),
(15, 5, 8, '5', '2015-11-01 09:41:22', 1250),
(16, 6, 4, '30', '2015-11-01 09:41:22', 1250),
(17, 6, 7, '15', '2015-11-01 09:41:22', 1250),
(18, 6, 8, '5', '2015-11-01 09:41:22', 1250),
(19, 7, 4, '30', '2015-11-01 09:41:22', 1250),
(20, 7, 7, '15', '2015-11-01 09:41:22', 1250),
(21, 7, 8, '5', '2015-11-01 09:41:22', 1250),
(22, 8, 4, '30', '2015-11-01 09:41:22', 1250),
(23, 8, 7, '5', '2015-11-01 09:41:22', 1250),
(24, 8, 8, '5', '2015-11-01 09:41:22', 1250),
(25, 9, 4, '30', '2015-11-01 09:41:22', 1250),
(26, 9, 7, '15', '2015-11-01 09:41:22', 1250),
(27, 9, 8, '5', '2015-11-01 09:41:22', 1250),
(28, 10, 4, '15', '2015-11-01 09:41:22', 1250),
(29, 10, 7, '5', '2015-11-01 09:41:22', 1250),
(30, 10, 8, '5', '2015-11-01 09:41:22', 1250),
(31, 11, 4, '50', '2015-11-16 10:50:59', 1250),
(32, 11, 7, '30', '2015-11-16 10:50:59', 1250),
(33, 11, 8, '20', '2015-11-16 10:50:59', 1250),
(34, 12, 4, '50', '2015-11-16 10:50:59', 1250),
(35, 12, 7, '30', '2015-11-16 10:50:59', 1250),
(36, 12, 8, '20', '2015-11-16 10:50:59', 1250),
(37, 13, 4, '50', '2015-11-16 10:50:59', 1250),
(38, 13, 7, '30', '2015-11-16 10:50:59', 1250),
(39, 13, 8, '20', '2015-11-16 10:50:59', 1250),
(40, 14, 4, '50', '2015-11-16 10:50:59', 1250),
(41, 14, 7, '30', '2015-11-16 10:50:59', 1250),
(42, 14, 8, '20', '2015-11-16 10:50:59', 1250),
(43, 15, 10, '20', '2015-11-16 11:08:44', 1250),
(44, 15, 9, '50', '2015-11-16 11:08:44', 1250),
(45, 15, 11, '30', '2015-11-16 11:08:44', 1250),
(46, 16, 10, '20', '2015-11-16 11:08:44', 1250),
(47, 16, 9, '50', '2015-11-16 11:08:44', 1250),
(48, 16, 11, '30', '2015-11-16 11:08:44', 1250),
(49, 17, 10, '20', '2015-11-16 11:08:44', 1250),
(50, 17, 9, '50', '2015-11-16 11:08:44', 1250),
(51, 17, 11, '30', '2015-11-16 11:08:44', 1250),
(52, 18, 10, '20', '2015-11-16 11:08:44', 1250),
(53, 18, 9, '50', '2015-11-16 11:08:44', 1250),
(54, 18, 11, '30', '2015-11-16 11:08:44', 1250),
(55, 19, 10, '20', '2015-11-17 10:36:45', 1250),
(56, 19, 9, '50', '2015-11-17 10:36:45', 1250),
(57, 19, 11, '30', '2015-11-17 10:36:45', 1250),
(58, 20, 10, '20', '2015-11-17 10:36:45', 1250),
(59, 20, 9, '50', '2015-11-17 10:36:45', 1250),
(60, 20, 11, '30', '2015-11-17 10:36:45', 1250),
(61, 21, 10, '20', '2015-11-17 10:36:45', 1250),
(62, 21, 9, '50', '2015-11-17 10:36:45', 1250),
(63, 21, 11, '30', '2015-11-17 10:36:45', 1250),
(64, 22, 10, '20', '2015-11-17 10:36:45', 1250),
(65, 22, 9, '50', '2015-11-17 10:36:45', 1250),
(66, 22, 11, '30', '2015-11-17 10:36:45', 1250),
(67, 23, 10, '20', '2015-11-17 10:36:45', 1250),
(68, 23, 9, '50', '2015-11-17 10:36:45', 1250),
(69, 23, 11, '30', '2015-11-17 10:36:45', 1250),
(70, 24, 10, '20', '2015-11-17 10:36:45', 1250),
(71, 24, 9, '50', '2015-11-17 10:36:45', 1250),
(72, 24, 11, '30', '2015-11-17 10:36:45', 1250),
(73, 25, 10, '20', '2015-11-17 10:36:45', 1250),
(74, 25, 9, '50', '2015-11-17 10:36:45', 1250),
(75, 25, 11, '30', '2015-11-17 10:36:45', 1250),
(76, 26, 10, '20', '2015-11-17 10:36:45', 1250),
(77, 26, 9, '50', '2015-11-17 10:36:45', 1250),
(78, 26, 11, '30', '2015-11-17 10:36:45', 1250),
(79, 27, 10, '20', '2015-11-17 10:36:45', 1250),
(80, 27, 9, '50', '2015-11-17 10:36:45', 1250),
(81, 27, 11, '30', '2015-11-17 10:36:45', 1250),
(82, 28, 10, '20', '2015-11-17 10:36:45', 1250),
(83, 28, 9, '50', '2015-11-17 10:36:45', 1250),
(84, 28, 11, '30', '2015-11-17 10:36:45', 1250),
(85, 29, 13, '30', '2015-11-17 12:37:15', 1250),
(86, 29, 12, '50', '2015-11-17 12:37:15', 1250),
(87, 29, 14, '20', '2015-11-17 12:37:15', 1250);

-- --------------------------------------------------------

--
-- Table structure for table `sms_teacher`
--

CREATE TABLE IF NOT EXISTS `sms_teacher` (
  `id` int(10) unsigned NOT NULL,
  `name` varchar(100) DEFAULT NULL,
  `designation_id` int(5) NOT NULL,
  `username` varchar(30) NOT NULL,
  `passwd` varchar(50) NOT NULL,
  `dob` date NOT NULL,
  `gender` enum('MALE','FEMALE') NOT NULL,
  `blood_group_id` tinyint(2) NOT NULL,
  `religion_id` tinyint(3) NOT NULL,
  `address` varchar(255) DEFAULT NULL,
  `mobile_no` varchar(22) DEFAULT NULL,
  `email` varchar(100) DEFAULT NULL,
  `status` enum('ACTIVE','INACTIVE','PENDING') NOT NULL DEFAULT 'INACTIVE',
  `photo` varchar(100) NOT NULL,
  `relevant_subject_id` tinyint(3) NOT NULL,
  `created_at` datetime DEFAULT NULL,
  `updated_at` timestamp NOT NULL DEFAULT CURRENT_TIMESTAMP ON UPDATE CURRENT_TIMESTAMP,
  `created_by` int(11) DEFAULT NULL,
  `updated_by` int(11) DEFAULT NULL,
  `order` int(11) NOT NULL,
  `edulabel` varchar(100) NOT NULL
) ENGINE=InnoDB AUTO_INCREMENT=3 DEFAULT CHARSET=latin1;

--
-- Dumping data for table `sms_teacher`
--

INSERT INTO `sms_teacher` (`id`, `name`, `designation_id`, `username`, `passwd`, `dob`, `gender`, `blood_group_id`, `religion_id`, `address`, `mobile_no`, `email`, `status`, `photo`, `relevant_subject_id`, `created_at`, `updated_at`, `created_by`, `updated_by`, `order`, `edulabel`) VALUES
(1, 'Md.Meherul Islam', 2, 'meher', '123456', '1988-12-31', 'MALE', 7, 1, 'Badda,Dhaka', '01754954954', 'meherulbds@gmail.com', 'ACTIVE', '3360137_3880065.jpg', 69, '2015-12-20 14:48:50', '2016-01-20 06:14:25', 1250, NULL, 1, 'Msc'),
(2, 'Mukta Roy', 19, '', '', '2016-02-01', 'FEMALE', 1, 2, 'Dhaka', '01723073212', 'major_roy@gmail.co', 'INACTIVE', '1707519_7260284.jpg', 0, '2016-02-24 11:57:45', '2016-02-24 12:33:42', 1250, NULL, 1, 'Bsc');

-- --------------------------------------------------------

--
-- Table structure for table `sms_teacher_message_sent_list`
--

CREATE TABLE IF NOT EXISTS `sms_teacher_message_sent_list` (
  `id` int(11) NOT NULL,
  `teacher_id` int(11) NOT NULL,
  `message_id` int(11) NOT NULL,
  `status` tinyint(1) NOT NULL,
  `created_at` datetime NOT NULL
) ENGINE=InnoDB DEFAULT CHARSET=latin1;

-- --------------------------------------------------------

--
-- Table structure for table `sms_thana`
--

CREATE TABLE IF NOT EXISTS `sms_thana` (
  `id` smallint(5) unsigned NOT NULL,
  `name` varchar(100) DEFAULT NULL,
  `district_id` tinyint(3) unsigned DEFAULT NULL
) ENGINE=InnoDB AUTO_INCREMENT=512 DEFAULT CHARSET=latin1;

--
-- Dumping data for table `sms_thana`
--

INSERT INTO `sms_thana` (`id`, `name`, `district_id`) VALUES
(1, 'Demra', 1),
(2, 'Dhaka GPO', 1),
(3, 'Dhaka Main PO', 1),
(4, 'Dhaka Sadar', 1),
(5, 'Dhamrai', 1),
(6, 'Joypara', 1),
(7, 'Keraniganj', 1),
(8, 'Nawabganj', 1),
(9, 'Savar', 1),
(10, 'Araihazar', 2),
(11, 'Baidder Bazar', 2),
(12, 'Bandar', 2),
(13, 'Fatullah', 2),
(14, 'Narayanganj Sadar', 2),
(15, 'Rupganj', 2),
(16, 'Siddirganj', 2),
(17, 'Gajaria', 3),
(18, 'Lohajong', 3),
(19, 'Muktahachha', 3),
(20, 'Munshiganj Sadar', 3),
(21, 'Sirajdikhan', 3),
(22, 'Srinagar', 3),
(23, 'Tangibari', 3),
(24, 'Belabo', 4),
(25, 'Monohordi', 4),
(26, 'Narshingdi Sadar', 4),
(27, 'Palash', 4),
(28, 'Raypura', 4),
(29, 'Shibpur', 4),
(30, 'Gazipur Sadar', 5),
(31, 'Kaliakaar', 5),
(32, 'Kaliganj', 5),
(33, 'Kapashia', 5),
(34, 'kapasia', 5),
(35, 'Monnunagar', 5),
(36, 'Shipur', 5),
(37, 'Sripur', 5),
(38, 'Doulatpur', 6),
(39, 'Gheor', 6),
(40, 'Lechhraganj', 6),
(41, 'Manikganj Sadar', 6),
(42, 'Saturia', 6),
(43, 'Shibloya', 6),
(44, 'Singari', 6),
(45, 'Basail', 7),
(46, 'Bhuapur', 7),
(47, 'Delduar', 7),
(48, 'Ghatail', 7),
(49, 'Gopalpur', 7),
(50, 'Kalihati', 7),
(51, 'Kashkaolia', 7),
(52, 'Khas Kowlia', 7),
(53, 'Madhupur', 7),
(54, 'Mirzapur', 7),
(55, 'Nagarpur', 7),
(56, 'Sakhipur', 7),
(57, 'Tangail Sadar', 7),
(58, 'Dewangonj', 8),
(59, 'Islampur', 8),
(60, 'Jamalpur', 8),
(61, 'Malandah', 8),
(62, 'Mathargonj', 8),
(63, 'Shorishabari', 8),
(64, 'Bakshigonj', 9),
(65, 'Jhinaigati', 9),
(66, 'Nakla', 9),
(67, 'Nalitabari', 9),
(68, 'Sherpur Shadar', 9),
(69, 'Shribardi', 9),
(70, 'Bhaluka', 10),
(71, 'Fulbaria', 10),
(72, 'Gaforgaon', 10),
(73, 'Gouripur', 10),
(74, 'Haluaghat', 10),
(75, 'Isshwargonj', 10),
(76, 'Muktagachha', 10),
(77, 'Mymensingh Sadar', 10),
(78, 'Nandail', 10),
(79, 'Phulpur', 10),
(80, 'Trishal', 10),
(81, 'Bajitpur', 11),
(82, 'Bhairob', 11),
(83, 'Hossenpur', 11),
(84, 'Itna', 11),
(85, 'Karimganj', 11),
(86, 'Katiadi', 11),
(87, 'Kishoreganj Sadar', 11),
(88, 'Kuliarchar', 11),
(89, 'Mithamoin', 11),
(90, 'Nikli', 11),
(91, 'Ostagram', 11),
(92, 'Pakundia', 11),
(93, 'Tarial', 11),
(94, ' Susung Durgapur', 12),
(95, 'Atpara', 12),
(96, 'Barhatta', 12),
(97, 'Dharmapasha', 12),
(98, 'Dhobaura', 12),
(99, 'Kalmakanda', 12),
(100, 'Kendua', 12),
(101, 'Khaliajuri', 12),
(102, 'Madan', 12),
(103, 'Moddhynagar', 12),
(104, 'Mohanganj', 12),
(105, 'Netrakona Sadar', 12),
(106, 'Purbadhola', 12),
(107, 'Bishamsarpur', 13),
(108, 'Chhatak', 13),
(109, 'Dhirai Chandpur', 13),
(110, 'Duara bazar', 13),
(111, 'Ghungiar', 13),
(112, 'Jagnnathpur', 13),
(113, 'Sachna', 13),
(114, 'Sunamganj Sadar', 13),
(115, 'Tahirpur', 13),
(116, 'Balaganj', 14),
(117, 'Bianibazar', 14),
(118, 'Bishwanath', 14),
(119, 'Fenchuganj', 14),
(120, 'Goainhat', 14),
(121, 'Gopalganj', 14),
(122, 'Jaflong', 14),
(123, 'Jaintapur', 14),
(124, 'Jakiganj', 14),
(125, 'Kanaighat', 14),
(126, 'Kompanyganj', 14),
(127, 'Sylhet Sadar', 14),
(128, 'Baralekha', 15),
(129, 'Kamalganj', 15),
(130, 'Kulaura', 15),
(131, 'Moulvibazar Sadar', 15),
(132, 'Rajnagar', 15),
(133, 'Srimangal', 15),
(134, 'Azmireeganj', 16),
(135, 'Bahubal', 16),
(136, 'Baniachang', 16),
(137, 'Chunarughat', 16),
(138, 'Hobiganj Sadar', 16),
(139, 'Kalauk', 16),
(140, 'Madhabpur', 16),
(141, 'Nabiganj', 16),
(142, 'Akhaura', 17),
(143, 'Banchharampur', 17),
(144, 'Brahamanbaria Sadar', 17),
(145, 'Kasba', 17),
(146, 'Nabinagar', 17),
(147, 'Nasirnagar', 17),
(148, 'Sarail', 17),
(149, 'Barura', 18),
(150, 'Brahmanpara', 18),
(151, 'Burichang', 18),
(152, 'Chandina', 18),
(153, 'Chouddagram', 18),
(154, 'Comilla Sadar', 18),
(155, 'Daudkandi', 18),
(156, 'Davidhar', 18),
(157, 'Homna', 18),
(158, 'Laksam', 18),
(159, 'Langalkot', 18),
(160, 'Muradnagar', 18),
(161, 'Chandpur Sadar', 19),
(162, 'Faridganj', 19),
(163, 'Hajiganj', 19),
(164, 'Hayemchar', 19),
(165, 'Kachua', 19),
(166, 'Matlobganj', 19),
(167, 'Shahrasti', 19),
(168, 'Char Alexgander', 20),
(169, 'Lakshimpur Sadar', 20),
(170, 'Ramganj', 20),
(171, 'Raypur', 20),
(172, 'Basurhat', 21),
(173, 'Begumganj', 21),
(174, 'Chatkhil', 21),
(175, 'Hatiya', 21),
(176, 'Noakhali Sadar', 21),
(177, 'Senbag', 21),
(178, 'Chhagalnaia', 22),
(179, 'Dagonbhuia', 22),
(180, 'Feni Sadar', 22),
(181, 'Pashurampur', 22),
(182, 'Sonagazi', 22),
(183, 'Anawara', 23),
(184, 'Boalkhali', 23),
(185, 'Chittagong Sadar', 23),
(186, 'East Joara', 23),
(187, 'Fatikchhari', 23),
(188, 'Hathazari', 23),
(189, 'Jaldi', 23),
(190, 'Lohagara', 23),
(191, 'Mirsharai', 23),
(192, 'Patia Head Office', 23),
(193, 'Rangunia', 23),
(194, 'Rouzan', 23),
(195, 'Sandwip', 23),
(196, 'Satkania', 23),
(197, 'Sitakunda', 23),
(198, 'Diginala', 24),
(199, 'Khagrachari Sadar', 24),
(200, 'Laxmichhari', 24),
(201, 'Mahalchhari', 24),
(202, 'Manikchhari', 24),
(203, 'Matiranga', 24),
(204, 'Panchhari', 24),
(205, 'Ramghar Head Office', 24),
(206, 'Barakal', 25),
(207, 'Bilaichhari', 25),
(208, 'Jarachhari', 25),
(209, 'Kalampati', 25),
(210, 'kaptai', 25),
(211, 'Longachh', 25),
(212, 'Marishya', 25),
(213, 'Naniachhar', 25),
(214, 'Rajsthali', 25),
(215, 'Rangamati Sadar', 25),
(216, 'Alikadam', 26),
(217, 'Bandarban Sadar', 26),
(218, 'Naikhong', 26),
(219, 'Roanchhari', 26),
(220, 'Ruma', 26),
(221, 'Thanchi', 26),
(222, 'Chiringga', 27),
(223, 'Coxs Bazar Sadar', 27),
(224, 'Gorakghat', 27),
(225, 'Kutubdia', 27),
(226, 'Ramu', 27),
(227, 'Teknaf', 27),
(228, 'Ukhia', 27),
(229, 'Boda', 28),
(230, 'Chotto Dab', 28),
(231, 'Dabiganj', 28),
(232, 'Panchagra Sadar', 28),
(233, 'Tetulia', 28),
(234, 'Baliadangi', 29),
(235, 'Jibanpur', 29),
(236, 'Pirganj', 29),
(237, 'Rani Sankail', 29),
(238, 'Thakurgaon Sadar', 29),
(239, 'Bangla Hili', 30),
(240, 'Biral', 30),
(241, 'Birampur', 30),
(242, 'Birganj', 30),
(243, 'Chrirbandar', 30),
(244, 'Dinajpur Sadar', 30),
(245, 'Khansama', 30),
(246, 'Maharajganj', 30),
(247, 'Nababganj', 30),
(248, 'Osmanpur', 30),
(249, 'Parbatipur', 30),
(250, 'Phulbari', 30),
(251, 'Setabganj', 30),
(252, 'Dimla', 31),
(253, 'Domar', 31),
(254, 'Jaldhaka', 31),
(255, 'Kishoriganj', 31),
(256, 'Nilphamari Sadar', 31),
(257, 'Nilphamari Sugar Mil', 31),
(258, 'Syedpur', 31),
(259, 'Badarganj', 32),
(260, 'Gangachara', 32),
(261, 'Kaunia', 32),
(262, 'Mithapukur', 32),
(263, 'Pirgachha', 32),
(264, 'Rangpur Sadar', 32),
(265, 'Taraganj', 32),
(266, 'Aditmari', 33),
(267, 'Hatibandha', 33),
(268, 'Kulaghat', 33),
(269, 'Lalmonirhat Sadar', 33),
(270, 'Patgram', 33),
(271, 'Tushbhandar', 33),
(272, 'Bhurungamari', 34),
(273, 'Chilmari', 34),
(274, 'Kurigram Sadar', 34),
(275, 'Nagashwar', 34),
(276, 'Nageshwar', 34),
(277, 'Rajarhat', 34),
(278, 'Rajibpur', 34),
(279, 'Roumari', 34),
(280, 'Ulipur', 34),
(281, 'Bonarpara', 35),
(282, 'Gaibandha Sadar', 35),
(283, 'Gobindaganj', 35),
(284, 'Palashbari', 35),
(285, 'Phulchhari', 35),
(286, 'Saadullapur', 35),
(287, 'Sundarganj', 35),
(288, 'Alamdighi', 36),
(289, 'Bogra Sadar', 36),
(290, 'Bogura Sadar', 36),
(291, 'Dhunat', 36),
(292, 'Dupchachia', 36),
(293, 'Gabtoli', 36),
(294, 'Kahalu', 36),
(295, 'Majhira', 36),
(296, 'Nandigram', 36),
(297, 'Sariakandi', 36),
(298, 'Sherpur', 36),
(299, 'Shibganj', 36),
(300, 'Sonatola', 36),
(301, 'Akkelpur', 37),
(302, 'Joypurhat Sadar', 37),
(303, 'kalai', 37),
(304, 'Khetlal', 37),
(305, 'panchbibi', 37),
(306, 'Bagha', 38),
(307, 'Bhabaniganj', 38),
(308, 'Charghat', 38),
(309, 'Durgapur', 38),
(311, 'Godagari', 38),
(312, 'Mohanpur', 38),
(313, 'Lalitganj', 38),
(314, 'Putia', 38),
(315, 'Rajshahi Sadar', 38),
(317, 'Tanore', 38),
(318, 'Bholahat', 39),
(319, 'Chapinawabganj Sadar', 39),
(320, 'Nachol', 39),
(321, 'Rohanpur', 39),
(322, 'Shibganj U.P.O', 39),
(323, 'Gopalpur UPO', 40),
(324, 'Harua', 40),
(325, 'Gurudaspur', 40),
(326, 'Laxman', 40),
(327, 'Natore Sadar', 40),
(328, 'Singra', 40),
(329, 'Ahsanganj', 41),
(330, 'Badalgachhi', 41),
(331, 'Dhamuirhat', 41),
(332, 'Dhamurhat', 41),
(333, 'Mahadebpur', 41),
(334, 'Naogaon Sadar', 41),
(335, 'Niamatpur', 41),
(336, 'Nitpur', 41),
(337, 'Patnitala', 41),
(338, 'Prasadpur', 41),
(339, 'Raninagar', 41),
(340, 'Sapahar', 41),
(341, 'Banwarinagar', 42),
(342, 'Bera', 42),
(343, 'Bhangura', 42),
(344, 'Chatmohar', 42),
(345, 'Debottar', 42),
(346, 'Ishwardi', 42),
(347, 'Pabna Sadar', 42),
(348, 'Sathia', 42),
(349, 'Sujanagar', 42),
(350, 'Baiddya Jam Toil', 43),
(351, 'Belkuchi', 43),
(352, 'Dhangora', 43),
(353, 'Kazipur', 43),
(354, 'Shahjadpur', 43),
(355, 'Sirajganj Sadar', 43),
(356, 'Tarash', 43),
(357, 'Ullapara', 43),
(358, 'Bheramara', 44),
(359, 'Janipur', 44),
(360, 'Kumarkhali', 44),
(361, 'Kustia Sadar', 44),
(362, 'Mirpur', 44),
(363, 'Rafayetpur', 44),
(364, 'Gangni', 45),
(365, 'Meherpur Sadar', 45),
(366, 'Alamdanga', 46),
(367, 'Chuadanga Sadar', 46),
(368, 'Damurhuda', 46),
(369, 'Doulatganj', 46),
(370, 'Harinakundu', 47),
(371, 'Jinaidaha Sadar', 47),
(372, 'Kotchandpur', 47),
(373, 'Maheshpur', 47),
(374, 'Mahespur', 47),
(375, 'Naldanga', 47),
(376, 'Shailakupa', 47),
(377, 'Bagharpara', 48),
(378, 'Chaugachha', 48),
(379, 'Chougachha', 48),
(380, 'Jessore Sadar', 48),
(381, 'Jhikargachha', 48),
(382, 'Keshabpur', 48),
(383, 'Keshobpur', 48),
(384, 'Monirampur', 48),
(385, 'Noapara', 48),
(386, 'Sarsa', 48),
(387, 'Kalia', 49),
(388, 'Laxmipasha', 49),
(389, 'Mohajan', 49),
(390, 'Narail Sadar', 49),
(391, 'Arpara', 50),
(392, 'Magura Sadar', 50),
(393, 'Mohammadpur', 50),
(394, 'Shripur', 50),
(395, 'Baliakandi', 51),
(396, 'Pangsha', 51),
(397, 'Rajbari Sadar', 51),
(398, 'Alfadanga', 52),
(399, 'Bhanga', 52),
(400, 'Boalmari', 52),
(401, 'Charbhadrasan', 52),
(402, 'Faridpur Sadar', 52),
(403, 'Madukhali', 52),
(404, 'Nagarkanda', 52),
(405, 'Sadarpur', 52),
(406, 'Shriangan', 52),
(407, 'Barhamganj', 53),
(408, 'kalkini', 53),
(409, 'Madaripur Sadar', 53),
(410, 'Rajoir', 53),
(411, 'Bhedorganj', 54),
(412, 'Damudhya', 54),
(413, 'Gosairhat', 54),
(414, 'Jajira', 54),
(415, 'Naria', 54),
(416, 'Shariatpur Sadar', 54),
(417, 'Gopalganj Sadar', 55),
(418, 'Kashiani', 55),
(419, 'Kotalipara', 55),
(420, 'Maksudpur', 55),
(421, 'Tungipara', 55),
(422, 'Agailzhara', 56),
(423, 'Babuganj', 56),
(424, 'Barajalia', 56),
(425, 'Barishal Sadar', 56),
(426, 'Gouranadi', 56),
(427, 'Mahendiganj', 56),
(428, 'Muladi', 56),
(429, 'Sahebganj', 56),
(430, 'Uzirpur', 56),
(431, 'Bhola Sadar', 57),
(432, 'Borhanuddin UPO', 57),
(433, 'Charfashion', 57),
(434, 'Doulatkhan', 57),
(435, 'Hajirhat', 57),
(436, 'Hatshoshiganj', 57),
(437, 'Lalmohan UPO', 57),
(438, 'Jhalokathi Sadar', 58),
(439, 'Kathalia', 58),
(440, 'Nalchhiti', 58),
(441, 'Rajapur', 58),
(442, 'Banaripara', 59),
(443, 'Bhandaria', 59),
(444, 'kaukhali', 59),
(445, 'Mathbaria', 59),
(446, 'Nazirpur', 59),
(447, 'Pirojpur Sadar', 59),
(448, 'Swarupkathi', 59),
(449, 'Bauphal', 60),
(450, 'Dashmina', 60),
(451, 'Galachipa', 60),
(452, 'Khepupara', 60),
(453, 'Patuakhali Sadar', 60),
(454, 'Subidkhali', 60),
(455, 'Amtali', 61),
(456, 'Bamna', 61),
(457, 'Barguna Sadar', 61),
(458, 'Betagi', 61),
(459, 'Patharghata', 61),
(460, 'Alaipur', 62),
(461, 'Batiaghat', 62),
(462, 'Chalna Bazar', 62),
(463, 'Digalia', 62),
(464, 'Khulna Sadar', 62),
(465, 'Madinabad', 62),
(466, 'Paikgachha', 62),
(467, 'Phultala', 62),
(468, 'Sajiara', 62),
(469, 'Terakhada', 62),
(470, 'Bagerhat Sadar', 63),
(471, 'Chalna Ankorage', 63),
(472, 'Chitalmari', 63),
(473, 'Fakirhat', 63),
(474, 'Kachua UPO', 63),
(475, 'Mollahat', 63),
(476, 'Morelganj', 63),
(477, 'Rampal', 63),
(478, 'Rayenda', 63),
(479, 'Ashashuni', 64),
(480, 'Debbhata', 64),
(481, 'kalaroa', 64),
(482, 'Kaliganj UPO', 64),
(483, 'Nakipur', 64),
(484, 'Satkhira Sadar', 64),
(485, 'Taala', 64),
(486, 'Paba', 38),
(488, 'Mohonpur', 38),
(489, 'Gomastapur', 39),
(490, 'Manda', 41),
(491, 'Atrai', 41),
(492, 'Lalpur', 40),
(493, 'Noldanga', 40),
(494, 'Shahmakhdum', 38),
(495, 'Boalia', 38),
(496, 'Rajpara', 38),
(497, 'Adamdighi', 36),
(498, 'Motihar', 38),
(499, 'Baghmara', 38),
(500, 'Doulatpur', 44),
(501, 'Uttara', 1),
(502, 'Khilgaon', 1),
(503, 'Dhanmondi', 1),
(504, 'Pallabi', 1),
(505, 'Puthia', 38),
(507, 'Boraigram', 40),
(508, 'Faridpur', 42),
(509, 'Bagatipara', 40),
(510, 'Porsha', 41),
(511, 'Sutrapur', 1);

-- --------------------------------------------------------

--
-- Table structure for table `sms_tuition_fee`
--

CREATE TABLE IF NOT EXISTS `sms_tuition_fee` (
  `id` bigint(20) unsigned NOT NULL,
  `tuition_fee_head_id` bigint(20) NOT NULL,
  `amount` float DEFAULT NULL,
  `created_at` timestamp NOT NULL DEFAULT CURRENT_TIMESTAMP,
  `created_by` bigint(20) DEFAULT NULL,
  `updated_at` timestamp NULL DEFAULT NULL,
  `udpated_by` bigint(20) DEFAULT NULL
) ENGINE=InnoDB DEFAULT CHARSET=latin1;

-- --------------------------------------------------------

--
-- Table structure for table `sms_tuition_fee_head`
--

CREATE TABLE IF NOT EXISTS `sms_tuition_fee_head` (
  `id` bigint(20) unsigned NOT NULL,
  `title` varchar(100) DEFAULT NULL,
  `head_type` enum('COST','WAIVER','CONDITIONAL','FINE','TRANSPORT','SPECIAL_CLASS') DEFAULT 'COST',
  `head_code` varchar(100) DEFAULT NULL,
  `fund_id` tinyint(2) NOT NULL,
  `ammount` float(7,2) unsigned DEFAULT '0.00',
  `display_order` bigint(20) DEFAULT NULL,
  `is_common` tinyint(3) unsigned DEFAULT '0',
  `status` tinyint(1) DEFAULT '1',
  `description` varchar(255) DEFAULT NULL,
  `created_at` timestamp NOT NULL DEFAULT CURRENT_TIMESTAMP,
  `created_by` bigint(20) DEFAULT NULL
) ENGINE=InnoDB DEFAULT CHARSET=latin1;

-- --------------------------------------------------------

--
-- Table structure for table `sms_upload_syllabus`
--

CREATE TABLE IF NOT EXISTS `sms_upload_syllabus` (
  `id` int(11) NOT NULL,
  `title` varchar(255) NOT NULL,
  `class` int(4) NOT NULL,
  `syllabus_image` varchar(255) NOT NULL,
  `date` timestamp NOT NULL DEFAULT CURRENT_TIMESTAMP ON UPDATE CURRENT_TIMESTAMP,
  `status` enum('ACTIVE','INACTIVE','PENDING') NOT NULL
) ENGINE=InnoDB AUTO_INCREMENT=2 DEFAULT CHARSET=latin1;

--
-- Dumping data for table `sms_upload_syllabus`
--

INSERT INTO `sms_upload_syllabus` (`id`, `title`, `class`, `syllabus_image`, `date`, `status`) VALUES
(1, 'First Term', 7, '4024261_8488281.png', '2016-01-19 10:21:03', 'ACTIVE');

-- --------------------------------------------------------

--
-- Table structure for table `sms_user`
--

CREATE TABLE IF NOT EXISTS `sms_user` (
  `id` int(10) unsigned NOT NULL,
  `user_group_id` tinyint(4) unsigned NOT NULL DEFAULT '1',
  `username` varchar(100) NOT NULL,
  `passwd` varchar(100) NOT NULL,
  `full_name` varchar(100) DEFAULT NULL,
  `address` varchar(255) DEFAULT NULL,
  `mobile_no` varchar(22) DEFAULT NULL,
  `email` varchar(100) DEFAULT NULL,
  `status` enum('ACTIVE','INACTIVE','PENDING') NOT NULL DEFAULT 'INACTIVE',
  `created_at` datetime DEFAULT NULL,
  `updated_at` timestamp NOT NULL DEFAULT CURRENT_TIMESTAMP ON UPDATE CURRENT_TIMESTAMP,
  `created_by` int(11) DEFAULT NULL,
  `updated_by` int(11) DEFAULT NULL
) ENGINE=InnoDB AUTO_INCREMENT=1252 DEFAULT CHARSET=latin1;

--
-- Dumping data for table `sms_user`
--

INSERT INTO `sms_user` (`id`, `user_group_id`, `username`, `passwd`, `full_name`, `address`, `mobile_no`, `email`, `status`, `created_at`, `updated_at`, `created_by`, `updated_by`) VALUES
(1250, 1, 'arena', 'arena321', 'Arena Admin', 'Arena Phone BD Ltd.\r\nRupayan Center 6Th Floor,\r\n72,Mohakhali,C/A,Dhaka-1212', '+88029861858', 'arena@arenaphonebd.com', 'ACTIVE', NULL, '2016-02-25 04:31:45', NULL, NULL),
(1251, 15, 'imsn', 'imsn321', 'principal', 'IBRAHIM MEMORIAL SHIKSHA NIKETAN BIRGANJ, DINAJPUR', '01711000000', 'imsn@gmail.com', 'ACTIVE', '2016-02-25 10:28:00', '2016-02-25 04:28:07', 1250, NULL);

-- --------------------------------------------------------

--
-- Table structure for table `sms_user_group`
--

CREATE TABLE IF NOT EXISTS `sms_user_group` (
  `id` tinyint(3) unsigned NOT NULL,
  `title` varchar(100) DEFAULT NULL,
  `description` varchar(255) DEFAULT NULL,
  `status` enum('ACTIVE','INACTIVE','PENDING') DEFAULT 'ACTIVE',
  `created_at` timestamp NULL DEFAULT CURRENT_TIMESTAMP,
  `created_by` bigint(20) unsigned DEFAULT NULL
) ENGINE=InnoDB AUTO_INCREMENT=16 DEFAULT CHARSET=latin1;

--
-- Dumping data for table `sms_user_group`
--

INSERT INTO `sms_user_group` (`id`, `title`, `description`, `status`, `created_at`, `created_by`) VALUES
(1, 'Super Admin', 'Super administrator', 'ACTIVE', '2013-03-22 01:46:47', 1),
(2, 'Admin', 'This group is for application administration.', 'INACTIVE', '2013-03-22 02:18:09', 1),
(3, 'Teacher', 'This group is for teacher', 'ACTIVE', '2013-03-22 02:18:45', 1),
(4, 'Student', 'For student', 'INACTIVE', '2013-03-22 02:22:58', 1),
(6, 'Accounts Officer', 'Account''s Admin\n\nMd. Ariful Islam\nAccount''s Officer\nMB: 01719823777\n', 'ACTIVE', '2014-09-03 17:48:02', 1),
(7, 'Support Admin', 'This Admin Will Responsible for Supporting Data input and check up.', 'ACTIVE', '2014-09-25 21:04:35', 1),
(9, 'ICT Administration', 'This group will work to provide necessary support in enhancing the software.', 'INACTIVE', '2014-11-03 00:15:10', 1),
(10, 'SMS Admin', 'Will responsible for Sending SMS , Notification, Result, Attendance etc.', 'ACTIVE', '2015-01-22 15:35:57', 1),
(11, 'TBMM Admin', 'Responsible for over looking Reports and Students Manager ', 'INACTIVE', '2015-02-19 17:21:09', 1250),
(12, 'SMS', '', 'ACTIVE', '2015-04-26 17:07:01', 1250),
(13, 'TEACHER-1', 'Responsible for office order.', 'ACTIVE', '2015-04-30 18:27:37', 1250),
(14, 'Helping', 'Responsible for Any Work', 'ACTIVE', '2015-05-09 20:22:04', 1250),
(15, 'Principal', 'Principal of this Institute .', 'ACTIVE', '2016-02-25 04:24:18', 1250);

-- --------------------------------------------------------

--
-- Table structure for table `sms_user_group_menu`
--

CREATE TABLE IF NOT EXISTS `sms_user_group_menu` (
  `id` bigint(3) unsigned NOT NULL,
  `user_group_id` tinyint(4) DEFAULT NULL,
  `menu_id` bigint(20) DEFAULT NULL,
  `created_at` timestamp NULL DEFAULT CURRENT_TIMESTAMP,
  `created_by` bigint(20) unsigned DEFAULT NULL
) ENGINE=InnoDB AUTO_INCREMENT=354 DEFAULT CHARSET=latin1;

--
-- Dumping data for table `sms_user_group_menu`
--

INSERT INTO `sms_user_group_menu` (`id`, `user_group_id`, `menu_id`, `created_at`, `created_by`) VALUES
(5, 3, 19, '2013-03-23 15:05:19', 1),
(6, 3, 47, '2013-03-23 15:05:19', 1),
(10, 3, 12, '2013-03-23 16:17:11', 1),
(15, 2, 1, '2013-03-23 16:18:12', 1),
(17, 2, 2, '2013-03-23 16:18:12', 1),
(18, 2, 3, '2013-03-23 16:18:12', 1),
(19, 2, 5, '2013-03-23 16:18:12', 1),
(20, 2, 45, '2013-03-23 16:18:12', 1),
(21, 2, 12, '2013-03-23 16:18:12', 1),
(22, 2, 13, '2013-03-23 16:18:12', 1),
(23, 2, 14, '2013-03-23 16:18:12', 1),
(24, 2, 42, '2013-03-23 16:18:12', 1),
(26, 2, 19, '2013-03-23 16:18:12', 1),
(27, 2, 38, '2013-03-23 16:18:12', 1),
(28, 2, 20, '2013-03-23 16:42:02', 1),
(29, 2, 23, '2013-03-23 16:42:02', 1),
(30, 2, 40, '2013-03-23 16:42:02', 1),
(31, 2, 6, '2013-03-23 16:43:11', 1),
(32, 2, 47, '2013-03-23 16:43:11', 1),
(34, 2, 18, '2013-07-19 10:04:43', 1),
(35, 2, 21, '2013-07-19 10:04:43', 1),
(36, 2, 22, '2013-07-19 10:04:43', 1),
(37, 2, 24, '2013-07-19 10:04:43', 1),
(38, 2, 25, '2013-07-19 10:04:43', 1),
(39, 2, 26, '2013-07-19 10:04:43', 1),
(40, 2, 27, '2013-07-19 10:04:43', 1),
(41, 2, 28, '2013-07-19 10:04:43', 1),
(42, 2, 29, '2013-07-19 10:04:43', 1),
(43, 2, 30, '2013-07-19 10:04:43', 1),
(44, 2, 31, '2013-07-19 10:04:43', 1),
(48, 8, 78, '2014-09-25 21:32:42', 1),
(49, 8, 46, '2014-09-25 21:38:33', 1),
(50, 8, 66, '2014-09-25 21:39:06', 1),
(51, 8, 67, '2014-09-25 21:39:06', 1),
(52, 9, 1, '2014-11-03 00:27:13', 1),
(54, 9, 9, '2014-11-03 00:27:13', 1),
(55, 9, 59, '2014-11-03 00:27:13', 1),
(56, 9, 15, '2014-11-03 00:27:13', 1),
(57, 9, 16, '2014-11-03 00:27:13', 1),
(58, 9, 17, '2014-11-03 00:27:13', 1),
(59, 9, 58, '2014-11-03 00:27:13', 1),
(80, 11, 1, '2014-11-13 17:49:50', 1),
(88, 6, 1, '2015-01-18 19:42:44', 1),
(89, 6, 4, '2015-01-18 19:42:44', 1),
(90, 6, 2, '2015-01-18 19:42:44', 1),
(91, 6, 3, '2015-01-18 19:42:44', 1),
(92, 6, 5, '2015-01-18 19:42:44', 1),
(93, 6, 45, '2015-01-18 19:42:44', 1),
(94, 6, 101, '2015-01-18 19:42:44', 1),
(95, 6, 102, '2015-01-18 19:42:44', 1),
(96, 6, 46, '2015-01-18 19:42:44', 1),
(97, 6, 62, '2015-01-18 19:42:44', 1),
(98, 6, 65, '2015-01-18 19:42:44', 1),
(99, 6, 66, '2015-01-18 19:42:44', 1),
(100, 6, 67, '2015-01-18 19:42:44', 1),
(101, 6, 78, '2015-01-18 19:42:44', 1),
(102, 6, 79, '2015-01-18 19:42:44', 1),
(103, 6, 83, '2015-01-18 19:42:44', 1),
(104, 6, 100, '2015-01-18 19:42:44', 1),
(105, 6, 69, '2015-01-18 19:42:44', 1),
(106, 6, 70, '2015-01-18 19:42:44', 1),
(107, 6, 71, '2015-01-18 19:42:44', 1),
(108, 6, 84, '2015-01-18 19:42:44', 1),
(109, 6, 85, '2015-01-18 19:42:44', 1),
(110, 6, 86, '2015-01-18 19:42:44', 1),
(111, 6, 87, '2015-01-18 19:42:44', 1),
(115, 7, 2, '2015-01-22 15:33:48', 1),
(116, 7, 3, '2015-01-22 15:33:48', 1),
(117, 7, 5, '2015-01-22 15:33:48', 1),
(119, 7, 68, '2015-01-22 15:33:48', 1),
(124, 7, 12, '2015-01-22 15:33:48', 1),
(127, 7, 42, '2015-01-22 15:33:48', 1),
(128, 7, 72, '2015-01-22 15:33:48', 1),
(129, 7, 91, '2015-01-22 15:33:48', 1),
(130, 7, 92, '2015-01-22 15:33:48', 1),
(131, 7, 93, '2015-01-22 15:33:48', 1),
(132, 7, 19, '2015-01-22 15:33:48', 1),
(133, 7, 20, '2015-01-22 15:33:48', 1),
(134, 7, 23, '2015-01-22 15:33:48', 1),
(135, 7, 40, '2015-01-22 15:33:48', 1),
(136, 7, 103, '2015-01-22 15:33:48', 1),
(137, 7, 104, '2015-01-22 15:33:48', 1),
(142, 3, 42, '2015-01-22 15:48:49', 1),
(143, 3, 72, '2015-01-22 15:48:49', 1),
(144, 3, 91, '2015-01-22 15:48:49', 1),
(145, 3, 92, '2015-01-22 15:48:49', 1),
(146, 3, 93, '2015-01-22 15:48:49', 1),
(147, 3, 18, '2015-01-22 15:48:49', 1),
(148, 3, 21, '2015-01-22 15:48:49', 1),
(149, 3, 22, '2015-01-22 15:48:49', 1),
(150, 3, 24, '2015-01-22 15:48:49', 1),
(151, 3, 25, '2015-01-22 15:48:49', 1),
(152, 3, 26, '2015-01-22 15:48:49', 1),
(153, 3, 27, '2015-01-22 15:48:49', 1),
(154, 3, 28, '2015-01-22 15:48:49', 1),
(155, 3, 29, '2015-01-22 15:48:49', 1),
(156, 3, 30, '2015-01-22 15:48:49', 1),
(157, 3, 31, '2015-01-22 15:48:49', 1),
(158, 3, 20, '2015-01-22 15:48:49', 1),
(159, 3, 23, '2015-01-22 15:48:49', 1),
(160, 3, 40, '2015-01-22 15:48:49', 1),
(161, 3, 103, '2015-01-22 15:48:49', 1),
(162, 3, 104, '2015-01-22 15:48:49', 1),
(163, 3, 38, '2015-01-22 15:48:49', 1),
(164, 3, 6, '2015-01-22 15:48:49', 1),
(165, 3, 60, '2015-01-22 15:48:49', 1),
(166, 3, 88, '2015-01-22 15:48:49', 1),
(167, 3, 89, '2015-01-22 15:48:49', 1),
(168, 3, 90, '2015-01-22 15:48:49', 1),
(169, 9, 2, '2015-01-22 15:57:04', 1),
(170, 9, 5, '2015-01-22 15:57:04', 1),
(171, 9, 68, '2015-01-22 15:57:04', 1),
(172, 9, 12, '2015-01-22 15:57:04', 1),
(173, 9, 72, '2015-01-22 15:57:04', 1),
(174, 9, 23, '2015-01-22 15:57:04', 1),
(175, 9, 103, '2015-01-22 15:57:04', 1),
(176, 9, 104, '2015-01-22 15:57:04', 1),
(177, 9, 69, '2015-01-22 15:57:04', 1),
(178, 9, 70, '2015-01-22 15:57:04', 1),
(179, 9, 71, '2015-01-22 15:57:04', 1),
(180, 9, 88, '2015-01-22 15:57:04', 1),
(181, 9, 89, '2015-01-22 15:57:04', 1),
(182, 10, 69, '2015-01-22 16:06:41', 1),
(183, 10, 70, '2015-01-22 16:06:41', 1),
(184, 10, 71, '2015-01-22 16:06:41', 1),
(185, 10, 72, '2015-01-22 16:21:43', 1),
(186, 10, 103, '2015-01-22 16:21:43', 1),
(187, 10, 12, '2015-01-22 16:24:21', 1),
(188, 10, 19, '2015-01-22 16:24:21', 1),
(190, 2, 9, '2015-01-22 19:31:23', 1),
(191, 7, 105, '2015-01-29 04:48:06', 1),
(192, 7, 106, '2015-01-29 04:48:06', 1),
(193, 7, 107, '2015-01-29 04:48:06', 1),
(194, 7, 108, '2015-01-29 04:48:06', 1),
(195, 7, 109, '2015-01-29 04:48:06', 1),
(197, 6, 73, '2015-02-02 16:46:53', 1250),
(198, 6, 74, '2015-02-02 16:46:53', 1250),
(199, 6, 75, '2015-02-02 16:46:53', 1250),
(200, 6, 94, '2015-02-02 16:46:53', 1250),
(201, 6, 95, '2015-02-02 16:46:53', 1250),
(202, 6, 80, '2015-02-02 17:10:36', 1250),
(203, 6, 96, '2015-02-02 17:10:36', 1250),
(204, 3, 2, '2015-02-02 20:11:23', 1250),
(205, 3, 5, '2015-02-02 20:11:23', 1250),
(206, 3, 68, '2015-02-02 20:11:23', 1250),
(213, 11, 59, '2015-04-12 15:59:23', 1250),
(217, 12, 12, '2015-04-26 17:09:56', 1250),
(218, 12, 72, '2015-04-26 17:09:56', 1250),
(225, 12, 69, '2015-04-26 17:09:56', 1250),
(226, 12, 70, '2015-04-26 17:09:56', 1250),
(227, 12, 71, '2015-04-26 17:09:56', 1250),
(235, 10, 104, '2015-04-26 17:24:21', 1250),
(238, 13, 38, '2015-04-30 18:31:30', 1250),
(239, 13, 6, '2015-04-30 18:31:30', 1250),
(240, 13, 47, '2015-04-30 18:31:30', 1250),
(241, 13, 60, '2015-04-30 18:31:30', 1250),
(242, 13, 88, '2015-04-30 18:31:30', 1250),
(243, 13, 89, '2015-04-30 18:31:30', 1250),
(244, 13, 90, '2015-04-30 18:31:30', 1250),
(245, 14, 2, '2015-05-09 20:25:11', 1250),
(246, 14, 5, '2015-05-09 20:25:11', 1250),
(247, 14, 19, '2015-05-10 17:11:01', 1250),
(248, 14, 103, '2015-05-10 17:11:01', 1250),
(249, 14, 104, '2015-05-10 17:11:01', 1250),
(254, 11, 73, '2015-05-10 18:24:58', 1250),
(255, 11, 75, '2015-05-10 18:24:58', 1250),
(256, 11, 94, '2015-05-10 18:24:58', 1250),
(257, 11, 95, '2015-05-10 18:24:58', 1250),
(258, 7, 38, '2015-05-16 19:49:38', 1250),
(259, 7, 6, '2015-05-16 19:49:38', 1250),
(260, 7, 47, '2015-05-16 19:49:38', 1250),
(261, 7, 60, '2015-05-16 19:49:38', 1250),
(262, 13, 91, '2015-05-21 18:30:46', 1250),
(263, 13, 92, '2015-05-21 18:30:46', 1250),
(264, 13, 93, '2015-05-21 18:30:46', 1250),
(265, 13, 20, '2015-05-21 18:30:46', 1250),
(266, 13, 23, '2015-05-21 18:30:46', 1250),
(267, 3, 69, '2015-05-26 06:23:57', 1250),
(269, 7, 80, '2015-05-26 16:34:04', 1250),
(270, 6, 116, '2015-07-06 18:43:05', 1250),
(282, 12, 117, '2015-07-13 17:51:27', 1250),
(283, 14, 70, '2015-07-27 12:52:48', 1259),
(284, 14, 71, '2015-07-27 12:52:48', 1259),
(285, 14, 69, '2015-07-27 12:54:14', 1250),
(286, 14, 117, '2015-07-29 15:15:33', 1250),
(287, 15, 1, '2016-02-25 04:26:14', 1250),
(288, 15, 4, '2016-02-25 04:26:14', 1250),
(289, 15, 59, '2016-02-25 04:26:14', 1250),
(290, 15, 2, '2016-02-25 04:26:14', 1250),
(291, 15, 3, '2016-02-25 04:26:14', 1250),
(292, 15, 5, '2016-02-25 04:26:14', 1250),
(293, 15, 45, '2016-02-25 04:26:14', 1250),
(294, 15, 68, '2016-02-25 04:26:14', 1250),
(295, 15, 80, '2016-02-25 04:26:14', 1250),
(296, 15, 96, '2016-02-25 04:26:14', 1250),
(297, 15, 101, '2016-02-25 04:26:14', 1250),
(298, 15, 102, '2016-02-25 04:26:14', 1250),
(299, 15, 118, '2016-02-25 04:26:14', 1250),
(300, 15, 12, '2016-02-25 04:26:14', 1250),
(301, 15, 13, '2016-02-25 04:26:14', 1250),
(302, 15, 14, '2016-02-25 04:26:14', 1250),
(303, 15, 72, '2016-02-25 04:26:14', 1250),
(304, 15, 91, '2016-02-25 04:26:14', 1250),
(305, 15, 92, '2016-02-25 04:26:14', 1250),
(306, 15, 93, '2016-02-25 04:26:14', 1250),
(307, 15, 120, '2016-02-25 04:26:14', 1250),
(308, 15, 18, '2016-02-25 04:26:14', 1250),
(309, 15, 121, '2016-02-25 04:26:14', 1250),
(310, 15, 19, '2016-02-25 04:26:14', 1250),
(311, 15, 20, '2016-02-25 04:26:14', 1250),
(312, 15, 23, '2016-02-25 04:26:14', 1250),
(313, 15, 40, '2016-02-25 04:26:14', 1250),
(314, 15, 103, '2016-02-25 04:26:14', 1250),
(315, 15, 104, '2016-02-25 04:26:14', 1250),
(316, 15, 38, '2016-02-25 04:26:14', 1250),
(317, 15, 6, '2016-02-25 04:26:14', 1250),
(318, 15, 47, '2016-02-25 04:26:14', 1250),
(319, 15, 60, '2016-02-25 04:26:14', 1250),
(320, 15, 124, '2016-02-25 04:26:14', 1250),
(321, 15, 46, '2016-02-25 04:26:14', 1250),
(322, 15, 62, '2016-02-25 04:26:14', 1250),
(323, 15, 65, '2016-02-25 04:26:14', 1250),
(324, 15, 66, '2016-02-25 04:26:14', 1250),
(325, 15, 67, '2016-02-25 04:26:14', 1250),
(326, 15, 78, '2016-02-25 04:26:14', 1250),
(327, 15, 79, '2016-02-25 04:26:14', 1250),
(328, 15, 83, '2016-02-25 04:26:14', 1250),
(329, 15, 100, '2016-02-25 04:26:14', 1250),
(330, 15, 116, '2016-02-25 04:26:14', 1250),
(331, 15, 69, '2016-02-25 04:26:14', 1250),
(332, 15, 70, '2016-02-25 04:26:14', 1250),
(333, 15, 71, '2016-02-25 04:26:14', 1250),
(334, 15, 117, '2016-02-25 04:26:14', 1250),
(335, 15, 122, '2016-02-25 04:26:14', 1250),
(336, 15, 123, '2016-02-25 04:26:14', 1250),
(337, 15, 73, '2016-02-25 04:26:14', 1250),
(338, 15, 74, '2016-02-25 04:26:14', 1250),
(339, 15, 75, '2016-02-25 04:26:14', 1250),
(340, 15, 94, '2016-02-25 04:26:14', 1250),
(341, 15, 95, '2016-02-25 04:26:14', 1250),
(342, 15, 84, '2016-02-25 04:26:14', 1250),
(343, 15, 85, '2016-02-25 04:26:14', 1250),
(344, 15, 86, '2016-02-25 04:26:14', 1250),
(345, 15, 87, '2016-02-25 04:26:14', 1250),
(346, 15, 88, '2016-02-25 04:26:14', 1250),
(347, 15, 89, '2016-02-25 04:26:14', 1250),
(348, 15, 90, '2016-02-25 04:26:14', 1250),
(349, 15, 115, '2016-02-25 04:26:14', 1250),
(350, 15, 119, '2016-02-25 04:26:14', 1250),
(351, 15, 125, '2016-02-25 04:26:14', 1250),
(352, 15, 126, '2016-02-25 04:26:14', 1250),
(353, 15, 127, '2016-02-25 04:26:14', 1250);

-- --------------------------------------------------------

--
-- Table structure for table `sms_version_list`
--

CREATE TABLE IF NOT EXISTS `sms_version_list` (
  `id` int(2) NOT NULL,
  `title` varchar(50) NOT NULL
) ENGINE=InnoDB AUTO_INCREMENT=4 DEFAULT CHARSET=latin1;

--
-- Dumping data for table `sms_version_list`
--

INSERT INTO `sms_version_list` (`id`, `title`) VALUES
(1, 'Bangla Version'),
(2, 'English Version'),
(3, 'English Medium');

-- --------------------------------------------------------

--
-- Structure for view `sms_lookup_v`
--
DROP TABLE IF EXISTS `sms_lookup_v`;

CREATE ALGORITHM=UNDEFINED DEFINER=`root`@`localhost` SQL SECURITY DEFINER VIEW `sms_lookup_v` AS select `l`.`id` AS `id`,`l`.`lookup_type_id` AS `lookup_type_id`,`l`.`unique_code` AS `unique_code`,`l`.`title` AS `title`,`l`.`value_type` AS `value_type`,coalesce(`sv`.`value`,`nv`.`value`,`tv`.`value`,`bv`.`value`) AS `value`,`l`.`created_at` AS `created_at`,`l`.`created_by` AS `created_by`,coalesce(`sv`.`updated_by`,`nv`.`updated_by`,`tv`.`updated_by`,`bv`.`updated_by`) AS `updated_by`,coalesce(`sv`.`updated_at`,`nv`.`updated_at`,`tv`.`updated_at`,`bv`.`updated_at`) AS `updated_at` from ((((`sms_lookup` `l` left join `sms_lookup_str_value` `sv` on((`l`.`id` = `sv`.`lookup_id`))) left join `sms_lookup_num_value` `nv` on((`l`.`id` = `nv`.`lookup_id`))) left join `sms_lookup_text_value` `tv` on((`l`.`id` = `tv`.`lookup_id`))) left join `sms_lookup_bool_value` `bv` on((`l`.`id` = `bv`.`lookup_id`)));

-- --------------------------------------------------------

--
-- Structure for view `sms_student_academic_v`
--
DROP TABLE IF EXISTS `sms_student_academic_v`;

CREATE ALGORITHM=UNDEFINED DEFINER=`root`@`localhost` SQL SECURITY DEFINER VIEW `sms_student_academic_v` AS (select `s`.`id` AS `id`,`s`.`student_number` AS `student_number`,`a`.`id` AS `admission_id`,`a`.`status` AS `status`,`stt`.`title` AS `student_type`,`stt`.`id` AS `student_type_id`,`cls`.`title` AS `class`,`cls`.`id` AS `class_id`,`sec`.`id` AS `section_id`,`sec`.`title` AS `section`,`a`.`session` AS `session` from (((((`sms_student` `s` left join `sms_status` `st` on((`s`.`status_id` = `st`.`id`))) left join `sms_admission` `a` on((`a`.`id` = `s`.`admission_id`))) left join `sms_student_type` `stt` on((`stt`.`id` = `a`.`student_type_id`))) left join `sms_class` `cls` on((`cls`.`id` = `a`.`class_id`))) left join `sms_section` `sec` on((`sec`.`id` = `a`.`section_id`))));

-- --------------------------------------------------------

--
-- Structure for view `sms_student_v`
--
DROP TABLE IF EXISTS `sms_student_v`;

CREATE ALGORITHM=UNDEFINED DEFINER=`root`@`localhost` SQL SECURITY DEFINER VIEW `sms_student_v` AS (select `s`.`id` AS `id`,`s`.`student_number` AS `student_number`,`s`.`personal_details_id` AS `personal_details_id`,`s`.`father_guardian_id` AS `father_guardian_id`,`s`.`mother_guardian_id` AS `mother_guardian_id`,`s`.`local_guardian_id` AS `local_guardian_id`,`s`.`is_approve` AS `is_approve`,`s`.`approve_date` AS `approve_date`,`p`.`first_name` AS `first_name`,`p`.`last_name` AS `last_name`,concat(`p`.`first_name`,' ',ifnull(`p`.`last_name`,'')) AS `full_name`,concat(`fg`.`first_name`,' ',ifnull(`fg`.`last_name`,'')) AS `father_name`,concat(`mg`.`first_name`,' ',ifnull(`mg`.`last_name`,'')) AS `mother_name`,concat(`lg`.`first_name`,' ',ifnull(`lg`.`last_name`,'')) AS `guardian_name`,lcase(`p`.`gender`) AS `gender`,`s`.`created_at` AS `created_at`,`p`.`mobile` AS `mobile`,`s`.`present_address_id` AS `present_address_id`,`s`.`permanent_address_id` AS `permanent_address_id`,`s`.`photo_id` AS `photo_id`,`st`.`title` AS `status`,`sp`.`file_name` AS `file_name`,`sp`.`image_size` AS `image_size`,date_format(`s`.`created_at`,'%D %b, %Y') AS `created_on`,date_format(`p`.`updated_at`,'%D %b, %Y') AS `updated_on`,date_format(`p`.`dob`,'%D %b, %Y') AS `dob`,`p`.`email` AS `email`,lcase(`p`.`is_tribe`) AS `tribe`,`u`.`username` AS `created_by`,`uu`.`username` AS `updated_by`,`p`.`comments` AS `comments`,`n`.`title` AS `nationality`,`r`.`title` AS `religion`,`c`.`title` AS `caste`,`stt`.`title` AS `student_type`,`stt`.`id` AS `student_type_id`,`s`.`extra_facility_id` AS `extra_facility_id`,`blg`.`title` AS `blood_group`,`blg`.`id` AS `blood_group_id`,`blg`.`symbol` AS `blood_group_symbol`,`cls`.`title` AS `class`,`cls`.`id` AS `class_id`,`sec`.`id` AS `section_id`,`sec`.`title` AS `section`,`ver`.`id` AS `version_id`,`ver`.`title` AS `version`,`a`.`class_roll` AS `class_roll` from (((((((((((((((((`sms_student` `s` left join `sms_personal_details` `p` on((`s`.`personal_details_id` = `p`.`id`))) left join `sms_status` `st` on((`s`.`status_id` = `st`.`id`))) left join `sms_student_photo` `sp` on((`s`.`photo_id` = `sp`.`id`))) left join `sms_user` `u` on((`s`.`created_by` = `u`.`id`))) left join `sms_user` `uu` on((`p`.`updated_by` = `uu`.`id`))) left join `sms_nationality` `n` on((`p`.`nationality_id` = `n`.`id`))) left join `sms_religion_caste` `c` on((`p`.`caste_id` = `c`.`id`))) left join `sms_religion` `r` on((`c`.`religion_id` = `r`.`id`))) left join `sms_admission` `a` on((`a`.`id` = `s`.`admission_id`))) left join `sms_student_type` `stt` on((`stt`.`id` = `a`.`student_type_id`))) left join `sms_blood_group` `blg` on((`blg`.`id` = `p`.`blood_group_id`))) left join `sms_class` `cls` on((`cls`.`id` = `a`.`class_id`))) left join `sms_section` `sec` on((`sec`.`id` = `a`.`section_id`))) left join `sms_version_list` `ver` on((`ver`.`id` = `sec`.`version_id`))) left join `sms_guardian` `fg` on((`s`.`father_guardian_id` = `fg`.`id`))) left join `sms_guardian` `mg` on((`s`.`mother_guardian_id` = `mg`.`id`))) left join `sms_guardian` `lg` on((`s`.`local_guardian_id` = `lg`.`id`))));

--
-- Indexes for dumped tables
--

--
-- Indexes for table `sms_address`
--
ALTER TABLE `sms_address`
  ADD PRIMARY KEY (`id`);

--
-- Indexes for table `sms_admission`
--
ALTER TABLE `sms_admission`
  ADD PRIMARY KEY (`id`);

--
-- Indexes for table `sms_admission_course`
--
ALTER TABLE `sms_admission_course`
  ADD PRIMARY KEY (`id`);

--
-- Indexes for table `sms_admission_tuition_fee`
--
ALTER TABLE `sms_admission_tuition_fee`
  ADD PRIMARY KEY (`id`);

--
-- Indexes for table `sms_blood_group`
--
ALTER TABLE `sms_blood_group`
  ADD PRIMARY KEY (`id`);

--
-- Indexes for table `sms_book`
--
ALTER TABLE `sms_book`
  ADD PRIMARY KEY (`id`);

--
-- Indexes for table `sms_bulk_sms`
--
ALTER TABLE `sms_bulk_sms`
  ADD PRIMARY KEY (`id`);

--
-- Indexes for table `sms_class`
--
ALTER TABLE `sms_class`
  ADD PRIMARY KEY (`id`);

--
-- Indexes for table `sms_class_book`
--
ALTER TABLE `sms_class_book`
  ADD PRIMARY KEY (`id`);

--
-- Indexes for table `sms_class_day`
--
ALTER TABLE `sms_class_day`
  ADD PRIMARY KEY (`id`);

--
-- Indexes for table `sms_class_routine`
--
ALTER TABLE `sms_class_routine`
  ADD PRIMARY KEY (`id`);

--
-- Indexes for table `sms_class_time`
--
ALTER TABLE `sms_class_time`
  ADD PRIMARY KEY (`id`);

--
-- Indexes for table `sms_class_tuition_fee`
--
ALTER TABLE `sms_class_tuition_fee`
  ADD PRIMARY KEY (`id`);

--
-- Indexes for table `sms_class_tuition_fee_trail`
--
ALTER TABLE `sms_class_tuition_fee_trail`
  ADD PRIMARY KEY (`id`);

--
-- Indexes for table `sms_comment`
--
ALTER TABLE `sms_comment`
  ADD PRIMARY KEY (`id`);

--
-- Indexes for table `sms_configuration`
--
ALTER TABLE `sms_configuration`
  ADD PRIMARY KEY (`id`);

--
-- Indexes for table `sms_course`
--
ALTER TABLE `sms_course`
  ADD PRIMARY KEY (`id`);

--
-- Indexes for table `sms_course_attribute`
--
ALTER TABLE `sms_course_attribute`
  ADD PRIMARY KEY (`id`);

--
-- Indexes for table `sms_course_book`
--
ALTER TABLE `sms_course_book`
  ADD PRIMARY KEY (`id`);

--
-- Indexes for table `sms_course_course_attribute`
--
ALTER TABLE `sms_course_course_attribute`
  ADD PRIMARY KEY (`id`);

--
-- Indexes for table `sms_course_sylabus_evaluation_type`
--
ALTER TABLE `sms_course_sylabus_evaluation_type`
  ADD PRIMARY KEY (`id`);

--
-- Indexes for table `sms_course_title`
--
ALTER TABLE `sms_course_title`
  ADD PRIMARY KEY (`id`);

--
-- Indexes for table `sms_course_type`
--
ALTER TABLE `sms_course_type`
  ADD PRIMARY KEY (`id`);

--
-- Indexes for table `sms_course_type_course_attribute`
--
ALTER TABLE `sms_course_type_course_attribute`
  ADD PRIMARY KEY (`id`);

--
-- Indexes for table `sms_designation`
--
ALTER TABLE `sms_designation`
  ADD PRIMARY KEY (`id`);

--
-- Indexes for table `sms_district`
--
ALTER TABLE `sms_district`
  ADD PRIMARY KEY (`id`);

--
-- Indexes for table `sms_evaluation_rule`
--
ALTER TABLE `sms_evaluation_rule`
  ADD PRIMARY KEY (`id`);

--
-- Indexes for table `sms_evaluation_type`
--
ALTER TABLE `sms_evaluation_type`
  ADD PRIMARY KEY (`id`);

--
-- Indexes for table `sms_exam`
--
ALTER TABLE `sms_exam`
  ADD PRIMARY KEY (`id`);

--
-- Indexes for table `sms_exam_class_test`
--
ALTER TABLE `sms_exam_class_test`
  ADD PRIMARY KEY (`id`);

--
-- Indexes for table `sms_exam_course_result`
--
ALTER TABLE `sms_exam_course_result`
  ADD PRIMARY KEY (`id`);

--
-- Indexes for table `sms_exam_registration`
--
ALTER TABLE `sms_exam_registration`
  ADD PRIMARY KEY (`id`);

--
-- Indexes for table `sms_exam_result`
--
ALTER TABLE `sms_exam_result`
  ADD PRIMARY KEY (`id`);

--
-- Indexes for table `sms_exam_result_details`
--
ALTER TABLE `sms_exam_result_details`
  ADD PRIMARY KEY (`id`);

--
-- Indexes for table `sms_exam_sylabus`
--
ALTER TABLE `sms_exam_sylabus`
  ADD PRIMARY KEY (`id`);

--
-- Indexes for table `sms_fund_list`
--
ALTER TABLE `sms_fund_list`
  ADD PRIMARY KEY (`id`);

--
-- Indexes for table `sms_guardian`
--
ALTER TABLE `sms_guardian`
  ADD PRIMARY KEY (`id`);

--
-- Indexes for table `sms_house`
--
ALTER TABLE `sms_house`
  ADD PRIMARY KEY (`id`);

--
-- Indexes for table `sms_letter_template`
--
ALTER TABLE `sms_letter_template`
  ADD PRIMARY KEY (`id`);

--
-- Indexes for table `sms_lookup`
--
ALTER TABLE `sms_lookup`
  ADD PRIMARY KEY (`id`);

--
-- Indexes for table `sms_lookup_type`
--
ALTER TABLE `sms_lookup_type`
  ADD PRIMARY KEY (`id`);

--
-- Indexes for table `sms_menu`
--
ALTER TABLE `sms_menu`
  ADD PRIMARY KEY (`id`);

--
-- Indexes for table `sms_message_notification`
--
ALTER TABLE `sms_message_notification`
  ADD PRIMARY KEY (`id`);

--
-- Indexes for table `sms_message_sent_list`
--
ALTER TABLE `sms_message_sent_list`
  ADD PRIMARY KEY (`id`);

--
-- Indexes for table `sms_nationality`
--
ALTER TABLE `sms_nationality`
  ADD PRIMARY KEY (`id`);

--
-- Indexes for table `sms_note_book`
--
ALTER TABLE `sms_note_book`
  ADD PRIMARY KEY (`id`);

--
-- Indexes for table `sms_notice_board`
--
ALTER TABLE `sms_notice_board`
  ADD PRIMARY KEY (`id`);

--
-- Indexes for table `sms_occupation`
--
ALTER TABLE `sms_occupation`
  ADD PRIMARY KEY (`id`);

--
-- Indexes for table `sms_personal_details`
--
ALTER TABLE `sms_personal_details`
  ADD PRIMARY KEY (`id`);

--
-- Indexes for table `sms_post_office`
--
ALTER TABLE `sms_post_office`
  ADD PRIMARY KEY (`id`),
  ADD KEY `thana_id_idx` (`thana_id`);

--
-- Indexes for table `sms_relationship`
--
ALTER TABLE `sms_relationship`
  ADD PRIMARY KEY (`id`);

--
-- Indexes for table `sms_religion`
--
ALTER TABLE `sms_religion`
  ADD PRIMARY KEY (`id`);

--
-- Indexes for table `sms_religion_caste`
--
ALTER TABLE `sms_religion_caste`
  ADD PRIMARY KEY (`id`);

--
-- Indexes for table `sms_result_scale`
--
ALTER TABLE `sms_result_scale`
  ADD PRIMARY KEY (`id`);

--
-- Indexes for table `sms_scale_matrix`
--
ALTER TABLE `sms_scale_matrix`
  ADD PRIMARY KEY (`id`);

--
-- Indexes for table `sms_school`
--
ALTER TABLE `sms_school`
  ADD PRIMARY KEY (`id`);

--
-- Indexes for table `sms_section`
--
ALTER TABLE `sms_section`
  ADD PRIMARY KEY (`id`);

--
-- Indexes for table `sms_section_tuition_fee`
--
ALTER TABLE `sms_section_tuition_fee`
  ADD PRIMARY KEY (`id`);

--
-- Indexes for table `sms_section_tuition_fee_trail`
--
ALTER TABLE `sms_section_tuition_fee_trail`
  ADD PRIMARY KEY (`id`);

--
-- Indexes for table `sms_status`
--
ALTER TABLE `sms_status`
  ADD PRIMARY KEY (`id`);

--
-- Indexes for table `sms_student`
--
ALTER TABLE `sms_student`
  ADD PRIMARY KEY (`id`);

--
-- Indexes for table `sms_student_address`
--
ALTER TABLE `sms_student_address`
  ADD PRIMARY KEY (`id`);

--
-- Indexes for table `sms_student_attendance`
--
ALTER TABLE `sms_student_attendance`
  ADD PRIMARY KEY (`id`);

--
-- Indexes for table `sms_student_extra_facility_list`
--
ALTER TABLE `sms_student_extra_facility_list`
  ADD PRIMARY KEY (`id`);

--
-- Indexes for table `sms_student_guardian`
--
ALTER TABLE `sms_student_guardian`
  ADD PRIMARY KEY (`id`);

--
-- Indexes for table `sms_student_house`
--
ALTER TABLE `sms_student_house`
  ADD PRIMARY KEY (`id`);

--
-- Indexes for table `sms_student_payment_transection`
--
ALTER TABLE `sms_student_payment_transection`
  ADD PRIMARY KEY (`id`);

--
-- Indexes for table `sms_student_personal_details`
--
ALTER TABLE `sms_student_personal_details`
  ADD PRIMARY KEY (`id`);

--
-- Indexes for table `sms_student_photo`
--
ALTER TABLE `sms_student_photo`
  ADD PRIMARY KEY (`id`);

--
-- Indexes for table `sms_student_status`
--
ALTER TABLE `sms_student_status`
  ADD PRIMARY KEY (`id`);

--
-- Indexes for table `sms_student_transfer`
--
ALTER TABLE `sms_student_transfer`
  ADD PRIMARY KEY (`id`);

--
-- Indexes for table `sms_student_tuition_fee`
--
ALTER TABLE `sms_student_tuition_fee`
  ADD PRIMARY KEY (`id`);

--
-- Indexes for table `sms_student_tuition_fee_payment`
--
ALTER TABLE `sms_student_tuition_fee_payment`
  ADD PRIMARY KEY (`id`);

--
-- Indexes for table `sms_student_tuition_fee_payment_details`
--
ALTER TABLE `sms_student_tuition_fee_payment_details`
  ADD PRIMARY KEY (`id`);

--
-- Indexes for table `sms_student_tuition_fee_payment_temp`
--
ALTER TABLE `sms_student_tuition_fee_payment_temp`
  ADD PRIMARY KEY (`id`);

--
-- Indexes for table `sms_student_tution_fee_payment_message`
--
ALTER TABLE `sms_student_tution_fee_payment_message`
  ADD PRIMARY KEY (`id`);

--
-- Indexes for table `sms_student_type`
--
ALTER TABLE `sms_student_type`
  ADD PRIMARY KEY (`id`);

--
-- Indexes for table `sms_student_type_tuition_fee`
--
ALTER TABLE `sms_student_type_tuition_fee`
  ADD PRIMARY KEY (`id`);

--
-- Indexes for table `sms_student_type_tuition_fee_trail`
--
ALTER TABLE `sms_student_type_tuition_fee_trail`
  ADD PRIMARY KEY (`id`);

--
-- Indexes for table `sms_subject`
--
ALTER TABLE `sms_subject`
  ADD PRIMARY KEY (`id`);

--
-- Indexes for table `sms_sylabus`
--
ALTER TABLE `sms_sylabus`
  ADD PRIMARY KEY (`id`);

--
-- Indexes for table `sms_sylabus_course_attribute`
--
ALTER TABLE `sms_sylabus_course_attribute`
  ADD PRIMARY KEY (`id`);

--
-- Indexes for table `sms_sylabus_course_type`
--
ALTER TABLE `sms_sylabus_course_type`
  ADD PRIMARY KEY (`id`);

--
-- Indexes for table `sms_sylabus_evaluation_type`
--
ALTER TABLE `sms_sylabus_evaluation_type`
  ADD PRIMARY KEY (`id`);

--
-- Indexes for table `sms_sylabus_exam_type`
--
ALTER TABLE `sms_sylabus_exam_type`
  ADD PRIMARY KEY (`id`);

--
-- Indexes for table `sms_sylabus_exam_type_course`
--
ALTER TABLE `sms_sylabus_exam_type_course`
  ADD PRIMARY KEY (`id`);

--
-- Indexes for table `sms_sylabus_exam_type_course_evaluation`
--
ALTER TABLE `sms_sylabus_exam_type_course_evaluation`
  ADD PRIMARY KEY (`id`);

--
-- Indexes for table `sms_teacher`
--
ALTER TABLE `sms_teacher`
  ADD PRIMARY KEY (`id`);

--
-- Indexes for table `sms_teacher_message_sent_list`
--
ALTER TABLE `sms_teacher_message_sent_list`
  ADD PRIMARY KEY (`id`);

--
-- Indexes for table `sms_thana`
--
ALTER TABLE `sms_thana`
  ADD PRIMARY KEY (`id`),
  ADD KEY `district_id_idx` (`district_id`);

--
-- Indexes for table `sms_tuition_fee`
--
ALTER TABLE `sms_tuition_fee`
  ADD PRIMARY KEY (`id`);

--
-- Indexes for table `sms_tuition_fee_head`
--
ALTER TABLE `sms_tuition_fee_head`
  ADD PRIMARY KEY (`id`);

--
-- Indexes for table `sms_upload_syllabus`
--
ALTER TABLE `sms_upload_syllabus`
  ADD PRIMARY KEY (`id`);

--
-- Indexes for table `sms_user`
--
ALTER TABLE `sms_user`
  ADD PRIMARY KEY (`id`);

--
-- Indexes for table `sms_user_group`
--
ALTER TABLE `sms_user_group`
  ADD PRIMARY KEY (`id`),
  ADD KEY `district_id_idx` (`description`);

--
-- Indexes for table `sms_user_group_menu`
--
ALTER TABLE `sms_user_group_menu`
  ADD PRIMARY KEY (`id`),
  ADD KEY `district_id_idx` (`menu_id`);

--
-- Indexes for table `sms_version_list`
--
ALTER TABLE `sms_version_list`
  ADD PRIMARY KEY (`id`);

--
-- AUTO_INCREMENT for dumped tables
--

--
-- AUTO_INCREMENT for table `sms_address`
--
ALTER TABLE `sms_address`
  MODIFY `id` int(11) NOT NULL AUTO_INCREMENT,AUTO_INCREMENT=1681;
--
-- AUTO_INCREMENT for table `sms_admission`
--
ALTER TABLE `sms_admission`
  MODIFY `id` bigint(20) unsigned NOT NULL AUTO_INCREMENT,AUTO_INCREMENT=2;
--
-- AUTO_INCREMENT for table `sms_admission_course`
--
ALTER TABLE `sms_admission_course`
  MODIFY `id` bigint(20) unsigned NOT NULL AUTO_INCREMENT,AUTO_INCREMENT=14;
--
-- AUTO_INCREMENT for table `sms_admission_tuition_fee`
--
ALTER TABLE `sms_admission_tuition_fee`
  MODIFY `id` bigint(20) unsigned NOT NULL AUTO_INCREMENT;
--
-- AUTO_INCREMENT for table `sms_blood_group`
--
ALTER TABLE `sms_blood_group`
  MODIFY `id` tinyint(2) NOT NULL AUTO_INCREMENT,AUTO_INCREMENT=9;
--
-- AUTO_INCREMENT for table `sms_book`
--
ALTER TABLE `sms_book`
  MODIFY `id` bigint(20) unsigned NOT NULL AUTO_INCREMENT;
--
-- AUTO_INCREMENT for table `sms_bulk_sms`
--
ALTER TABLE `sms_bulk_sms`
  MODIFY `id` int(11) NOT NULL AUTO_INCREMENT;
--
-- AUTO_INCREMENT for table `sms_class`
--
ALTER TABLE `sms_class`
  MODIFY `id` tinyint(3) unsigned NOT NULL AUTO_INCREMENT,AUTO_INCREMENT=11;
--
-- AUTO_INCREMENT for table `sms_class_book`
--
ALTER TABLE `sms_class_book`
  MODIFY `id` bigint(20) unsigned NOT NULL AUTO_INCREMENT;
--
-- AUTO_INCREMENT for table `sms_class_day`
--
ALTER TABLE `sms_class_day`
  MODIFY `id` tinyint(2) NOT NULL AUTO_INCREMENT,AUTO_INCREMENT=8;
--
-- AUTO_INCREMENT for table `sms_class_routine`
--
ALTER TABLE `sms_class_routine`
  MODIFY `id` int(11) NOT NULL AUTO_INCREMENT,AUTO_INCREMENT=2;
--
-- AUTO_INCREMENT for table `sms_class_time`
--
ALTER TABLE `sms_class_time`
  MODIFY `id` tinyint(3) NOT NULL AUTO_INCREMENT;
--
-- AUTO_INCREMENT for table `sms_class_tuition_fee`
--
ALTER TABLE `sms_class_tuition_fee`
  MODIFY `id` bigint(20) unsigned NOT NULL AUTO_INCREMENT;
--
-- AUTO_INCREMENT for table `sms_class_tuition_fee_trail`
--
ALTER TABLE `sms_class_tuition_fee_trail`
  MODIFY `id` bigint(20) unsigned NOT NULL AUTO_INCREMENT;
--
-- AUTO_INCREMENT for table `sms_comment`
--
ALTER TABLE `sms_comment`
  MODIFY `id` int(11) NOT NULL AUTO_INCREMENT,AUTO_INCREMENT=2;
--
-- AUTO_INCREMENT for table `sms_configuration`
--
ALTER TABLE `sms_configuration`
  MODIFY `id` bigint(20) unsigned NOT NULL AUTO_INCREMENT;
--
-- AUTO_INCREMENT for table `sms_course`
--
ALTER TABLE `sms_course`
  MODIFY `id` bigint(20) unsigned NOT NULL AUTO_INCREMENT,AUTO_INCREMENT=96;
--
-- AUTO_INCREMENT for table `sms_course_attribute`
--
ALTER TABLE `sms_course_attribute`
  MODIFY `id` bigint(20) unsigned NOT NULL AUTO_INCREMENT,AUTO_INCREMENT=2;
--
-- AUTO_INCREMENT for table `sms_course_book`
--
ALTER TABLE `sms_course_book`
  MODIFY `id` bigint(20) unsigned NOT NULL AUTO_INCREMENT,AUTO_INCREMENT=165;
--
-- AUTO_INCREMENT for table `sms_course_course_attribute`
--
ALTER TABLE `sms_course_course_attribute`
  MODIFY `id` bigint(20) unsigned NOT NULL AUTO_INCREMENT;
--
-- AUTO_INCREMENT for table `sms_course_sylabus_evaluation_type`
--
ALTER TABLE `sms_course_sylabus_evaluation_type`
  MODIFY `id` bigint(20) unsigned NOT NULL AUTO_INCREMENT,AUTO_INCREMENT=281;
--
-- AUTO_INCREMENT for table `sms_course_title`
--
ALTER TABLE `sms_course_title`
  MODIFY `id` tinyint(3) unsigned NOT NULL AUTO_INCREMENT,AUTO_INCREMENT=102;
--
-- AUTO_INCREMENT for table `sms_course_type`
--
ALTER TABLE `sms_course_type`
  MODIFY `id` bigint(20) unsigned NOT NULL AUTO_INCREMENT,AUTO_INCREMENT=5;
--
-- AUTO_INCREMENT for table `sms_course_type_course_attribute`
--
ALTER TABLE `sms_course_type_course_attribute`
  MODIFY `id` bigint(20) unsigned NOT NULL AUTO_INCREMENT;
--
-- AUTO_INCREMENT for table `sms_designation`
--
ALTER TABLE `sms_designation`
  MODIFY `id` int(4) NOT NULL AUTO_INCREMENT,AUTO_INCREMENT=36;
--
-- AUTO_INCREMENT for table `sms_district`
--
ALTER TABLE `sms_district`
  MODIFY `id` tinyint(3) unsigned NOT NULL AUTO_INCREMENT,AUTO_INCREMENT=65;
--
-- AUTO_INCREMENT for table `sms_evaluation_rule`
--
ALTER TABLE `sms_evaluation_rule`
  MODIFY `id` bigint(20) unsigned NOT NULL AUTO_INCREMENT;
--
-- AUTO_INCREMENT for table `sms_evaluation_type`
--
ALTER TABLE `sms_evaluation_type`
  MODIFY `id` bigint(20) unsigned NOT NULL AUTO_INCREMENT,AUTO_INCREMENT=5;
--
-- AUTO_INCREMENT for table `sms_exam`
--
ALTER TABLE `sms_exam`
  MODIFY `id` bigint(20) unsigned NOT NULL AUTO_INCREMENT,AUTO_INCREMENT=2;
--
-- AUTO_INCREMENT for table `sms_exam_class_test`
--
ALTER TABLE `sms_exam_class_test`
  MODIFY `id` bigint(20) unsigned NOT NULL AUTO_INCREMENT;
--
-- AUTO_INCREMENT for table `sms_exam_course_result`
--
ALTER TABLE `sms_exam_course_result`
  MODIFY `id` bigint(20) unsigned NOT NULL AUTO_INCREMENT,AUTO_INCREMENT=158;
--
-- AUTO_INCREMENT for table `sms_exam_registration`
--
ALTER TABLE `sms_exam_registration`
  MODIFY `id` bigint(20) unsigned NOT NULL AUTO_INCREMENT,AUTO_INCREMENT=2;
--
-- AUTO_INCREMENT for table `sms_exam_result`
--
ALTER TABLE `sms_exam_result`
  MODIFY `id` bigint(20) unsigned NOT NULL AUTO_INCREMENT,AUTO_INCREMENT=2;
--
-- AUTO_INCREMENT for table `sms_exam_result_details`
--
ALTER TABLE `sms_exam_result_details`
  MODIFY `id` bigint(20) unsigned NOT NULL AUTO_INCREMENT,AUTO_INCREMENT=40;
--
-- AUTO_INCREMENT for table `sms_exam_sylabus`
--
ALTER TABLE `sms_exam_sylabus`
  MODIFY `id` bigint(20) unsigned NOT NULL AUTO_INCREMENT,AUTO_INCREMENT=18;
--
-- AUTO_INCREMENT for table `sms_fund_list`
--
ALTER TABLE `sms_fund_list`
  MODIFY `id` tinyint(2) NOT NULL AUTO_INCREMENT;
--
-- AUTO_INCREMENT for table `sms_guardian`
--
ALTER TABLE `sms_guardian`
  MODIFY `id` bigint(20) unsigned NOT NULL AUTO_INCREMENT,AUTO_INCREMENT=3;
--
-- AUTO_INCREMENT for table `sms_house`
--
ALTER TABLE `sms_house`
  MODIFY `id` tinyint(3) NOT NULL AUTO_INCREMENT;
--
-- AUTO_INCREMENT for table `sms_letter_template`
--
ALTER TABLE `sms_letter_template`
  MODIFY `id` bigint(20) unsigned NOT NULL AUTO_INCREMENT;
--
-- AUTO_INCREMENT for table `sms_lookup`
--
ALTER TABLE `sms_lookup`
  MODIFY `id` bigint(20) unsigned NOT NULL AUTO_INCREMENT,AUTO_INCREMENT=36;
--
-- AUTO_INCREMENT for table `sms_lookup_type`
--
ALTER TABLE `sms_lookup_type`
  MODIFY `id` bigint(20) unsigned NOT NULL AUTO_INCREMENT,AUTO_INCREMENT=10;
--
-- AUTO_INCREMENT for table `sms_menu`
--
ALTER TABLE `sms_menu`
  MODIFY `id` int(10) unsigned NOT NULL AUTO_INCREMENT,AUTO_INCREMENT=128;
--
-- AUTO_INCREMENT for table `sms_message_notification`
--
ALTER TABLE `sms_message_notification`
  MODIFY `id` int(11) NOT NULL AUTO_INCREMENT;
--
-- AUTO_INCREMENT for table `sms_message_sent_list`
--
ALTER TABLE `sms_message_sent_list`
  MODIFY `id` int(11) NOT NULL AUTO_INCREMENT;
--
-- AUTO_INCREMENT for table `sms_nationality`
--
ALTER TABLE `sms_nationality`
  MODIFY `id` tinyint(3) unsigned NOT NULL AUTO_INCREMENT,AUTO_INCREMENT=5;
--
-- AUTO_INCREMENT for table `sms_note_book`
--
ALTER TABLE `sms_note_book`
  MODIFY `id` int(11) NOT NULL AUTO_INCREMENT;
--
-- AUTO_INCREMENT for table `sms_notice_board`
--
ALTER TABLE `sms_notice_board`
  MODIFY `id` int(11) NOT NULL AUTO_INCREMENT;
--
-- AUTO_INCREMENT for table `sms_occupation`
--
ALTER TABLE `sms_occupation`
  MODIFY `id` int(10) unsigned NOT NULL AUTO_INCREMENT,AUTO_INCREMENT=15;
--
-- AUTO_INCREMENT for table `sms_personal_details`
--
ALTER TABLE `sms_personal_details`
  MODIFY `id` bigint(20) unsigned NOT NULL AUTO_INCREMENT,AUTO_INCREMENT=2;
--
-- AUTO_INCREMENT for table `sms_post_office`
--
ALTER TABLE `sms_post_office`
  MODIFY `id` mediumint(8) unsigned NOT NULL AUTO_INCREMENT,AUTO_INCREMENT=8097;
--
-- AUTO_INCREMENT for table `sms_relationship`
--
ALTER TABLE `sms_relationship`
  MODIFY `id` tinyint(3) unsigned NOT NULL AUTO_INCREMENT,AUTO_INCREMENT=31;
--
-- AUTO_INCREMENT for table `sms_religion`
--
ALTER TABLE `sms_religion`
  MODIFY `id` tinyint(20) unsigned NOT NULL AUTO_INCREMENT,AUTO_INCREMENT=6;
--
-- AUTO_INCREMENT for table `sms_religion_caste`
--
ALTER TABLE `sms_religion_caste`
  MODIFY `id` smallint(5) unsigned NOT NULL AUTO_INCREMENT,AUTO_INCREMENT=10;
--
-- AUTO_INCREMENT for table `sms_result_scale`
--
ALTER TABLE `sms_result_scale`
  MODIFY `id` int(10) unsigned NOT NULL AUTO_INCREMENT,AUTO_INCREMENT=6;
--
-- AUTO_INCREMENT for table `sms_scale_matrix`
--
ALTER TABLE `sms_scale_matrix`
  MODIFY `id` int(10) unsigned NOT NULL AUTO_INCREMENT,AUTO_INCREMENT=24;
--
-- AUTO_INCREMENT for table `sms_school`
--
ALTER TABLE `sms_school`
  MODIFY `id` bigint(20) unsigned NOT NULL AUTO_INCREMENT,AUTO_INCREMENT=2;
--
-- AUTO_INCREMENT for table `sms_section`
--
ALTER TABLE `sms_section`
  MODIFY `id` smallint(10) unsigned NOT NULL AUTO_INCREMENT,AUTO_INCREMENT=37;
--
-- AUTO_INCREMENT for table `sms_section_tuition_fee`
--
ALTER TABLE `sms_section_tuition_fee`
  MODIFY `id` bigint(20) unsigned NOT NULL AUTO_INCREMENT;
--
-- AUTO_INCREMENT for table `sms_section_tuition_fee_trail`
--
ALTER TABLE `sms_section_tuition_fee_trail`
  MODIFY `id` bigint(20) unsigned NOT NULL AUTO_INCREMENT;
--
-- AUTO_INCREMENT for table `sms_status`
--
ALTER TABLE `sms_status`
  MODIFY `id` tinyint(3) unsigned NOT NULL AUTO_INCREMENT,AUTO_INCREMENT=6;
--
-- AUTO_INCREMENT for table `sms_student`
--
ALTER TABLE `sms_student`
  MODIFY `id` bigint(20) unsigned NOT NULL AUTO_INCREMENT,AUTO_INCREMENT=2;
--
-- AUTO_INCREMENT for table `sms_student_address`
--
ALTER TABLE `sms_student_address`
  MODIFY `id` bigint(20) unsigned NOT NULL AUTO_INCREMENT,AUTO_INCREMENT=1681;
--
-- AUTO_INCREMENT for table `sms_student_attendance`
--
ALTER TABLE `sms_student_attendance`
  MODIFY `id` bigint(20) unsigned NOT NULL AUTO_INCREMENT,AUTO_INCREMENT=2;
--
-- AUTO_INCREMENT for table `sms_student_extra_facility_list`
--
ALTER TABLE `sms_student_extra_facility_list`
  MODIFY `id` tinyint(2) NOT NULL AUTO_INCREMENT,AUTO_INCREMENT=4;
--
-- AUTO_INCREMENT for table `sms_student_guardian`
--
ALTER TABLE `sms_student_guardian`
  MODIFY `id` bigint(20) unsigned NOT NULL AUTO_INCREMENT,AUTO_INCREMENT=3;
--
-- AUTO_INCREMENT for table `sms_student_house`
--
ALTER TABLE `sms_student_house`
  MODIFY `id` int(11) NOT NULL AUTO_INCREMENT,AUTO_INCREMENT=1203;
--
-- AUTO_INCREMENT for table `sms_student_payment_transection`
--
ALTER TABLE `sms_student_payment_transection`
  MODIFY `id` bigint(20) unsigned NOT NULL AUTO_INCREMENT;
--
-- AUTO_INCREMENT for table `sms_student_personal_details`
--
ALTER TABLE `sms_student_personal_details`
  MODIFY `id` bigint(20) unsigned NOT NULL AUTO_INCREMENT;
--
-- AUTO_INCREMENT for table `sms_student_photo`
--
ALTER TABLE `sms_student_photo`
  MODIFY `id` bigint(20) unsigned NOT NULL AUTO_INCREMENT,AUTO_INCREMENT=2;
--
-- AUTO_INCREMENT for table `sms_student_status`
--
ALTER TABLE `sms_student_status`
  MODIFY `id` smallint(5) unsigned NOT NULL AUTO_INCREMENT,AUTO_INCREMENT=2045;
--
-- AUTO_INCREMENT for table `sms_student_transfer`
--
ALTER TABLE `sms_student_transfer`
  MODIFY `id` bigint(20) unsigned NOT NULL AUTO_INCREMENT;
--
-- AUTO_INCREMENT for table `sms_student_tuition_fee`
--
ALTER TABLE `sms_student_tuition_fee`
  MODIFY `id` bigint(20) unsigned NOT NULL AUTO_INCREMENT;
--
-- AUTO_INCREMENT for table `sms_student_tuition_fee_payment`
--
ALTER TABLE `sms_student_tuition_fee_payment`
  MODIFY `id` bigint(20) unsigned NOT NULL AUTO_INCREMENT;
--
-- AUTO_INCREMENT for table `sms_student_tuition_fee_payment_details`
--
ALTER TABLE `sms_student_tuition_fee_payment_details`
  MODIFY `id` bigint(20) unsigned NOT NULL AUTO_INCREMENT;
--
-- AUTO_INCREMENT for table `sms_student_tuition_fee_payment_temp`
--
ALTER TABLE `sms_student_tuition_fee_payment_temp`
  MODIFY `id` int(11) NOT NULL AUTO_INCREMENT;
--
-- AUTO_INCREMENT for table `sms_student_tution_fee_payment_message`
--
ALTER TABLE `sms_student_tution_fee_payment_message`
  MODIFY `id` int(11) NOT NULL AUTO_INCREMENT;
--
-- AUTO_INCREMENT for table `sms_student_type`
--
ALTER TABLE `sms_student_type`
  MODIFY `id` tinyint(3) NOT NULL AUTO_INCREMENT,AUTO_INCREMENT=2;
--
-- AUTO_INCREMENT for table `sms_student_type_tuition_fee`
--
ALTER TABLE `sms_student_type_tuition_fee`
  MODIFY `id` bigint(20) unsigned NOT NULL AUTO_INCREMENT;
--
-- AUTO_INCREMENT for table `sms_student_type_tuition_fee_trail`
--
ALTER TABLE `sms_student_type_tuition_fee_trail`
  MODIFY `id` bigint(20) unsigned NOT NULL AUTO_INCREMENT;
--
-- AUTO_INCREMENT for table `sms_subject`
--
ALTER TABLE `sms_subject`
  MODIFY `id` bigint(20) unsigned NOT NULL AUTO_INCREMENT,AUTO_INCREMENT=7;
--
-- AUTO_INCREMENT for table `sms_sylabus`
--
ALTER TABLE `sms_sylabus`
  MODIFY `id` int(10) unsigned NOT NULL AUTO_INCREMENT,AUTO_INCREMENT=20;
--
-- AUTO_INCREMENT for table `sms_sylabus_course_attribute`
--
ALTER TABLE `sms_sylabus_course_attribute`
  MODIFY `id` bigint(20) unsigned NOT NULL AUTO_INCREMENT,AUTO_INCREMENT=13;
--
-- AUTO_INCREMENT for table `sms_sylabus_course_type`
--
ALTER TABLE `sms_sylabus_course_type`
  MODIFY `id` bigint(20) unsigned NOT NULL AUTO_INCREMENT,AUTO_INCREMENT=17;
--
-- AUTO_INCREMENT for table `sms_sylabus_evaluation_type`
--
ALTER TABLE `sms_sylabus_evaluation_type`
  MODIFY `id` bigint(20) unsigned NOT NULL AUTO_INCREMENT,AUTO_INCREMENT=37;
--
-- AUTO_INCREMENT for table `sms_sylabus_exam_type`
--
ALTER TABLE `sms_sylabus_exam_type`
  MODIFY `id` bigint(20) unsigned NOT NULL AUTO_INCREMENT,AUTO_INCREMENT=8;
--
-- AUTO_INCREMENT for table `sms_sylabus_exam_type_course`
--
ALTER TABLE `sms_sylabus_exam_type_course`
  MODIFY `id` bigint(20) unsigned NOT NULL AUTO_INCREMENT,AUTO_INCREMENT=30;
--
-- AUTO_INCREMENT for table `sms_sylabus_exam_type_course_evaluation`
--
ALTER TABLE `sms_sylabus_exam_type_course_evaluation`
  MODIFY `id` bigint(20) unsigned NOT NULL AUTO_INCREMENT,AUTO_INCREMENT=88;
--
-- AUTO_INCREMENT for table `sms_teacher`
--
ALTER TABLE `sms_teacher`
  MODIFY `id` int(10) unsigned NOT NULL AUTO_INCREMENT,AUTO_INCREMENT=3;
--
-- AUTO_INCREMENT for table `sms_teacher_message_sent_list`
--
ALTER TABLE `sms_teacher_message_sent_list`
  MODIFY `id` int(11) NOT NULL AUTO_INCREMENT;
--
-- AUTO_INCREMENT for table `sms_thana`
--
ALTER TABLE `sms_thana`
  MODIFY `id` smallint(5) unsigned NOT NULL AUTO_INCREMENT,AUTO_INCREMENT=512;
--
-- AUTO_INCREMENT for table `sms_tuition_fee`
--
ALTER TABLE `sms_tuition_fee`
  MODIFY `id` bigint(20) unsigned NOT NULL AUTO_INCREMENT;
--
-- AUTO_INCREMENT for table `sms_tuition_fee_head`
--
ALTER TABLE `sms_tuition_fee_head`
  MODIFY `id` bigint(20) unsigned NOT NULL AUTO_INCREMENT;
--
-- AUTO_INCREMENT for table `sms_upload_syllabus`
--
ALTER TABLE `sms_upload_syllabus`
  MODIFY `id` int(11) NOT NULL AUTO_INCREMENT,AUTO_INCREMENT=2;
--
-- AUTO_INCREMENT for table `sms_user`
--
ALTER TABLE `sms_user`
  MODIFY `id` int(10) unsigned NOT NULL AUTO_INCREMENT,AUTO_INCREMENT=1252;
--
-- AUTO_INCREMENT for table `sms_user_group`
--
ALTER TABLE `sms_user_group`
  MODIFY `id` tinyint(3) unsigned NOT NULL AUTO_INCREMENT,AUTO_INCREMENT=16;
--
-- AUTO_INCREMENT for table `sms_user_group_menu`
--
ALTER TABLE `sms_user_group_menu`
  MODIFY `id` bigint(3) unsigned NOT NULL AUTO_INCREMENT,AUTO_INCREMENT=354;
--
-- AUTO_INCREMENT for table `sms_version_list`
--
ALTER TABLE `sms_version_list`
  MODIFY `id` int(2) NOT NULL AUTO_INCREMENT,AUTO_INCREMENT=4;
--
-- Constraints for dumped tables
--

--
-- Constraints for table `sms_post_office`
--
ALTER TABLE `sms_post_office`
  ADD CONSTRAINT `FK_sms_post_office_thana` FOREIGN KEY (`thana_id`) REFERENCES `sms_thana` (`id`);

--
-- Constraints for table `sms_thana`
--
ALTER TABLE `sms_thana`
  ADD CONSTRAINT `FK_sms_thana_district` FOREIGN KEY (`district_id`) REFERENCES `sms_district` (`id`);

/*!40101 SET CHARACTER_SET_CLIENT=@OLD_CHARACTER_SET_CLIENT */;
/*!40101 SET CHARACTER_SET_RESULTS=@OLD_CHARACTER_SET_RESULTS */;
/*!40101 SET COLLATION_CONNECTION=@OLD_COLLATION_CONNECTION */;
